journal,journal_id,discipline,journal_type,year,issue,issue_label,expected,exists,article_count,missing_title_count,missing_authors_count,missing_year_or_issue_count,missing_abstract_count,missing_source_url_count,issue_public_status
公共管理学报,36,公共管理,CSSCI,2004,1,2004年第1期,True,False,0,0,0,0,0,0,not_found_in_public_sources
公共管理学报,36,公共管理,CSSCI,2004,2,2004年第2期,True,True,2,0,0,0,2,0,found
公共管理学报,36,公共管理,CSSCI,2004,3,2004年第3期,True,True,2,0,0,0,2,0,found
公共管理学报,36,公共管理,CSSCI,2004,4,2004年第4期,True,False,0,0,0,0,0,0,not_found_in_public_sources
公共管理学报,36,公共管理,CSSCI,2005,1,2005年第1期,True,True,2,0,0,0,2,0,found
公共管理学报,36,公共管理,CSSCI,2005,2,2005年第2期,True,False,0,0,0,0,0,0,not_found_in_public_sources
公共管理学报,36,公共管理,CSSCI,2005,3,2005年第3期,True,True,1,0,0,0,1,0,found
公共管理学报,36,公共管理,CSSCI,2005,4,2005年第4期,True,True,1,0,0,0,1,0,found
公共管理学报,36,公共管理,CSSCI,2006,1,2006年第1期,True,True,2,0,0,0,2,0,found
公共管理学报,36,公共管理,CSSCI,2006,2,2006年第2期,True,True,1,0,0,0,1,0,found
公共管理学报,36,公共管理,CSSCI,2006,3,2006年第3期,True,True,2,0,0,0,2,0,found
公共管理学报,36,公共管理,CSSCI,2006,4,2006年第4期,True,True,2,0,0,0,2,0,found
公共管理学报,36,公共管理,CSSCI,2007,1,2007年第1期,True,True,3,0,0,0,3,0,found
公共管理学报,36,公共管理,CSSCI,2007,2,2007年第2期,True,True,6,0,0,0,6,0,found
公共管理学报,36,公共管理,CSSCI,2007,3,2007年第3期,True,True,2,0,0,0,2,0,found
公共管理学报,36,公共管理,CSSCI,2007,4,2007年第4期,True,True,2,0,0,0,2,0,found
公共管理学报,36,公共管理,CSSCI,2008,1,2008年第1期,True,True,4,0,0,0,4,0,found
公共管理学报,36,公共管理,CSSCI,2008,2,2008年第2期,True,True,3,0,0,0,3,0,found
公共管理学报,36,公共管理,CSSCI,2008,3,2008年第3期,True,True,1,0,0,0,1,0,found
公共管理学报,36,公共管理,CSSCI,2008,4,2008年第4期,True,True,4,0,0,0,4,0,found
公共管理学报,36,公共管理,CSSCI,2009,1,2009年第1期,True,True,3,0,0,0,3,0,found
公共管理学报,36,公共管理,CSSCI,2009,2,2009年第2期,True,True,1,0,0,0,1,0,found
公共管理学报,36,公共管理,CSSCI,2009,3,2009年第3期,True,True,2,0,0,0,2,0,found
公共管理学报,36,公共管理,CSSCI,2009,4,2009年第4期,True,True,2,0,0,0,2,0,found
公共管理学报,36,公共管理,CSSCI,2010,1,2010年第1期,True,True,2,0,0,0,2,0,found
公共管理学报,36,公共管理,CSSCI,2010,2,2010年第2期,True,True,1,0,0,0,1,0,found
公共管理学报,36,公共管理,CSSCI,2010,3,2010年第3期,True,True,4,0,0,0,4,0,found
公共管理学报,36,公共管理,CSSCI,2010,4,2010年第4期,True,True,3,0,0,0,3,0,found
公共管理学报,36,公共管理,CSSCI,2011,1,2011年第1期,True,True,1,0,0,0,1,0,found
公共管理学报,36,公共管理,CSSCI,2011,2,2011年第2期,True,True,1,0,0,0,1,0,found
公共管理学报,36,公共管理,CSSCI,2011,3,2011年第3期,True,True,3,0,0,0,3,0,found
公共管理学报,36,公共管理,CSSCI,2011,4,2011年第4期,True,True,5,0,0,0,5,0,found
公共管理学报,36,公共管理,CSSCI,2012,1,2012年第1期,True,True,4,0,0,0,4,0,found
公共管理学报,36,公共管理,CSSCI,2012,2,2012年第2期,True,True,3,0,0,0,3,0,found
公共管理学报,36,公共管理,CSSCI,2012,3,2012年第3期,True,True,3,0,0,0,3,0,found
公共管理学报,36,公共管理,CSSCI,2012,4,2012年第4期,True,True,3,0,0,0,3,0,found
公共管理学报,36,公共管理,CSSCI,2013,1,2013年第1期,True,True,2,0,0,0,2,0,found
公共管理学报,36,公共管理,CSSCI,2013,2,2013年第2期,True,True,3,0,0,0,3,0,found
公共管理学报,36,公共管理,CSSCI,2013,3,2013年第3期,True,True,11,0,0,0,11,0,found
公共管理学报,36,公共管理,CSSCI,2013,4,2013年第4期,True,True,4,0,0,0,4,0,found
公共管理学报,36,公共管理,CSSCI,2014,1,2014年第1期,True,True,4,0,0,0,4,0,found
公共管理学报,36,公共管理,CSSCI,2014,2,2014年第2期,True,True,2,0,0,0,2,0,found
公共管理学报,36,公共管理,CSSCI,2014,3,2014年第3期,True,True,5,0,0,0,5,0,found
公共管理学报,36,公共管理,CSSCI,2014,4,2014年第4期,True,True,3,0,0,0,3,0,found
公共管理学报,36,公共管理,CSSCI,2015,1,2015年第1期,True,True,6,0,0,0,6,0,found
公共管理学报,36,公共管理,CSSCI,2015,2,2015年第2期,True,False,0,0,0,0,0,0,not_found_in_public_sources
公共管理学报,36,公共管理,CSSCI,2015,3,2015年第3期,True,True,1,0,0,0,1,0,found
公共管理学报,36,公共管理,CSSCI,2015,4,2015年第4期,True,True,1,0,0,0,1,0,found
公共管理学报,36,公共管理,CSSCI,2016,1,2016年第1期,True,True,4,0,0,0,4,0,found
公共管理学报,36,公共管理,CSSCI,2016,2,2016年第2期,True,True,7,0,0,0,7,0,found
公共管理学报,36,公共管理,CSSCI,2016,3,2016年第3期,True,True,5,0,0,0,5,0,found
公共管理学报,36,公共管理,CSSCI,2016,4,2016年第4期,True,False,0,0,0,0,0,0,not_found_in_public_sources
公共管理学报,36,公共管理,CSSCI,2017,1,2017年第1期,True,True,1,0,0,0,1,0,found
公共管理学报,36,公共管理,CSSCI,2017,2,2017年第2期,True,True,2,0,0,0,2,0,found
公共管理学报,36,公共管理,CSSCI,2017,3,2017年第3期,True,True,1,0,0,0,1,0,found
公共管理学报,36,公共管理,CSSCI,2017,4,2017年第4期,True,False,0,0,0,0,0,0,not_found_in_public_sources
公共管理学报,36,公共管理,CSSCI,2018,1,2018年第1期,True,True,1,0,0,0,1,0,found
公共管理学报,36,公共管理,CSSCI,2018,2,2018年第2期,True,True,2,0,0,0,2,0,found
公共管理学报,36,公共管理,CSSCI,2018,3,2018年第3期,True,False,0,0,0,0,0,0,not_found_in_public_sources
公共管理学报,36,公共管理,CSSCI,2018,4,2018年第4期,True,True,2,0,0,0,2,0,found
公共管理学报,36,公共管理,CSSCI,2019,1,2019年第1期,True,True,1,0,0,0,1,0,found
公共管理学报,36,公共管理,CSSCI,2019,2,2019年第2期,True,False,0,0,0,0,0,0,not_found_in_public_sources
公共管理学报,36,公共管理,CSSCI,2019,3,2019年第3期,True,True,3,0,0,0,3,0,found
公共管理学报,36,公共管理,CSSCI,2019,4,2019年第4期,True,True,4,0,0,0,4,0,found
公共管理学报,36,公共管理,CSSCI,2020,1,2020年第1期,True,True,1,0,0,0,1,0,found
公共管理学报,36,公共管理,CSSCI,2020,2,2020年第2期,True,True,3,0,0,0,3,0,found
公共管理学报,36,公共管理,CSSCI,2020,3,2020年第3期,True,False,0,0,0,0,0,0,not_found_in_public_sources
公共管理学报,36,公共管理,CSSCI,2020,4,2020年第4期,True,False,0,0,0,0,0,0,not_found_in_public_sources
公共管理学报,36,公共管理,CSSCI,2021,1,2021年第1期,True,False,0,0,0,0,0,0,not_found_in_public_sources
公共管理学报,36,公共管理,CSSCI,2021,2,2021年第2期,True,False,0,0,0,0,0,0,not_found_in_public_sources
公共管理学报,36,公共管理,CSSCI,2021,3,2021年第3期,True,False,0,0,0,0,0,0,not_found_in_public_sources
公共管理学报,36,公共管理,CSSCI,2021,4,2021年第4期,True,False,0,0,0,0,0,0,not_found_in_public_sources
公共管理学报,36,公共管理,CSSCI,2022,1,2022年第1期,True,False,0,0,0,0,0,0,not_found_in_public_sources
公共管理学报,36,公共管理,CSSCI,2022,2,2022年第2期,True,False,0,0,0,0,0,0,not_found_in_public_sources
公共管理学报,36,公共管理,CSSCI,2022,3,2022年第3期,True,False,0,0,0,0,0,0,not_found_in_public_sources
公共管理学报,36,公共管理,CSSCI,2022,4,2022年第4期,True,False,0,0,0,0,0,0,not_found_in_public_sources
公共管理学报,36,公共管理,CSSCI,2023,1,2023年第1期,True,False,0,0,0,0,0,0,not_found_in_public_sources
公共管理学报,36,公共管理,CSSCI,2023,2,2023年第2期,True,False,0,0,0,0,0,0,not_found_in_public_sources
公共管理学报,36,公共管理,CSSCI,2023,3,2023年第3期,True,False,0,0,0,0,0,0,not_found_in_public_sources
公共管理学报,36,公共管理,CSSCI,2023,4,2023年第4期,True,False,0,0,0,0,0,0,not_found_in_public_sources
公共管理学报,36,公共管理,CSSCI,2024,1,2024年第1期,True,False,0,0,0,0,0,0,not_found_in_public_sources
公共管理学报,36,公共管理,CSSCI,2024,2,2024年第2期,True,False,0,0,0,0,0,0,not_found_in_public_sources
公共管理学报,36,公共管理,CSSCI,2024,3,2024年第3期,True,False,0,0,0,0,0,0,not_found_in_public_sources
公共管理学报,36,公共管理,CSSCI,2024,4,2024年第4期,True,False,0,0,0,0,0,0,not_found_in_public_sources
公共管理学报,36,公共管理,CSSCI,2025,1,2025年第1期,True,False,0,0,0,0,0,0,not_found_in_public_sources
公共管理学报,36,公共管理,CSSCI,2025,2,2025年第2期,True,False,0,0,0,0,0,0,not_found_in_public_sources
公共管理学报,36,公共管理,CSSCI,2025,3,2025年第3期,True,False,0,0,0,0,0,0,not_found_in_public_sources
公共管理学报,36,公共管理,CSSCI,2025,4,2025年第4期,True,False,0,0,0,0,0,0,not_found_in_public_sources
公共管理学报,36,公共管理,CSSCI,2026,,2026年,False,False,0,0,0,0,0,0,2026_no_public_issue_found
中共中央党校（国家行政学院）学报,53,公共管理,CSSCI,2010,1,2010年第1期,True,True,19,0,0,0,0,0,found
中共中央党校（国家行政学院）学报,53,公共管理,CSSCI,2010,2,2010年第2期,True,True,23,0,0,0,0,0,found
中共中央党校（国家行政学院）学报,53,公共管理,CSSCI,2010,3,2010年第3期,True,True,26,0,0,0,0,0,found
中共中央党校（国家行政学院）学报,53,公共管理,CSSCI,2010,4,2010年第4期,True,True,25,0,0,0,0,0,found
中共中央党校（国家行政学院）学报,53,公共管理,CSSCI,2010,5,2010年第5期,True,True,26,0,2,0,0,0,found
中共中央党校（国家行政学院）学报,53,公共管理,CSSCI,2010,6,2010年第6期,True,True,28,0,0,0,0,0,found
中共中央党校（国家行政学院）学报,53,公共管理,CSSCI,2011,1,2011年第1期,True,True,27,0,0,0,0,0,found
中共中央党校（国家行政学院）学报,53,公共管理,CSSCI,2011,2,2011年第2期,True,True,24,0,0,0,0,0,found
中共中央党校（国家行政学院）学报,53,公共管理,CSSCI,2011,3,2011年第3期,True,True,27,0,1,0,0,0,found
中共中央党校（国家行政学院）学报,53,公共管理,CSSCI,2011,4,2011年第4期,True,True,27,0,0,0,0,0,found
中共中央党校（国家行政学院）学报,53,公共管理,CSSCI,2011,5,2011年第5期,True,True,25,0,0,0,0,0,found
中共中央党校（国家行政学院）学报,53,公共管理,CSSCI,2011,6,2011年第6期,True,True,26,0,1,0,0,0,found
中共中央党校（国家行政学院）学报,53,公共管理,CSSCI,2012,1,2012年第1期,True,True,25,0,0,0,0,0,found
中共中央党校（国家行政学院）学报,53,公共管理,CSSCI,2012,2,2012年第2期,True,True,24,0,0,0,0,0,found
中共中央党校（国家行政学院）学报,53,公共管理,CSSCI,2012,3,2012年第3期,True,True,27,0,0,0,0,0,found
中共中央党校（国家行政学院）学报,53,公共管理,CSSCI,2012,4,2012年第4期,True,True,25,0,0,0,0,0,found
中共中央党校（国家行政学院）学报,53,公共管理,CSSCI,2012,5,2012年第5期,True,True,25,0,0,0,0,0,found
中共中央党校（国家行政学院）学报,53,公共管理,CSSCI,2012,6,2012年第6期,True,True,24,0,0,0,0,0,found
中共中央党校（国家行政学院）学报,53,公共管理,CSSCI,2013,1,2013年第1期,True,True,22,0,0,0,0,0,found
中共中央党校（国家行政学院）学报,53,公共管理,CSSCI,2013,2,2013年第2期,True,True,23,0,0,0,0,0,found
中共中央党校（国家行政学院）学报,53,公共管理,CSSCI,2013,3,2013年第3期,True,True,25,0,0,0,0,0,found
中共中央党校（国家行政学院）学报,53,公共管理,CSSCI,2013,4,2013年第4期,True,True,22,0,0,0,0,0,found
中共中央党校（国家行政学院）学报,53,公共管理,CSSCI,2013,5,2013年第5期,True,True,23,0,0,0,0,0,found
中共中央党校（国家行政学院）学报,53,公共管理,CSSCI,2013,6,2013年第6期,True,True,22,0,0,0,0,0,found
中共中央党校（国家行政学院）学报,53,公共管理,CSSCI,2014,1,2014年第1期,True,True,21,0,0,0,0,0,found
中共中央党校（国家行政学院）学报,53,公共管理,CSSCI,2014,2,2014年第2期,True,True,22,0,0,0,0,0,found
中共中央党校（国家行政学院）学报,53,公共管理,CSSCI,2014,3,2014年第3期,True,True,21,0,0,0,0,0,found
中共中央党校（国家行政学院）学报,53,公共管理,CSSCI,2014,4,2014年第4期,True,True,20,0,0,0,0,0,found
中共中央党校（国家行政学院）学报,53,公共管理,CSSCI,2014,5,2014年第5期,True,True,22,0,0,0,0,0,found
中共中央党校（国家行政学院）学报,53,公共管理,CSSCI,2014,6,2014年第6期,True,True,21,0,0,0,0,0,found
中共中央党校（国家行政学院）学报,53,公共管理,CSSCI,2015,1,2015年第1期,True,True,19,0,0,0,0,0,found
中共中央党校（国家行政学院）学报,53,公共管理,CSSCI,2015,2,2015年第2期,True,True,17,0,0,0,0,0,found
中共中央党校（国家行政学院）学报,53,公共管理,CSSCI,2015,3,2015年第3期,True,True,18,0,0,0,0,0,found
中共中央党校（国家行政学院）学报,53,公共管理,CSSCI,2015,4,2015年第4期,True,True,16,0,0,0,0,0,found
中共中央党校（国家行政学院）学报,53,公共管理,CSSCI,2015,5,2015年第5期,True,True,15,0,0,0,0,0,found
中共中央党校（国家行政学院）学报,53,公共管理,CSSCI,2015,6,2015年第6期,True,True,15,0,0,0,0,0,found
中共中央党校（国家行政学院）学报,53,公共管理,CSSCI,2016,1,2016年第1期,True,True,13,0,0,0,0,0,found
中共中央党校（国家行政学院）学报,53,公共管理,CSSCI,2016,2,2016年第2期,True,True,14,0,0,0,0,0,found
中共中央党校（国家行政学院）学报,53,公共管理,CSSCI,2016,3,2016年第3期,True,True,15,0,0,0,0,0,found
中共中央党校（国家行政学院）学报,53,公共管理,CSSCI,2016,4,2016年第4期,True,True,12,0,0,0,0,0,found
中共中央党校（国家行政学院）学报,53,公共管理,CSSCI,2016,5,2016年第5期,True,True,14,0,0,0,0,0,found
中共中央党校（国家行政学院）学报,53,公共管理,CSSCI,2016,6,2016年第6期,True,True,13,0,0,0,0,0,found
中共中央党校（国家行政学院）学报,53,公共管理,CSSCI,2017,1,2017年第1期,True,True,15,0,0,0,0,0,found
中共中央党校（国家行政学院）学报,53,公共管理,CSSCI,2017,2,2017年第2期,True,True,15,0,1,0,0,0,found
中共中央党校（国家行政学院）学报,53,公共管理,CSSCI,2017,3,2017年第3期,True,True,15,0,1,0,0,0,found
中共中央党校（国家行政学院）学报,53,公共管理,CSSCI,2017,4,2017年第4期,True,True,14,0,0,0,0,0,found
中共中央党校（国家行政学院）学报,53,公共管理,CSSCI,2017,5,2017年第5期,True,True,13,0,0,0,0,0,found
中共中央党校（国家行政学院）学报,53,公共管理,CSSCI,2017,6,2017年第6期,True,True,13,0,0,0,0,0,found
中共中央党校（国家行政学院）学报,53,公共管理,CSSCI,2018,1,2018年第1期,True,True,16,0,0,0,0,0,found
中共中央党校（国家行政学院）学报,53,公共管理,CSSCI,2018,2,2018年第2期,True,True,15,0,0,0,0,0,found
中共中央党校（国家行政学院）学报,53,公共管理,CSSCI,2018,3,2018年第3期,True,True,16,0,0,0,0,0,found
中共中央党校（国家行政学院）学报,53,公共管理,CSSCI,2018,4,2018年第4期,True,True,14,0,0,0,0,0,found
中共中央党校（国家行政学院）学报,53,公共管理,CSSCI,2018,5,2018年第5期,True,True,15,0,0,0,0,0,found
中共中央党校（国家行政学院）学报,53,公共管理,CSSCI,2018,6,2018年第6期,True,True,15,0,0,0,0,0,found
中共中央党校（国家行政学院）学报,53,公共管理,CSSCI,2019,1,2019年第1期,True,True,17,0,0,0,0,0,found
中共中央党校（国家行政学院）学报,53,公共管理,CSSCI,2019,2,2019年第2期,True,True,17,0,1,0,0,0,found
中共中央党校（国家行政学院）学报,53,公共管理,CSSCI,2019,3,2019年第3期,True,True,16,0,0,0,0,0,found
中共中央党校（国家行政学院）学报,53,公共管理,CSSCI,2019,4,2019年第4期,True,True,18,0,0,0,0,0,found
中共中央党校（国家行政学院）学报,53,公共管理,CSSCI,2019,5,2019年第5期,True,True,16,0,0,0,0,0,found
中共中央党校（国家行政学院）学报,53,公共管理,CSSCI,2019,6,2019年第6期,True,True,16,0,1,0,1,0,found
中共中央党校（国家行政学院）学报,53,公共管理,CSSCI,2020,1,2020年第1期,True,True,16,0,0,0,0,0,found
中共中央党校（国家行政学院）学报,53,公共管理,CSSCI,2020,2,2020年第2期,True,True,15,0,0,0,0,0,found
中共中央党校（国家行政学院）学报,53,公共管理,CSSCI,2020,3,2020年第3期,True,True,18,0,0,0,0,0,found
中共中央党校（国家行政学院）学报,53,公共管理,CSSCI,2020,4,2020年第4期,True,True,15,0,0,0,0,0,found
中共中央党校（国家行政学院）学报,53,公共管理,CSSCI,2020,5,2020年第5期,True,True,17,0,1,0,1,0,found
中共中央党校（国家行政学院）学报,53,公共管理,CSSCI,2020,6,2020年第6期,True,True,17,0,1,0,1,0,found
中共中央党校（国家行政学院）学报,53,公共管理,CSSCI,2021,1,2021年第1期,True,True,14,0,0,0,0,0,found
中共中央党校（国家行政学院）学报,53,公共管理,CSSCI,2021,2,2021年第2期,True,True,13,0,0,0,0,0,found
中共中央党校（国家行政学院）学报,53,公共管理,CSSCI,2021,3,2021年第3期,True,True,15,0,0,0,0,0,found
中共中央党校（国家行政学院）学报,53,公共管理,CSSCI,2021,4,2021年第4期,True,True,15,0,0,0,0,0,found
中共中央党校（国家行政学院）学报,53,公共管理,CSSCI,2021,5,2021年第5期,True,True,15,0,0,0,0,0,found
中共中央党校（国家行政学院）学报,53,公共管理,CSSCI,2021,6,2021年第6期,True,True,17,0,0,0,1,0,found
中共中央党校（国家行政学院）学报,53,公共管理,CSSCI,2022,1,2022年第1期,True,True,16,0,0,0,0,0,found
中共中央党校（国家行政学院）学报,53,公共管理,CSSCI,2022,2,2022年第2期,True,True,15,0,0,0,0,0,found
中共中央党校（国家行政学院）学报,53,公共管理,CSSCI,2022,3,2022年第3期,True,True,16,0,0,0,0,0,found
中共中央党校（国家行政学院）学报,53,公共管理,CSSCI,2022,4,2022年第4期,True,True,17,0,0,0,0,0,found
中共中央党校（国家行政学院）学报,53,公共管理,CSSCI,2022,5,2022年第5期,True,True,15,0,0,0,0,0,found
中共中央党校（国家行政学院）学报,53,公共管理,CSSCI,2022,6,2022年第6期,True,True,16,0,1,0,1,0,found
中共中央党校（国家行政学院）学报,53,公共管理,CSSCI,2023,1,2023年第1期,True,True,15,0,0,0,0,0,found
中共中央党校（国家行政学院）学报,53,公共管理,CSSCI,2023,2,2023年第2期,True,True,14,0,0,0,0,0,found
中共中央党校（国家行政学院）学报,53,公共管理,CSSCI,2023,3,2023年第3期,True,True,13,0,0,0,0,0,found
中共中央党校（国家行政学院）学报,53,公共管理,CSSCI,2023,4,2023年第4期,True,True,14,0,0,0,0,0,found
中共中央党校（国家行政学院）学报,53,公共管理,CSSCI,2023,5,2023年第5期,True,True,12,0,0,0,0,0,found
中共中央党校（国家行政学院）学报,53,公共管理,CSSCI,2023,6,2023年第6期,True,True,14,0,1,0,1,0,found
中共中央党校（国家行政学院）学报,53,公共管理,CSSCI,2024,1,2024年第1期,True,True,13,0,0,0,0,0,found
中共中央党校（国家行政学院）学报,53,公共管理,CSSCI,2024,2,2024年第2期,True,True,13,0,0,0,0,0,found
中共中央党校（国家行政学院）学报,53,公共管理,CSSCI,2024,3,2024年第3期,True,True,12,0,0,0,0,0,found
中共中央党校（国家行政学院）学报,53,公共管理,CSSCI,2024,4,2024年第4期,True,True,13,0,0,0,0,0,found
中共中央党校（国家行政学院）学报,53,公共管理,CSSCI,2024,5,2024年第5期,True,True,12,0,0,0,0,0,found
中共中央党校（国家行政学院）学报,53,公共管理,CSSCI,2024,6,2024年第6期,True,True,13,0,1,0,1,0,found
中共中央党校（国家行政学院）学报,53,公共管理,CSSCI,2025,1,2025年第1期,True,True,13,0,0,0,0,0,found
中共中央党校（国家行政学院）学报,53,公共管理,CSSCI,2025,2,2025年第2期,True,True,13,0,0,0,0,0,found
中共中央党校（国家行政学院）学报,53,公共管理,CSSCI,2025,3,2025年第3期,True,True,13,0,0,0,0,0,found
中共中央党校（国家行政学院）学报,53,公共管理,CSSCI,2025,4,2025年第4期,True,True,14,0,0,0,0,0,found
中共中央党校（国家行政学院）学报,53,公共管理,CSSCI,2025,5,2025年第5期,True,True,14,0,0,0,0,0,found
中共中央党校（国家行政学院）学报,53,公共管理,CSSCI,2025,6,2025年第6期,True,True,14,0,1,0,1,0,found
政治学研究,149,政治学,CSSCI,1985,1,1985年第1期,True,True,21,0,2,0,0,0,found
政治学研究,149,政治学,CSSCI,1985,2,1985年第2期,True,True,22,0,0,0,0,0,found
政治学研究,149,政治学,CSSCI,1985,3,1985年第3期,True,True,23,0,2,0,0,0,found
政治学研究,149,政治学,CSSCI,1985,4,1985年第4期,True,True,17,0,2,0,0,0,found
政治学研究,149,政治学,CSSCI,1986,1,1986年第1期,True,True,27,0,1,0,0,0,found
政治学研究,149,政治学,CSSCI,1986,2,1986年第2期,True,True,21,0,1,0,0,0,found
政治学研究,149,政治学,CSSCI,1986,3,1986年第3期,True,True,23,0,1,0,0,0,found
政治学研究,149,政治学,CSSCI,1986,4,1986年第4期,True,True,21,0,1,0,0,0,found
政治学研究,149,政治学,CSSCI,1986,5,1986年第5期,True,True,22,0,2,0,0,0,found
政治学研究,149,政治学,CSSCI,1986,6,1986年第6期,True,True,22,0,1,0,1,0,found
政治学研究,149,政治学,CSSCI,1987,1,1987年第1期,True,True,18,0,0,0,0,0,found
政治学研究,149,政治学,CSSCI,1987,2,1987年第2期,True,True,18,0,0,0,0,0,found
政治学研究,149,政治学,CSSCI,1987,3,1987年第3期,True,True,15,0,0,0,0,0,found
政治学研究,149,政治学,CSSCI,1987,4,1987年第4期,True,True,16,0,0,0,0,0,found
政治学研究,149,政治学,CSSCI,1987,5,1987年第5期,True,True,19,0,0,0,0,0,found
政治学研究,149,政治学,CSSCI,1987,6,1987年第6期,True,True,14,0,2,0,1,0,found
政治学研究,149,政治学,CSSCI,1988,2,1988年第2期,True,True,21,0,4,0,0,0,found
政治学研究,149,政治学,CSSCI,1988,3,1988年第3期,True,True,14,0,1,0,1,0,found
政治学研究,149,政治学,CSSCI,1988,4,1988年第4期,True,True,17,0,1,0,1,0,found
政治学研究,149,政治学,CSSCI,1988,5,1988年第5期,True,True,16,0,2,0,0,0,found
政治学研究,149,政治学,CSSCI,1988,6,1988年第6期,True,True,20,0,1,0,1,0,found
政治学研究,149,政治学,CSSCI,1989,1,1989年第1期,True,True,16,0,1,0,0,0,found
政治学研究,149,政治学,CSSCI,1989,2,1989年第2期,True,True,16,0,0,0,0,0,found
政治学研究,149,政治学,CSSCI,1989,3,1989年第3期,True,True,16,0,0,0,0,0,found
政治学研究,149,政治学,CSSCI,1989,4,1989年第4期,True,True,22,0,0,0,0,0,found
政治学研究,149,政治学,CSSCI,1989,5,1989年第5期,True,True,11,0,0,0,0,0,found
政治学研究,149,政治学,CSSCI,1989,6,1989年第6期,True,True,19,0,5,0,1,0,found
政治学研究,149,政治学,CSSCI,1990,1,1990年第1期,True,False,0,0,0,0,0,0,not_found_in_public_sources
政治学研究,149,政治学,CSSCI,1990,2,1990年第2期,True,False,0,0,0,0,0,0,not_found_in_public_sources
政治学研究,149,政治学,CSSCI,1990,3,1990年第3期,True,False,0,0,0,0,0,0,not_found_in_public_sources
政治学研究,149,政治学,CSSCI,1990,4,1990年第4期,True,False,0,0,0,0,0,0,not_found_in_public_sources
政治学研究,149,政治学,CSSCI,1990,5,1990年第5期,True,False,0,0,0,0,0,0,not_found_in_public_sources
政治学研究,149,政治学,CSSCI,1990,6,1990年第6期,True,False,0,0,0,0,0,0,not_found_in_public_sources
政治学研究,149,政治学,CSSCI,1991,1,1991年第1期,True,False,0,0,0,0,0,0,not_found_in_public_sources
政治学研究,149,政治学,CSSCI,1991,2,1991年第2期,True,False,0,0,0,0,0,0,not_found_in_public_sources
政治学研究,149,政治学,CSSCI,1991,3,1991年第3期,True,False,0,0,0,0,0,0,not_found_in_public_sources
政治学研究,149,政治学,CSSCI,1991,4,1991年第4期,True,False,0,0,0,0,0,0,not_found_in_public_sources
政治学研究,149,政治学,CSSCI,1991,5,1991年第5期,True,False,0,0,0,0,0,0,not_found_in_public_sources
政治学研究,149,政治学,CSSCI,1991,6,1991年第6期,True,False,0,0,0,0,0,0,not_found_in_public_sources
政治学研究,149,政治学,CSSCI,1992,1,1992年第1期,True,False,0,0,0,0,0,0,not_found_in_public_sources
政治学研究,149,政治学,CSSCI,1992,2,1992年第2期,True,False,0,0,0,0,0,0,not_found_in_public_sources
政治学研究,149,政治学,CSSCI,1992,3,1992年第3期,True,False,0,0,0,0,0,0,not_found_in_public_sources
政治学研究,149,政治学,CSSCI,1992,4,1992年第4期,True,False,0,0,0,0,0,0,not_found_in_public_sources
政治学研究,149,政治学,CSSCI,1992,5,1992年第5期,True,False,0,0,0,0,0,0,not_found_in_public_sources
政治学研究,149,政治学,CSSCI,1992,6,1992年第6期,True,False,0,0,0,0,0,0,not_found_in_public_sources
政治学研究,149,政治学,CSSCI,1993,1,1993年第1期,True,False,0,0,0,0,0,0,not_found_in_public_sources
政治学研究,149,政治学,CSSCI,1993,2,1993年第2期,True,False,0,0,0,0,0,0,not_found_in_public_sources
政治学研究,149,政治学,CSSCI,1993,3,1993年第3期,True,False,0,0,0,0,0,0,not_found_in_public_sources
政治学研究,149,政治学,CSSCI,1993,4,1993年第4期,True,False,0,0,0,0,0,0,not_found_in_public_sources
政治学研究,149,政治学,CSSCI,1993,5,1993年第5期,True,False,0,0,0,0,0,0,not_found_in_public_sources
政治学研究,149,政治学,CSSCI,1993,6,1993年第6期,True,False,0,0,0,0,0,0,not_found_in_public_sources
政治学研究,149,政治学,CSSCI,1994,1,1994年第1期,True,False,0,0,0,0,0,0,not_found_in_public_sources
政治学研究,149,政治学,CSSCI,1994,2,1994年第2期,True,False,0,0,0,0,0,0,not_found_in_public_sources
政治学研究,149,政治学,CSSCI,1994,3,1994年第3期,True,False,0,0,0,0,0,0,not_found_in_public_sources
政治学研究,149,政治学,CSSCI,1994,4,1994年第4期,True,False,0,0,0,0,0,0,not_found_in_public_sources
政治学研究,149,政治学,CSSCI,1994,5,1994年第5期,True,False,0,0,0,0,0,0,not_found_in_public_sources
政治学研究,149,政治学,CSSCI,1994,6,1994年第6期,True,False,0,0,0,0,0,0,not_found_in_public_sources
政治学研究,149,政治学,CSSCI,1995,1,1995年第1期,True,True,18,0,1,0,0,0,found
政治学研究,149,政治学,CSSCI,1996,1,1996年第1期,True,True,15,0,0,0,0,0,found
政治学研究,149,政治学,CSSCI,1996,2,1996年第2期,True,True,17,0,0,0,0,0,found
政治学研究,149,政治学,CSSCI,1996,3,1996年第3期,True,True,14,0,0,0,0,0,found
政治学研究,149,政治学,CSSCI,1996,4,1996年第4期,True,True,15,0,0,0,0,0,found
政治学研究,149,政治学,CSSCI,1997,1,1997年第1期,True,True,15,0,0,0,15,0,found
政治学研究,149,政治学,CSSCI,1997,2,1997年第2期,True,True,16,0,1,0,0,0,found
政治学研究,149,政治学,CSSCI,1997,3,1997年第3期,True,True,16,0,0,0,0,0,found
政治学研究,149,政治学,CSSCI,1997,4,1997年第4期,True,True,14,0,0,0,4,0,found
政治学研究,149,政治学,CSSCI,1998,1,1998年第1期,True,True,19,0,1,0,0,0,found
政治学研究,149,政治学,CSSCI,1998,2,1998年第2期,True,True,16,0,2,0,0,0,found
政治学研究,149,政治学,CSSCI,1998,3,1998年第3期,True,True,14,0,2,0,0,0,found
政治学研究,149,政治学,CSSCI,1998,4,1998年第4期,True,True,14,0,0,0,0,0,found
政治学研究,149,政治学,CSSCI,1999,1,1999年第1期,True,True,10,0,0,0,0,0,found
政治学研究,149,政治学,CSSCI,1999,2,1999年第2期,True,True,11,0,0,0,2,0,found
政治学研究,149,政治学,CSSCI,1999,3,1999年第3期,True,True,13,0,0,0,3,0,found
政治学研究,149,政治学,CSSCI,1999,4,1999年第4期,True,True,13,0,0,0,4,0,found
政治学研究,149,政治学,CSSCI,2000,1,2000年第1期,True,True,13,0,0,0,3,0,found
政治学研究,149,政治学,CSSCI,2000,2,2000年第2期,True,True,16,0,1,0,4,0,found
政治学研究,149,政治学,CSSCI,2000,3,2000年第3期,True,True,11,0,0,0,0,0,found
政治学研究,149,政治学,CSSCI,2000,4,2000年第4期,True,True,19,0,0,0,0,0,found
政治学研究,149,政治学,CSSCI,2001,1,2001年第1期,True,True,21,0,3,0,1,0,found
政治学研究,149,政治学,CSSCI,2001,2,2001年第2期,True,True,18,0,1,0,7,0,found
政治学研究,149,政治学,CSSCI,2001,3,2001年第3期,True,True,16,0,3,0,3,0,found
政治学研究,149,政治学,CSSCI,2001,4,2001年第4期,True,True,15,0,2,0,0,0,found
政治学研究,149,政治学,CSSCI,2002,1,2002年第1期,True,True,15,0,1,0,2,0,found
政治学研究,149,政治学,CSSCI,2002,2,2002年第2期,True,True,13,0,1,0,2,0,found
政治学研究,149,政治学,CSSCI,2002,3,2002年第3期,True,True,16,0,2,0,3,0,found
政治学研究,149,政治学,CSSCI,2002,4,2002年第4期,True,True,14,0,0,0,0,0,found
政治学研究,149,政治学,CSSCI,2003,1,2003年第1期,True,True,20,0,0,0,4,0,found
政治学研究,149,政治学,CSSCI,2003,2,2003年第2期,True,True,22,0,0,0,4,0,found
政治学研究,149,政治学,CSSCI,2003,3,2003年第3期,True,True,21,0,0,0,4,0,found
政治学研究,149,政治学,CSSCI,2003,4,2003年第4期,True,True,19,0,1,0,3,0,found
政治学研究,149,政治学,CSSCI,2004,1,2004年第1期,True,True,20,0,2,0,3,0,found
政治学研究,149,政治学,CSSCI,2004,2,2004年第2期,True,True,16,0,0,0,0,0,found
政治学研究,149,政治学,CSSCI,2004,3,2004年第3期,True,True,16,0,0,0,0,0,found
政治学研究,149,政治学,CSSCI,2004,4,2004年第4期,True,True,18,0,0,0,0,0,found
政治学研究,149,政治学,CSSCI,2005,1,2005年第1期,True,True,17,0,0,0,1,0,found
政治学研究,149,政治学,CSSCI,2005,2,2005年第2期,True,True,20,0,2,0,1,0,found
政治学研究,149,政治学,CSSCI,2005,3,2005年第3期,True,True,18,0,1,0,1,0,found
政治学研究,149,政治学,CSSCI,2005,4,2005年第4期,True,True,19,0,1,0,1,0,found
政治学研究,149,政治学,CSSCI,2006,1,2006年第1期,True,True,18,0,1,0,1,0,found
政治学研究,149,政治学,CSSCI,2006,2,2006年第2期,True,True,19,0,0,0,0,0,found
政治学研究,149,政治学,CSSCI,2006,3,2006年第3期,True,True,17,0,2,0,2,0,found
政治学研究,149,政治学,CSSCI,2006,4,2006年第4期,True,True,16,0,1,0,1,0,found
政治学研究,149,政治学,CSSCI,2007,1,2007年第1期,True,True,17,0,2,0,1,0,found
政治学研究,149,政治学,CSSCI,2007,2,2007年第2期,True,True,19,0,1,0,0,0,found
政治学研究,149,政治学,CSSCI,2007,3,2007年第3期,True,True,18,0,1,0,1,0,found
政治学研究,149,政治学,CSSCI,2007,4,2007年第4期,True,True,15,0,1,0,1,0,found
政治学研究,149,政治学,CSSCI,2008,1,2008年第1期,True,True,18,0,2,0,1,0,found
政治学研究,149,政治学,CSSCI,2008,2,2008年第2期,True,True,17,0,1,0,1,0,found
政治学研究,149,政治学,CSSCI,2008,3,2008年第3期,True,True,18,0,1,0,1,0,found
政治学研究,149,政治学,CSSCI,2008,4,2008年第4期,True,True,18,0,1,0,1,0,found
政治学研究,149,政治学,CSSCI,2008,5,2008年第5期,True,True,17,0,1,0,1,0,found
政治学研究,149,政治学,CSSCI,2008,6,2008年第6期,True,True,25,0,1,0,1,0,found
政治学研究,149,政治学,CSSCI,2009,1,2009年第1期,True,True,19,0,3,0,1,0,found
政治学研究,149,政治学,CSSCI,2009,2,2009年第2期,True,True,15,0,1,0,0,0,found
政治学研究,149,政治学,CSSCI,2009,3,2009年第3期,True,True,18,0,2,0,0,0,found
政治学研究,149,政治学,CSSCI,2009,4,2009年第4期,True,True,17,0,2,0,0,0,found
政治学研究,149,政治学,CSSCI,2009,5,2009年第5期,True,True,16,0,2,0,0,0,found
政治学研究,149,政治学,CSSCI,2009,6,2009年第6期,True,True,18,0,3,0,0,0,found
政治学研究,149,政治学,CSSCI,2010,1,2010年第1期,True,True,17,0,2,0,0,0,found
政治学研究,149,政治学,CSSCI,2010,2,2010年第2期,True,True,16,0,2,0,0,0,found
政治学研究,149,政治学,CSSCI,2010,3,2010年第3期,True,True,17,0,2,0,0,0,found
政治学研究,149,政治学,CSSCI,2010,4,2010年第4期,True,True,17,0,2,0,0,0,found
政治学研究,149,政治学,CSSCI,2010,5,2010年第5期,True,True,16,0,2,0,0,0,found
政治学研究,149,政治学,CSSCI,2010,6,2010年第6期,True,True,17,0,2,0,0,0,found
政治学研究,149,政治学,CSSCI,2011,1,2011年第1期,True,True,16,0,2,0,0,0,found
政治学研究,149,政治学,CSSCI,2011,2,2011年第2期,True,True,18,0,2,0,0,0,found
政治学研究,149,政治学,CSSCI,2011,3,2011年第3期,True,True,16,0,2,0,0,0,found
政治学研究,149,政治学,CSSCI,2011,4,2011年第4期,True,True,15,0,1,0,0,0,found
政治学研究,149,政治学,CSSCI,2011,5,2011年第5期,True,True,16,0,2,0,0,0,found
政治学研究,149,政治学,CSSCI,2011,6,2011年第6期,True,True,16,0,2,0,0,0,found
政治学研究,149,政治学,CSSCI,2011,7,2011年第7期,True,True,1,1,0,0,1,0,found
政治学研究,149,政治学,CSSCI,2012,1,2012年第1期,True,True,16,0,2,0,0,0,found
政治学研究,149,政治学,CSSCI,2012,2,2012年第2期,True,True,15,0,2,0,0,0,found
政治学研究,149,政治学,CSSCI,2012,3,2012年第3期,True,True,15,0,1,0,0,0,found
政治学研究,149,政治学,CSSCI,2012,4,2012年第4期,True,True,12,0,0,0,0,0,found
政治学研究,149,政治学,CSSCI,2012,5,2012年第5期,True,True,17,0,2,0,0,0,found
政治学研究,149,政治学,CSSCI,2012,6,2012年第6期,True,True,15,0,1,0,0,0,found
政治学研究,149,政治学,CSSCI,2012,9,2012年第9期,True,True,1,1,0,0,1,0,found
政治学研究,149,政治学,CSSCI,2013,1,2013年第1期,True,True,15,0,2,0,0,0,found
政治学研究,149,政治学,CSSCI,2013,2,2013年第2期,True,True,15,0,2,0,0,0,found
政治学研究,149,政治学,CSSCI,2013,3,2013年第3期,True,True,15,0,2,0,0,0,found
政治学研究,149,政治学,CSSCI,2013,4,2013年第4期,True,True,16,0,2,0,0,0,found
政治学研究,149,政治学,CSSCI,2013,5,2013年第5期,True,True,20,0,2,0,0,0,found
政治学研究,149,政治学,CSSCI,2013,6,2013年第6期,True,True,15,0,2,0,0,0,found
政治学研究,149,政治学,CSSCI,2014,1,2014年第1期,True,True,13,0,2,0,0,0,found
政治学研究,149,政治学,CSSCI,2014,2,2014年第2期,True,True,19,0,2,0,0,0,found
政治学研究,149,政治学,CSSCI,2014,3,2014年第3期,True,True,13,0,2,0,0,0,found
政治学研究,149,政治学,CSSCI,2014,4,2014年第4期,True,True,13,0,1,0,0,0,found
政治学研究,149,政治学,CSSCI,2014,5,2014年第5期,True,True,12,0,2,0,0,0,found
政治学研究,149,政治学,CSSCI,2014,6,2014年第6期,True,True,15,0,2,0,0,0,found
政治学研究,149,政治学,CSSCI,2015,1,2015年第1期,True,True,13,0,2,0,0,0,found
政治学研究,149,政治学,CSSCI,2015,2,2015年第2期,True,True,13,0,2,0,0,0,found
政治学研究,149,政治学,CSSCI,2015,3,2015年第3期,True,True,15,0,2,0,0,0,found
政治学研究,149,政治学,CSSCI,2015,4,2015年第4期,True,True,12,0,1,0,0,0,found
政治学研究,149,政治学,CSSCI,2015,5,2015年第5期,True,True,13,0,1,0,0,0,found
政治学研究,149,政治学,CSSCI,2015,6,2015年第6期,True,True,15,0,2,0,0,0,found
政治学研究,149,政治学,CSSCI,2015,8,2015年第8期,True,True,1,1,0,0,1,0,found
政治学研究,149,政治学,CSSCI,2016,1,2016年第1期,True,True,13,0,2,0,1,0,found
政治学研究,149,政治学,CSSCI,2016,2,2016年第2期,True,True,12,0,2,0,1,0,found
政治学研究,149,政治学,CSSCI,2016,3,2016年第3期,True,True,13,0,2,0,1,0,found
政治学研究,149,政治学,CSSCI,2016,4,2016年第4期,True,True,12,0,1,0,1,0,found
政治学研究,149,政治学,CSSCI,2016,5,2016年第5期,True,True,12,0,2,0,1,0,found
政治学研究,149,政治学,CSSCI,2016,6,2016年第6期,True,True,12,0,2,0,1,0,found
政治学研究,149,政治学,CSSCI,2017,1,2017年第1期,True,True,14,0,2,0,1,0,found
政治学研究,149,政治学,CSSCI,2017,2,2017年第2期,True,True,11,0,2,0,1,0,found
政治学研究,149,政治学,CSSCI,2017,3,2017年第3期,True,True,13,0,2,0,1,0,found
政治学研究,149,政治学,CSSCI,2017,4,2017年第4期,True,True,13,0,2,0,1,0,found
政治学研究,149,政治学,CSSCI,2017,5,2017年第5期,True,True,13,0,0,0,1,0,found
政治学研究,149,政治学,CSSCI,2017,6,2017年第6期,True,True,14,0,0,0,1,0,found
政治学研究,149,政治学,CSSCI,2018,1,2018年第1期,True,True,16,0,0,0,1,0,found
政治学研究,149,政治学,CSSCI,2018,2,2018年第2期,True,True,14,0,0,0,0,0,found
政治学研究,149,政治学,CSSCI,2018,3,2018年第3期,True,True,13,0,0,0,0,0,found
政治学研究,149,政治学,CSSCI,2018,4,2018年第4期,True,True,11,0,0,0,0,0,found
政治学研究,149,政治学,CSSCI,2018,5,2018年第5期,True,True,15,0,0,0,0,0,found
政治学研究,149,政治学,CSSCI,2018,6,2018年第6期,True,True,14,0,0,0,0,0,found
政治学研究,149,政治学,CSSCI,2019,1,2019年第1期,True,True,9,0,0,0,0,0,found
政治学研究,149,政治学,CSSCI,2019,2,2019年第2期,True,True,13,0,0,0,0,0,found
政治学研究,149,政治学,CSSCI,2019,3,2019年第3期,True,True,12,0,0,0,0,0,found
政治学研究,149,政治学,CSSCI,2019,4,2019年第4期,True,True,10,0,1,0,0,0,found
政治学研究,149,政治学,CSSCI,2019,5,2019年第5期,True,True,16,0,1,0,1,0,found
政治学研究,149,政治学,CSSCI,2019,6,2019年第6期,True,True,16,0,3,0,3,0,found
政治学研究,149,政治学,CSSCI,2020,1,2020年第1期,True,True,13,0,1,0,1,0,found
政治学研究,149,政治学,CSSCI,2020,2,2020年第2期,True,True,13,0,1,0,1,0,found
政治学研究,149,政治学,CSSCI,2020,3,2020年第3期,True,True,13,0,1,0,1,0,found
政治学研究,149,政治学,CSSCI,2020,4,2020年第4期,True,True,12,0,0,0,0,0,found
政治学研究,149,政治学,CSSCI,2020,5,2020年第5期,True,True,12,0,2,0,1,0,found
政治学研究,149,政治学,CSSCI,2020,6,2020年第6期,True,True,12,0,1,0,1,0,found
政治学研究,149,政治学,CSSCI,2021,1,2021年第1期,True,True,18,0,0,0,0,0,found
政治学研究,149,政治学,CSSCI,2021,2,2021年第2期,True,True,18,0,0,0,0,0,found
政治学研究,149,政治学,CSSCI,2021,3,2021年第3期,True,True,13,0,0,0,0,0,found
政治学研究,149,政治学,CSSCI,2021,4,2021年第4期,True,True,16,0,0,0,0,0,found
政治学研究,149,政治学,CSSCI,2021,5,2021年第5期,True,True,14,0,0,0,0,0,found
政治学研究,149,政治学,CSSCI,2021,6,2021年第6期,True,True,16,0,0,0,1,0,found
政治学研究,149,政治学,CSSCI,2022,1,2022年第1期,True,True,15,0,0,0,0,0,found
政治学研究,149,政治学,CSSCI,2022,2,2022年第2期,True,True,16,0,0,0,0,0,found
政治学研究,149,政治学,CSSCI,2022,3,2022年第3期,True,True,15,0,0,0,0,0,found
政治学研究,149,政治学,CSSCI,2022,4,2022年第4期,True,True,13,0,1,0,0,0,found
政治学研究,149,政治学,CSSCI,2022,5,2022年第5期,True,True,13,0,1,0,0,0,found
政治学研究,149,政治学,CSSCI,2022,6,2022年第6期,True,True,15,0,2,0,1,0,found
政治学研究,149,政治学,CSSCI,2023,1,2023年第1期,True,True,16,0,1,0,0,0,found
政治学研究,149,政治学,CSSCI,2023,2,2023年第2期,True,True,14,0,1,0,0,0,found
政治学研究,149,政治学,CSSCI,2023,3,2023年第3期,True,True,16,0,1,0,0,0,found
政治学研究,149,政治学,CSSCI,2023,4,2023年第4期,True,True,13,0,1,0,0,0,found
政治学研究,149,政治学,CSSCI,2023,5,2023年第5期,True,True,16,0,1,0,0,0,found
政治学研究,149,政治学,CSSCI,2023,6,2023年第6期,True,True,20,0,2,0,1,0,found
政治学研究,149,政治学,CSSCI,2024,1,2024年第1期,True,True,25,0,1,0,0,0,found
政治学研究,149,政治学,CSSCI,2024,2,2024年第2期,True,True,21,0,1,0,0,0,found
政治学研究,149,政治学,CSSCI,2024,3,2024年第3期,True,True,18,0,1,0,0,0,found
政治学研究,149,政治学,CSSCI,2024,4,2024年第4期,True,True,15,0,1,0,0,0,found
政治学研究,149,政治学,CSSCI,2024,5,2024年第5期,True,True,14,0,1,0,0,0,found
政治学研究,149,政治学,CSSCI,2024,6,2024年第6期,True,True,16,0,2,0,1,0,found
政治学研究,149,政治学,CSSCI,2025,1,2025年第1期,True,True,15,0,1,0,0,0,found
政治学研究,149,政治学,CSSCI,2025,2,2025年第2期,True,True,14,0,1,0,0,0,found
政治学研究,149,政治学,CSSCI,2025,3,2025年第3期,True,True,19,0,1,0,0,0,found
政治学研究,149,政治学,CSSCI,2025,4,2025年第4期,True,True,12,0,0,0,0,0,found
政治学研究,149,政治学,CSSCI,2025,5,2025年第5期,True,True,15,0,1,0,0,0,found
政治学研究,149,政治学,CSSCI,2025,6,2025年第6期,True,True,16,0,1,0,1,0,found
世界经济与政治,150,政治学,CSSCI,1987,1,1987年第1期,True,True,1,1,0,0,1,0,found
世界经济与政治,150,政治学,CSSCI,1987,2,1987年第2期,True,True,3,3,0,0,3,0,found
世界经济与政治,150,政治学,CSSCI,1987,3,1987年第3期,True,True,2,2,0,0,2,0,found
世界经济与政治,150,政治学,CSSCI,1987,4,1987年第4期,True,True,2,2,0,0,2,0,found
世界经济与政治,150,政治学,CSSCI,1987,5,1987年第5期,True,True,1,1,0,0,1,0,found
世界经济与政治,150,政治学,CSSCI,1987,6,1987年第6期,True,False,0,0,0,0,0,0,not_found_in_public_sources
世界经济与政治,150,政治学,CSSCI,1987,7,1987年第7期,True,True,1,1,0,0,1,0,found
世界经济与政治,150,政治学,CSSCI,1987,8,1987年第8期,True,True,3,3,0,0,3,0,found
世界经济与政治,150,政治学,CSSCI,1987,9,1987年第9期,True,True,2,2,0,0,2,0,found
世界经济与政治,150,政治学,CSSCI,1987,10,1987年第10期,True,True,1,1,0,0,1,0,found
世界经济与政治,150,政治学,CSSCI,1987,11,1987年第11期,True,True,2,2,0,0,2,0,found
世界经济与政治,150,政治学,CSSCI,1987,12,1987年第12期,True,True,1,1,0,0,1,0,found
世界经济与政治,150,政治学,CSSCI,1988,1,1988年第1期,True,True,2,2,0,0,2,0,found
世界经济与政治,150,政治学,CSSCI,1988,2,1988年第2期,True,True,2,2,0,0,2,0,found
世界经济与政治,150,政治学,CSSCI,1988,3,1988年第3期,True,True,2,2,0,0,2,0,found
世界经济与政治,150,政治学,CSSCI,1988,4,1988年第4期,True,True,4,4,0,0,4,0,found
世界经济与政治,150,政治学,CSSCI,1988,5,1988年第5期,True,True,1,1,0,0,1,0,found
世界经济与政治,150,政治学,CSSCI,1988,6,1988年第6期,True,True,4,4,0,0,4,0,found
世界经济与政治,150,政治学,CSSCI,1988,7,1988年第7期,True,True,2,2,0,0,2,0,found
世界经济与政治,150,政治学,CSSCI,1988,8,1988年第8期,True,True,4,4,0,0,4,0,found
世界经济与政治,150,政治学,CSSCI,1988,9,1988年第9期,True,True,1,1,0,0,1,0,found
世界经济与政治,150,政治学,CSSCI,1988,10,1988年第10期,True,True,5,5,0,0,5,0,found
世界经济与政治,150,政治学,CSSCI,1988,11,1988年第11期,True,True,2,2,0,0,2,0,found
世界经济与政治,150,政治学,CSSCI,1988,12,1988年第12期,True,True,4,4,0,0,4,0,found
世界经济与政治,150,政治学,CSSCI,1989,1,1989年第1期,True,False,0,0,0,0,0,0,not_found_in_public_sources
世界经济与政治,150,政治学,CSSCI,1989,2,1989年第2期,True,True,1,1,0,0,1,0,found
世界经济与政治,150,政治学,CSSCI,1989,3,1989年第3期,True,False,0,0,0,0,0,0,not_found_in_public_sources
世界经济与政治,150,政治学,CSSCI,1989,4,1989年第4期,True,False,0,0,0,0,0,0,not_found_in_public_sources
世界经济与政治,150,政治学,CSSCI,1989,5,1989年第5期,True,True,1,1,0,0,1,0,found
世界经济与政治,150,政治学,CSSCI,1989,6,1989年第6期,True,False,0,0,0,0,0,0,not_found_in_public_sources
世界经济与政治,150,政治学,CSSCI,1989,7,1989年第7期,True,True,1,1,0,0,1,0,found
世界经济与政治,150,政治学,CSSCI,1989,8,1989年第8期,True,True,1,1,0,0,1,0,found
世界经济与政治,150,政治学,CSSCI,1989,9,1989年第9期,True,False,0,0,0,0,0,0,not_found_in_public_sources
世界经济与政治,150,政治学,CSSCI,1989,10,1989年第10期,True,False,0,0,0,0,0,0,not_found_in_public_sources
世界经济与政治,150,政治学,CSSCI,1989,11,1989年第11期,True,False,0,0,0,0,0,0,not_found_in_public_sources
世界经济与政治,150,政治学,CSSCI,1989,12,1989年第12期,True,False,0,0,0,0,0,0,not_found_in_public_sources
世界经济与政治,150,政治学,CSSCI,1990,1,1990年第1期,True,True,1,1,0,0,1,0,found
世界经济与政治,150,政治学,CSSCI,1990,2,1990年第2期,True,True,3,3,0,0,3,0,found
世界经济与政治,150,政治学,CSSCI,1990,3,1990年第3期,True,True,2,2,0,0,2,0,found
世界经济与政治,150,政治学,CSSCI,1990,4,1990年第4期,True,True,4,4,0,0,4,0,found
世界经济与政治,150,政治学,CSSCI,1990,5,1990年第5期,True,True,1,1,0,0,1,0,found
世界经济与政治,150,政治学,CSSCI,1990,6,1990年第6期,True,True,2,2,0,0,2,0,found
世界经济与政治,150,政治学,CSSCI,1990,7,1990年第7期,True,True,2,2,0,0,2,0,found
世界经济与政治,150,政治学,CSSCI,1990,8,1990年第8期,True,True,2,2,0,0,2,0,found
世界经济与政治,150,政治学,CSSCI,1990,9,1990年第9期,True,True,1,1,0,0,1,0,found
世界经济与政治,150,政治学,CSSCI,1990,10,1990年第10期,True,True,3,3,0,0,3,0,found
世界经济与政治,150,政治学,CSSCI,1990,11,1990年第11期,True,True,4,4,0,0,4,0,found
世界经济与政治,150,政治学,CSSCI,1990,12,1990年第12期,True,True,1,1,0,0,1,0,found
世界经济与政治,150,政治学,CSSCI,1991,1,1991年第1期,True,False,0,0,0,0,0,0,not_found_in_public_sources
世界经济与政治,150,政治学,CSSCI,1991,2,1991年第2期,True,False,0,0,0,0,0,0,not_found_in_public_sources
世界经济与政治,150,政治学,CSSCI,1991,3,1991年第3期,True,False,0,0,0,0,0,0,not_found_in_public_sources
世界经济与政治,150,政治学,CSSCI,1991,4,1991年第4期,True,False,0,0,0,0,0,0,not_found_in_public_sources
世界经济与政治,150,政治学,CSSCI,1991,5,1991年第5期,True,True,3,3,0,0,3,0,found
世界经济与政治,150,政治学,CSSCI,1991,6,1991年第6期,True,False,0,0,0,0,0,0,not_found_in_public_sources
世界经济与政治,150,政治学,CSSCI,1991,7,1991年第7期,True,False,0,0,0,0,0,0,not_found_in_public_sources
世界经济与政治,150,政治学,CSSCI,1991,8,1991年第8期,True,True,1,1,0,0,1,0,found
世界经济与政治,150,政治学,CSSCI,1991,9,1991年第9期,True,False,0,0,0,0,0,0,not_found_in_public_sources
世界经济与政治,150,政治学,CSSCI,1991,10,1991年第10期,True,False,0,0,0,0,0,0,not_found_in_public_sources
世界经济与政治,150,政治学,CSSCI,1991,11,1991年第11期,True,False,0,0,0,0,0,0,not_found_in_public_sources
世界经济与政治,150,政治学,CSSCI,1991,12,1991年第12期,True,False,0,0,0,0,0,0,not_found_in_public_sources
世界经济与政治,150,政治学,CSSCI,1992,1,1992年第1期,True,False,0,0,0,0,0,0,not_found_in_public_sources
世界经济与政治,150,政治学,CSSCI,1992,2,1992年第2期,True,True,1,1,0,0,1,0,found
世界经济与政治,150,政治学,CSSCI,1992,3,1992年第3期,True,False,0,0,0,0,0,0,not_found_in_public_sources
世界经济与政治,150,政治学,CSSCI,1992,4,1992年第4期,True,False,0,0,0,0,0,0,not_found_in_public_sources
世界经济与政治,150,政治学,CSSCI,1992,5,1992年第5期,True,False,0,0,0,0,0,0,not_found_in_public_sources
世界经济与政治,150,政治学,CSSCI,1992,6,1992年第6期,True,True,1,1,0,0,1,0,found
世界经济与政治,150,政治学,CSSCI,1992,7,1992年第7期,True,True,1,1,0,0,1,0,found
世界经济与政治,150,政治学,CSSCI,1992,8,1992年第8期,True,True,2,2,0,0,2,0,found
世界经济与政治,150,政治学,CSSCI,1992,9,1992年第9期,True,False,0,0,0,0,0,0,not_found_in_public_sources
世界经济与政治,150,政治学,CSSCI,1992,10,1992年第10期,True,True,1,1,0,0,1,0,found
世界经济与政治,150,政治学,CSSCI,1992,11,1992年第11期,True,True,1,1,0,0,1,0,found
世界经济与政治,150,政治学,CSSCI,1992,12,1992年第12期,True,False,0,0,0,0,0,0,not_found_in_public_sources
世界经济与政治,150,政治学,CSSCI,1993,1,1993年第1期,True,False,0,0,0,0,0,0,not_found_in_public_sources
世界经济与政治,150,政治学,CSSCI,1993,2,1993年第2期,True,False,0,0,0,0,0,0,not_found_in_public_sources
世界经济与政治,150,政治学,CSSCI,1993,3,1993年第3期,True,False,0,0,0,0,0,0,not_found_in_public_sources
世界经济与政治,150,政治学,CSSCI,1993,4,1993年第4期,True,False,0,0,0,0,0,0,not_found_in_public_sources
世界经济与政治,150,政治学,CSSCI,1993,5,1993年第5期,True,False,0,0,0,0,0,0,not_found_in_public_sources
世界经济与政治,150,政治学,CSSCI,1993,6,1993年第6期,True,False,0,0,0,0,0,0,not_found_in_public_sources
世界经济与政治,150,政治学,CSSCI,1993,7,1993年第7期,True,False,0,0,0,0,0,0,not_found_in_public_sources
世界经济与政治,150,政治学,CSSCI,1993,8,1993年第8期,True,False,0,0,0,0,0,0,not_found_in_public_sources
世界经济与政治,150,政治学,CSSCI,1993,9,1993年第9期,True,False,0,0,0,0,0,0,not_found_in_public_sources
世界经济与政治,150,政治学,CSSCI,1993,10,1993年第10期,True,False,0,0,0,0,0,0,not_found_in_public_sources
世界经济与政治,150,政治学,CSSCI,1993,11,1993年第11期,True,False,0,0,0,0,0,0,not_found_in_public_sources
世界经济与政治,150,政治学,CSSCI,1993,12,1993年第12期,True,True,1,1,0,0,1,0,found
世界经济与政治,150,政治学,CSSCI,1994,1,1994年第1期,True,False,0,0,0,0,0,0,not_found_in_public_sources
世界经济与政治,150,政治学,CSSCI,1994,2,1994年第2期,True,False,0,0,0,0,0,0,not_found_in_public_sources
世界经济与政治,150,政治学,CSSCI,1994,3,1994年第3期,True,False,0,0,0,0,0,0,not_found_in_public_sources
世界经济与政治,150,政治学,CSSCI,1994,4,1994年第4期,True,False,0,0,0,0,0,0,not_found_in_public_sources
世界经济与政治,150,政治学,CSSCI,1994,5,1994年第5期,True,False,0,0,0,0,0,0,not_found_in_public_sources
世界经济与政治,150,政治学,CSSCI,1994,6,1994年第6期,True,False,0,0,0,0,0,0,not_found_in_public_sources
世界经济与政治,150,政治学,CSSCI,1994,7,1994年第7期,True,False,0,0,0,0,0,0,not_found_in_public_sources
世界经济与政治,150,政治学,CSSCI,1994,8,1994年第8期,True,False,0,0,0,0,0,0,not_found_in_public_sources
世界经济与政治,150,政治学,CSSCI,1994,9,1994年第9期,True,False,0,0,0,0,0,0,not_found_in_public_sources
世界经济与政治,150,政治学,CSSCI,1994,10,1994年第10期,True,False,0,0,0,0,0,0,not_found_in_public_sources
世界经济与政治,150,政治学,CSSCI,1994,11,1994年第11期,True,False,0,0,0,0,0,0,not_found_in_public_sources
世界经济与政治,150,政治学,CSSCI,1994,12,1994年第12期,True,True,1,1,0,0,1,0,found
世界经济与政治,150,政治学,CSSCI,1995,1,1995年第1期,True,False,0,0,0,0,0,0,not_found_in_public_sources
世界经济与政治,150,政治学,CSSCI,1995,2,1995年第2期,True,False,0,0,0,0,0,0,not_found_in_public_sources
世界经济与政治,150,政治学,CSSCI,1995,3,1995年第3期,True,False,0,0,0,0,0,0,not_found_in_public_sources
世界经济与政治,150,政治学,CSSCI,1995,4,1995年第4期,True,False,0,0,0,0,0,0,not_found_in_public_sources
世界经济与政治,150,政治学,CSSCI,1995,5,1995年第5期,True,False,0,0,0,0,0,0,not_found_in_public_sources
世界经济与政治,150,政治学,CSSCI,1995,6,1995年第6期,True,False,0,0,0,0,0,0,not_found_in_public_sources
世界经济与政治,150,政治学,CSSCI,1995,7,1995年第7期,True,False,0,0,0,0,0,0,not_found_in_public_sources
世界经济与政治,150,政治学,CSSCI,1995,8,1995年第8期,True,False,0,0,0,0,0,0,not_found_in_public_sources
世界经济与政治,150,政治学,CSSCI,1995,9,1995年第9期,True,False,0,0,0,0,0,0,not_found_in_public_sources
世界经济与政治,150,政治学,CSSCI,1995,10,1995年第10期,True,False,0,0,0,0,0,0,not_found_in_public_sources
世界经济与政治,150,政治学,CSSCI,1995,11,1995年第11期,True,False,0,0,0,0,0,0,not_found_in_public_sources
世界经济与政治,150,政治学,CSSCI,1995,12,1995年第12期,True,False,0,0,0,0,0,0,not_found_in_public_sources
世界经济与政治,150,政治学,CSSCI,1996,1,1996年第1期,True,True,1,1,0,0,1,0,found
世界经济与政治,150,政治学,CSSCI,1996,2,1996年第2期,True,True,4,4,0,0,4,0,found
世界经济与政治,150,政治学,CSSCI,1996,3,1996年第3期,True,False,0,0,0,0,0,0,not_found_in_public_sources
世界经济与政治,150,政治学,CSSCI,1996,4,1996年第4期,True,False,0,0,0,0,0,0,not_found_in_public_sources
世界经济与政治,150,政治学,CSSCI,1996,5,1996年第5期,True,False,0,0,0,0,0,0,not_found_in_public_sources
世界经济与政治,150,政治学,CSSCI,1996,6,1996年第6期,True,False,0,0,0,0,0,0,not_found_in_public_sources
世界经济与政治,150,政治学,CSSCI,1996,7,1996年第7期,True,False,0,0,0,0,0,0,not_found_in_public_sources
世界经济与政治,150,政治学,CSSCI,1996,8,1996年第8期,True,False,0,0,0,0,0,0,not_found_in_public_sources
世界经济与政治,150,政治学,CSSCI,1996,9,1996年第9期,True,False,0,0,0,0,0,0,not_found_in_public_sources
世界经济与政治,150,政治学,CSSCI,1996,10,1996年第10期,True,True,1,1,0,0,1,0,found
世界经济与政治,150,政治学,CSSCI,1996,11,1996年第11期,True,True,1,1,0,0,1,0,found
世界经济与政治,150,政治学,CSSCI,1996,12,1996年第12期,True,False,0,0,0,0,0,0,not_found_in_public_sources
世界经济与政治,150,政治学,CSSCI,1997,1,1997年第1期,True,True,1,1,0,0,1,0,found
世界经济与政治,150,政治学,CSSCI,1997,2,1997年第2期,True,False,0,0,0,0,0,0,not_found_in_public_sources
世界经济与政治,150,政治学,CSSCI,1997,3,1997年第3期,True,False,0,0,0,0,0,0,not_found_in_public_sources
世界经济与政治,150,政治学,CSSCI,1997,4,1997年第4期,True,True,2,2,0,0,2,0,found
世界经济与政治,150,政治学,CSSCI,1997,5,1997年第5期,True,False,0,0,0,0,0,0,not_found_in_public_sources
世界经济与政治,150,政治学,CSSCI,1997,6,1997年第6期,True,False,0,0,0,0,0,0,not_found_in_public_sources
世界经济与政治,150,政治学,CSSCI,1997,7,1997年第7期,True,True,2,2,0,0,2,0,found
世界经济与政治,150,政治学,CSSCI,1997,8,1997年第8期,True,False,0,0,0,0,0,0,not_found_in_public_sources
世界经济与政治,150,政治学,CSSCI,1997,9,1997年第9期,True,False,0,0,0,0,0,0,not_found_in_public_sources
世界经济与政治,150,政治学,CSSCI,1997,10,1997年第10期,True,True,1,1,0,0,1,0,found
世界经济与政治,150,政治学,CSSCI,1997,11,1997年第11期,True,True,1,1,0,0,1,0,found
世界经济与政治,150,政治学,CSSCI,1997,12,1997年第12期,True,False,0,0,0,0,0,0,not_found_in_public_sources
世界经济与政治,150,政治学,CSSCI,1998,1,1998年第1期,True,False,0,0,0,0,0,0,not_found_in_public_sources
世界经济与政治,150,政治学,CSSCI,1998,2,1998年第2期,True,False,0,0,0,0,0,0,not_found_in_public_sources
世界经济与政治,150,政治学,CSSCI,1998,3,1998年第3期,True,True,2,2,0,0,2,0,found
世界经济与政治,150,政治学,CSSCI,1998,4,1998年第4期,True,False,0,0,0,0,0,0,not_found_in_public_sources
世界经济与政治,150,政治学,CSSCI,1998,5,1998年第5期,True,False,0,0,0,0,0,0,not_found_in_public_sources
世界经济与政治,150,政治学,CSSCI,1998,6,1998年第6期,True,False,0,0,0,0,0,0,not_found_in_public_sources
世界经济与政治,150,政治学,CSSCI,1998,7,1998年第7期,True,True,1,1,0,0,1,0,found
世界经济与政治,150,政治学,CSSCI,1998,8,1998年第8期,True,False,0,0,0,0,0,0,not_found_in_public_sources
世界经济与政治,150,政治学,CSSCI,1998,9,1998年第9期,True,False,0,0,0,0,0,0,not_found_in_public_sources
世界经济与政治,150,政治学,CSSCI,1998,10,1998年第10期,True,False,0,0,0,0,0,0,not_found_in_public_sources
世界经济与政治,150,政治学,CSSCI,1998,11,1998年第11期,True,False,0,0,0,0,0,0,not_found_in_public_sources
世界经济与政治,150,政治学,CSSCI,1998,12,1998年第12期,True,True,1,1,0,0,1,0,found
世界经济与政治,150,政治学,CSSCI,1999,1,1999年第1期,True,False,0,0,0,0,0,0,not_found_in_public_sources
世界经济与政治,150,政治学,CSSCI,1999,2,1999年第2期,True,False,0,0,0,0,0,0,not_found_in_public_sources
世界经济与政治,150,政治学,CSSCI,1999,3,1999年第3期,True,True,1,1,0,0,1,0,found
世界经济与政治,150,政治学,CSSCI,1999,4,1999年第4期,True,True,1,1,0,0,1,0,found
世界经济与政治,150,政治学,CSSCI,1999,5,1999年第5期,True,False,0,0,0,0,0,0,not_found_in_public_sources
世界经济与政治,150,政治学,CSSCI,1999,6,1999年第6期,True,False,0,0,0,0,0,0,not_found_in_public_sources
世界经济与政治,150,政治学,CSSCI,1999,7,1999年第7期,True,True,1,1,0,0,1,0,found
世界经济与政治,150,政治学,CSSCI,1999,8,1999年第8期,True,False,0,0,0,0,0,0,not_found_in_public_sources
世界经济与政治,150,政治学,CSSCI,1999,9,1999年第9期,True,False,0,0,0,0,0,0,not_found_in_public_sources
世界经济与政治,150,政治学,CSSCI,1999,10,1999年第10期,True,False,0,0,0,0,0,0,not_found_in_public_sources
世界经济与政治,150,政治学,CSSCI,1999,11,1999年第11期,True,False,0,0,0,0,0,0,not_found_in_public_sources
世界经济与政治,150,政治学,CSSCI,1999,12,1999年第12期,True,True,4,4,0,0,4,0,found
世界经济与政治,150,政治学,CSSCI,2000,1,2000年第1期,True,False,0,0,0,0,0,0,not_found_in_public_sources
世界经济与政治,150,政治学,CSSCI,2000,2,2000年第2期,True,False,0,0,0,0,0,0,not_found_in_public_sources
世界经济与政治,150,政治学,CSSCI,2000,3,2000年第3期,True,True,1,1,0,0,1,0,found
世界经济与政治,150,政治学,CSSCI,2000,4,2000年第4期,True,False,0,0,0,0,0,0,not_found_in_public_sources
世界经济与政治,150,政治学,CSSCI,2000,5,2000年第5期,True,False,0,0,0,0,0,0,not_found_in_public_sources
世界经济与政治,150,政治学,CSSCI,2000,6,2000年第6期,True,False,0,0,0,0,0,0,not_found_in_public_sources
世界经济与政治,150,政治学,CSSCI,2000,7,2000年第7期,True,False,0,0,0,0,0,0,not_found_in_public_sources
世界经济与政治,150,政治学,CSSCI,2000,8,2000年第8期,True,False,0,0,0,0,0,0,not_found_in_public_sources
世界经济与政治,150,政治学,CSSCI,2000,9,2000年第9期,True,True,1,1,0,0,1,0,found
世界经济与政治,150,政治学,CSSCI,2000,10,2000年第10期,True,False,0,0,0,0,0,0,not_found_in_public_sources
世界经济与政治,150,政治学,CSSCI,2000,11,2000年第11期,True,True,1,1,0,0,1,0,found
世界经济与政治,150,政治学,CSSCI,2000,12,2000年第12期,True,True,1,1,0,0,1,0,found
世界经济与政治,150,政治学,CSSCI,2001,1,2001年第1期,True,True,3,3,0,0,3,0,found
世界经济与政治,150,政治学,CSSCI,2001,2,2001年第2期,True,True,3,3,0,0,3,0,found
世界经济与政治,150,政治学,CSSCI,2001,3,2001年第3期,True,True,4,4,0,0,4,0,found
世界经济与政治,150,政治学,CSSCI,2001,4,2001年第4期,True,True,2,2,0,0,2,0,found
世界经济与政治,150,政治学,CSSCI,2001,5,2001年第5期,True,False,0,0,0,0,0,0,not_found_in_public_sources
世界经济与政治,150,政治学,CSSCI,2001,6,2001年第6期,True,True,3,3,0,0,3,0,found
世界经济与政治,150,政治学,CSSCI,2001,7,2001年第7期,True,True,1,1,0,0,1,0,found
世界经济与政治,150,政治学,CSSCI,2001,8,2001年第8期,True,True,4,4,0,0,4,0,found
世界经济与政治,150,政治学,CSSCI,2001,9,2001年第9期,True,True,3,3,0,0,3,0,found
世界经济与政治,150,政治学,CSSCI,2001,10,2001年第10期,True,True,2,2,0,0,2,0,found
世界经济与政治,150,政治学,CSSCI,2001,11,2001年第11期,True,True,1,1,0,0,1,0,found
世界经济与政治,150,政治学,CSSCI,2001,12,2001年第12期,True,True,2,2,0,0,2,0,found
世界经济与政治,150,政治学,CSSCI,2002,1,2002年第1期,True,True,2,2,0,0,2,0,found
世界经济与政治,150,政治学,CSSCI,2002,2,2002年第2期,True,True,2,2,0,0,2,0,found
世界经济与政治,150,政治学,CSSCI,2002,3,2002年第3期,True,True,2,2,0,0,2,0,found
世界经济与政治,150,政治学,CSSCI,2002,4,2002年第4期,True,True,5,5,0,0,5,0,found
世界经济与政治,150,政治学,CSSCI,2002,5,2002年第5期,True,True,2,2,0,0,2,0,found
世界经济与政治,150,政治学,CSSCI,2002,6,2002年第6期,True,True,4,4,0,0,4,0,found
世界经济与政治,150,政治学,CSSCI,2002,7,2002年第7期,True,True,3,3,0,0,3,0,found
世界经济与政治,150,政治学,CSSCI,2002,8,2002年第8期,True,True,2,2,0,0,2,0,found
世界经济与政治,150,政治学,CSSCI,2002,9,2002年第9期,True,True,2,2,0,0,2,0,found
世界经济与政治,150,政治学,CSSCI,2002,10,2002年第10期,True,True,2,2,0,0,2,0,found
世界经济与政治,150,政治学,CSSCI,2002,11,2002年第11期,True,True,3,3,0,0,3,0,found
世界经济与政治,150,政治学,CSSCI,2002,12,2002年第12期,True,True,1,1,0,0,1,0,found
世界经济与政治,150,政治学,CSSCI,2003,1,2003年第1期,True,True,6,6,0,0,6,0,found
世界经济与政治,150,政治学,CSSCI,2003,2,2003年第2期,True,True,2,2,0,0,2,0,found
世界经济与政治,150,政治学,CSSCI,2003,3,2003年第3期,True,True,3,3,0,0,3,0,found
世界经济与政治,150,政治学,CSSCI,2003,4,2003年第4期,True,True,3,3,0,0,3,0,found
世界经济与政治,150,政治学,CSSCI,2003,5,2003年第5期,True,True,5,5,0,0,5,0,found
世界经济与政治,150,政治学,CSSCI,2003,6,2003年第6期,True,True,2,2,0,0,2,0,found
世界经济与政治,150,政治学,CSSCI,2003,7,2003年第7期,True,True,5,5,0,0,5,0,found
世界经济与政治,150,政治学,CSSCI,2003,8,2003年第8期,True,True,1,1,0,0,1,0,found
世界经济与政治,150,政治学,CSSCI,2003,9,2003年第9期,True,False,0,0,0,0,0,0,not_found_in_public_sources
世界经济与政治,150,政治学,CSSCI,2003,10,2003年第10期,True,True,2,2,0,0,2,0,found
世界经济与政治,150,政治学,CSSCI,2003,11,2003年第11期,True,True,1,1,0,0,1,0,found
世界经济与政治,150,政治学,CSSCI,2003,12,2003年第12期,True,True,6,6,0,0,6,0,found
世界经济与政治,150,政治学,CSSCI,2004,1,2004年第1期,True,True,6,6,0,0,6,0,found
世界经济与政治,150,政治学,CSSCI,2004,2,2004年第2期,True,True,2,2,0,0,2,0,found
世界经济与政治,150,政治学,CSSCI,2004,3,2004年第3期,True,True,2,2,0,0,2,0,found
世界经济与政治,150,政治学,CSSCI,2004,4,2004年第4期,True,True,2,2,0,0,2,0,found
世界经济与政治,150,政治学,CSSCI,2004,5,2004年第5期,True,True,2,2,0,0,2,0,found
世界经济与政治,150,政治学,CSSCI,2004,6,2004年第6期,True,True,1,1,0,0,1,0,found
世界经济与政治,150,政治学,CSSCI,2004,7,2004年第7期,True,True,8,8,0,0,8,0,found
世界经济与政治,150,政治学,CSSCI,2004,8,2004年第8期,True,True,2,2,0,0,2,0,found
世界经济与政治,150,政治学,CSSCI,2004,9,2004年第9期,True,True,1,1,0,0,1,0,found
世界经济与政治,150,政治学,CSSCI,2004,10,2004年第10期,True,True,4,4,0,0,4,0,found
世界经济与政治,150,政治学,CSSCI,2004,11,2004年第11期,True,True,2,2,0,0,2,0,found
世界经济与政治,150,政治学,CSSCI,2004,12,2004年第12期,True,True,2,2,0,0,2,0,found
世界经济与政治,150,政治学,CSSCI,2005,1,2005年第1期,True,True,3,3,0,0,3,0,found
世界经济与政治,150,政治学,CSSCI,2005,2,2005年第2期,True,True,3,3,0,0,3,0,found
世界经济与政治,150,政治学,CSSCI,2005,3,2005年第3期,True,True,2,2,0,0,2,0,found
世界经济与政治,150,政治学,CSSCI,2005,4,2005年第4期,True,True,2,2,0,0,2,0,found
世界经济与政治,150,政治学,CSSCI,2005,5,2005年第5期,True,True,3,3,0,0,3,0,found
世界经济与政治,150,政治学,CSSCI,2005,6,2005年第6期,True,True,3,3,0,0,3,0,found
世界经济与政治,150,政治学,CSSCI,2005,7,2005年第7期,True,False,0,0,0,0,0,0,not_found_in_public_sources
世界经济与政治,150,政治学,CSSCI,2005,8,2005年第8期,True,True,1,1,0,0,1,0,found
世界经济与政治,150,政治学,CSSCI,2005,9,2005年第9期,True,True,2,2,0,0,2,0,found
世界经济与政治,150,政治学,CSSCI,2005,10,2005年第10期,True,False,0,0,0,0,0,0,not_found_in_public_sources
世界经济与政治,150,政治学,CSSCI,2005,11,2005年第11期,True,True,5,5,0,0,5,0,found
世界经济与政治,150,政治学,CSSCI,2005,12,2005年第12期,True,True,2,2,0,0,2,0,found
世界经济与政治,150,政治学,CSSCI,2006,1,2006年第1期,True,True,3,3,0,0,3,0,found
世界经济与政治,150,政治学,CSSCI,2006,2,2006年第2期,True,True,1,1,0,0,1,0,found
世界经济与政治,150,政治学,CSSCI,2006,3,2006年第3期,True,True,2,2,0,0,2,0,found
世界经济与政治,150,政治学,CSSCI,2006,4,2006年第4期,True,True,3,3,0,0,3,0,found
世界经济与政治,150,政治学,CSSCI,2006,5,2006年第5期,True,True,1,1,0,0,1,0,found
世界经济与政治,150,政治学,CSSCI,2006,6,2006年第6期,True,True,1,1,0,0,1,0,found
世界经济与政治,150,政治学,CSSCI,2006,7,2006年第7期,True,False,0,0,0,0,0,0,not_found_in_public_sources
世界经济与政治,150,政治学,CSSCI,2006,8,2006年第8期,True,True,2,2,0,0,2,0,found
世界经济与政治,150,政治学,CSSCI,2006,9,2006年第9期,True,True,2,2,0,0,2,0,found
世界经济与政治,150,政治学,CSSCI,2006,10,2006年第10期,True,True,1,1,0,0,1,0,found
世界经济与政治,150,政治学,CSSCI,2006,11,2006年第11期,True,True,2,2,0,0,2,0,found
世界经济与政治,150,政治学,CSSCI,2006,12,2006年第12期,True,True,5,5,0,0,5,0,found
世界经济与政治,150,政治学,CSSCI,2007,1,2007年第1期,True,True,6,6,0,0,6,0,found
世界经济与政治,150,政治学,CSSCI,2007,2,2007年第2期,True,True,1,1,0,0,1,0,found
世界经济与政治,150,政治学,CSSCI,2007,3,2007年第3期,True,True,5,5,0,0,5,0,found
世界经济与政治,150,政治学,CSSCI,2007,4,2007年第4期,True,True,4,4,0,0,4,0,found
世界经济与政治,150,政治学,CSSCI,2007,5,2007年第5期,True,True,2,2,0,0,2,0,found
世界经济与政治,150,政治学,CSSCI,2007,6,2007年第6期,True,False,0,0,0,0,0,0,not_found_in_public_sources
世界经济与政治,150,政治学,CSSCI,2007,7,2007年第7期,True,True,1,1,0,0,1,0,found
世界经济与政治,150,政治学,CSSCI,2007,8,2007年第8期,True,True,4,4,0,0,4,0,found
世界经济与政治,150,政治学,CSSCI,2007,9,2007年第9期,True,True,5,5,0,0,5,0,found
世界经济与政治,150,政治学,CSSCI,2007,10,2007年第10期,True,True,1,1,0,0,1,0,found
世界经济与政治,150,政治学,CSSCI,2007,11,2007年第11期,True,True,1,1,0,0,1,0,found
世界经济与政治,150,政治学,CSSCI,2007,12,2007年第12期,True,True,3,3,0,0,3,0,found
世界经济与政治,150,政治学,CSSCI,2008,1,2008年第1期,True,True,1,1,0,0,1,0,found
世界经济与政治,150,政治学,CSSCI,2008,2,2008年第2期,True,True,1,1,0,0,1,0,found
世界经济与政治,150,政治学,CSSCI,2008,3,2008年第3期,True,False,0,0,0,0,0,0,not_found_in_public_sources
世界经济与政治,150,政治学,CSSCI,2008,4,2008年第4期,True,False,0,0,0,0,0,0,not_found_in_public_sources
世界经济与政治,150,政治学,CSSCI,2008,5,2008年第5期,True,True,2,2,0,0,2,0,found
世界经济与政治,150,政治学,CSSCI,2008,6,2008年第6期,True,True,1,1,0,0,1,0,found
世界经济与政治,150,政治学,CSSCI,2008,7,2008年第7期,True,False,0,0,0,0,0,0,not_found_in_public_sources
世界经济与政治,150,政治学,CSSCI,2008,8,2008年第8期,True,False,0,0,0,0,0,0,not_found_in_public_sources
世界经济与政治,150,政治学,CSSCI,2008,9,2008年第9期,True,True,3,3,0,0,3,0,found
世界经济与政治,150,政治学,CSSCI,2008,10,2008年第10期,True,True,3,3,0,0,3,0,found
世界经济与政治,150,政治学,CSSCI,2008,11,2008年第11期,True,True,1,1,0,0,1,0,found
世界经济与政治,150,政治学,CSSCI,2008,12,2008年第12期,True,True,5,5,0,0,5,0,found
世界经济与政治,150,政治学,CSSCI,2009,1,2009年第1期,True,True,3,3,0,0,3,0,found
世界经济与政治,150,政治学,CSSCI,2009,2,2009年第2期,True,True,1,1,0,0,1,0,found
世界经济与政治,150,政治学,CSSCI,2009,3,2009年第3期,True,True,1,1,0,0,1,0,found
世界经济与政治,150,政治学,CSSCI,2009,4,2009年第4期,True,True,2,2,0,0,2,0,found
世界经济与政治,150,政治学,CSSCI,2009,5,2009年第5期,True,False,0,0,0,0,0,0,not_found_in_public_sources
世界经济与政治,150,政治学,CSSCI,2009,6,2009年第6期,True,True,1,1,0,0,1,0,found
世界经济与政治,150,政治学,CSSCI,2009,7,2009年第7期,True,False,0,0,0,0,0,0,not_found_in_public_sources
世界经济与政治,150,政治学,CSSCI,2009,8,2009年第8期,True,False,0,0,0,0,0,0,not_found_in_public_sources
世界经济与政治,150,政治学,CSSCI,2009,9,2009年第9期,True,True,1,1,0,0,1,0,found
世界经济与政治,150,政治学,CSSCI,2009,10,2009年第10期,True,True,1,1,0,0,1,0,found
世界经济与政治,150,政治学,CSSCI,2009,11,2009年第11期,True,True,1,1,0,0,1,0,found
世界经济与政治,150,政治学,CSSCI,2009,12,2009年第12期,True,True,2,2,0,0,2,0,found
世界经济与政治,150,政治学,CSSCI,2010,1,2010年第1期,True,True,1,1,0,0,1,0,found
世界经济与政治,150,政治学,CSSCI,2010,2,2010年第2期,True,True,2,2,0,0,2,0,found
世界经济与政治,150,政治学,CSSCI,2010,3,2010年第3期,True,False,0,0,0,0,0,0,not_found_in_public_sources
世界经济与政治,150,政治学,CSSCI,2010,4,2010年第4期,True,True,1,1,0,0,1,0,found
世界经济与政治,150,政治学,CSSCI,2010,5,2010年第5期,True,True,4,4,0,0,4,0,found
世界经济与政治,150,政治学,CSSCI,2010,6,2010年第6期,True,True,2,2,0,0,2,0,found
世界经济与政治,150,政治学,CSSCI,2010,7,2010年第7期,True,False,0,0,0,0,0,0,not_found_in_public_sources
世界经济与政治,150,政治学,CSSCI,2010,8,2010年第8期,True,True,1,1,0,0,1,0,found
世界经济与政治,150,政治学,CSSCI,2010,9,2010年第9期,True,False,0,0,0,0,0,0,not_found_in_public_sources
世界经济与政治,150,政治学,CSSCI,2010,10,2010年第10期,True,True,1,1,0,0,1,0,found
世界经济与政治,150,政治学,CSSCI,2010,11,2010年第11期,True,True,2,2,0,0,2,0,found
世界经济与政治,150,政治学,CSSCI,2010,12,2010年第12期,True,False,0,0,0,0,0,0,not_found_in_public_sources
世界经济与政治,150,政治学,CSSCI,2011,1,2011年第1期,True,True,2,2,0,0,2,0,found
世界经济与政治,150,政治学,CSSCI,2011,2,2011年第2期,True,True,1,1,0,0,1,0,found
世界经济与政治,150,政治学,CSSCI,2011,3,2011年第3期,True,False,0,0,0,0,0,0,not_found_in_public_sources
世界经济与政治,150,政治学,CSSCI,2011,4,2011年第4期,True,True,2,2,0,0,2,0,found
世界经济与政治,150,政治学,CSSCI,2011,5,2011年第5期,True,True,2,2,0,0,2,0,found
世界经济与政治,150,政治学,CSSCI,2011,6,2011年第6期,True,False,0,0,0,0,0,0,not_found_in_public_sources
世界经济与政治,150,政治学,CSSCI,2011,7,2011年第7期,True,True,1,1,0,0,1,0,found
世界经济与政治,150,政治学,CSSCI,2011,8,2011年第8期,True,True,3,3,0,0,3,0,found
世界经济与政治,150,政治学,CSSCI,2011,9,2011年第9期,True,True,1,1,0,0,1,0,found
世界经济与政治,150,政治学,CSSCI,2011,10,2011年第10期,True,True,2,2,0,0,2,0,found
世界经济与政治,150,政治学,CSSCI,2011,11,2011年第11期,True,True,1,1,0,0,1,0,found
世界经济与政治,150,政治学,CSSCI,2011,12,2011年第12期,True,True,3,3,0,0,3,0,found
世界经济与政治,150,政治学,CSSCI,2012,1,2012年第1期,True,True,2,2,0,0,2,0,found
世界经济与政治,150,政治学,CSSCI,2012,2,2012年第2期,True,True,2,2,0,0,2,0,found
世界经济与政治,150,政治学,CSSCI,2012,3,2012年第3期,True,True,1,1,0,0,1,0,found
世界经济与政治,150,政治学,CSSCI,2012,4,2012年第4期,True,True,3,3,0,0,3,0,found
世界经济与政治,150,政治学,CSSCI,2012,5,2012年第5期,True,False,0,0,0,0,0,0,not_found_in_public_sources
世界经济与政治,150,政治学,CSSCI,2012,6,2012年第6期,True,True,1,1,0,0,1,0,found
世界经济与政治,150,政治学,CSSCI,2012,7,2012年第7期,True,True,1,1,0,0,1,0,found
世界经济与政治,150,政治学,CSSCI,2012,8,2012年第8期,True,False,0,0,0,0,0,0,not_found_in_public_sources
世界经济与政治,150,政治学,CSSCI,2012,9,2012年第9期,True,True,4,4,0,0,4,0,found
世界经济与政治,150,政治学,CSSCI,2012,10,2012年第10期,True,False,0,0,0,0,0,0,not_found_in_public_sources
世界经济与政治,150,政治学,CSSCI,2012,11,2012年第11期,True,True,2,2,0,0,2,0,found
世界经济与政治,150,政治学,CSSCI,2012,12,2012年第12期,True,True,1,1,0,0,1,0,found
世界经济与政治,150,政治学,CSSCI,2013,1,2013年第1期,True,True,1,1,0,0,1,0,found
世界经济与政治,150,政治学,CSSCI,2013,2,2013年第2期,True,True,1,1,0,0,1,0,found
世界经济与政治,150,政治学,CSSCI,2013,3,2013年第3期,True,True,2,2,0,0,2,0,found
世界经济与政治,150,政治学,CSSCI,2013,4,2013年第4期,True,False,0,0,0,0,0,0,not_found_in_public_sources
世界经济与政治,150,政治学,CSSCI,2013,5,2013年第5期,True,True,3,3,0,0,3,0,found
世界经济与政治,150,政治学,CSSCI,2013,6,2013年第6期,True,True,1,1,0,0,1,0,found
世界经济与政治,150,政治学,CSSCI,2013,7,2013年第7期,True,True,1,1,0,0,1,0,found
世界经济与政治,150,政治学,CSSCI,2013,8,2013年第8期,True,True,2,2,0,0,2,0,found
世界经济与政治,150,政治学,CSSCI,2013,9,2013年第9期,True,True,1,1,0,0,1,0,found
世界经济与政治,150,政治学,CSSCI,2013,10,2013年第10期,True,False,0,0,0,0,0,0,not_found_in_public_sources
世界经济与政治,150,政治学,CSSCI,2013,11,2013年第11期,True,True,1,1,0,0,1,0,found
世界经济与政治,150,政治学,CSSCI,2013,12,2013年第12期,True,True,3,3,0,0,3,0,found
世界经济与政治,150,政治学,CSSCI,2014,1,2014年第1期,True,True,3,3,0,0,3,0,found
世界经济与政治,150,政治学,CSSCI,2014,2,2014年第2期,True,True,3,3,0,0,3,0,found
世界经济与政治,150,政治学,CSSCI,2014,3,2014年第3期,True,True,2,2,0,0,2,0,found
世界经济与政治,150,政治学,CSSCI,2014,4,2014年第4期,True,True,2,2,0,0,2,0,found
世界经济与政治,150,政治学,CSSCI,2014,5,2014年第5期,True,True,2,2,0,0,2,0,found
世界经济与政治,150,政治学,CSSCI,2014,6,2014年第6期,True,False,0,0,0,0,0,0,not_found_in_public_sources
世界经济与政治,150,政治学,CSSCI,2014,7,2014年第7期,True,True,3,3,0,0,3,0,found
世界经济与政治,150,政治学,CSSCI,2014,8,2014年第8期,True,True,1,1,0,0,1,0,found
世界经济与政治,150,政治学,CSSCI,2014,9,2014年第9期,True,True,3,3,0,0,3,0,found
世界经济与政治,150,政治学,CSSCI,2014,10,2014年第10期,True,True,1,1,0,0,1,0,found
世界经济与政治,150,政治学,CSSCI,2014,11,2014年第11期,True,False,0,0,0,0,0,0,not_found_in_public_sources
世界经济与政治,150,政治学,CSSCI,2014,12,2014年第12期,True,False,0,0,0,0,0,0,not_found_in_public_sources
世界经济与政治,150,政治学,CSSCI,2015,1,2015年第1期,True,True,1,1,0,0,1,0,found
世界经济与政治,150,政治学,CSSCI,2015,2,2015年第2期,True,True,1,1,0,0,1,0,found
世界经济与政治,150,政治学,CSSCI,2015,3,2015年第3期,True,True,1,1,0,0,1,0,found
世界经济与政治,150,政治学,CSSCI,2015,4,2015年第4期,True,False,0,0,0,0,0,0,not_found_in_public_sources
世界经济与政治,150,政治学,CSSCI,2015,5,2015年第5期,True,True,1,1,0,0,1,0,found
世界经济与政治,150,政治学,CSSCI,2015,6,2015年第6期,True,True,1,1,0,0,1,0,found
世界经济与政治,150,政治学,CSSCI,2015,7,2015年第7期,True,True,1,1,0,0,1,0,found
世界经济与政治,150,政治学,CSSCI,2015,8,2015年第8期,True,True,1,1,0,0,1,0,found
世界经济与政治,150,政治学,CSSCI,2015,9,2015年第9期,True,True,1,1,0,0,1,0,found
世界经济与政治,150,政治学,CSSCI,2015,10,2015年第10期,True,False,0,0,0,0,0,0,not_found_in_public_sources
世界经济与政治,150,政治学,CSSCI,2015,11,2015年第11期,True,True,1,1,0,0,1,0,found
世界经济与政治,150,政治学,CSSCI,2015,12,2015年第12期,True,True,3,3,0,0,3,0,found
世界经济与政治,150,政治学,CSSCI,2016,1,2016年第1期,True,True,1,1,0,0,1,0,found
世界经济与政治,150,政治学,CSSCI,2016,2,2016年第2期,True,True,2,2,0,0,2,0,found
世界经济与政治,150,政治学,CSSCI,2016,3,2016年第3期,True,True,1,1,0,0,1,0,found
世界经济与政治,150,政治学,CSSCI,2016,4,2016年第4期,True,False,0,0,0,0,0,0,not_found_in_public_sources
世界经济与政治,150,政治学,CSSCI,2016,5,2016年第5期,True,True,1,1,0,0,1,0,found
世界经济与政治,150,政治学,CSSCI,2016,6,2016年第6期,True,True,1,1,0,0,1,0,found
世界经济与政治,150,政治学,CSSCI,2016,7,2016年第7期,True,True,1,1,0,0,1,0,found
世界经济与政治,150,政治学,CSSCI,2016,8,2016年第8期,True,False,0,0,0,0,0,0,not_found_in_public_sources
世界经济与政治,150,政治学,CSSCI,2016,9,2016年第9期,True,True,3,3,0,0,3,0,found
世界经济与政治,150,政治学,CSSCI,2016,10,2016年第10期,True,True,1,1,0,0,1,0,found
世界经济与政治,150,政治学,CSSCI,2016,11,2016年第11期,True,False,0,0,0,0,0,0,not_found_in_public_sources
世界经济与政治,150,政治学,CSSCI,2016,12,2016年第12期,True,False,0,0,0,0,0,0,not_found_in_public_sources
世界经济与政治,150,政治学,CSSCI,2017,1,2017年第1期,True,True,1,1,0,0,1,0,found
世界经济与政治,150,政治学,CSSCI,2017,2,2017年第2期,True,True,1,1,0,0,1,0,found
世界经济与政治,150,政治学,CSSCI,2017,3,2017年第3期,True,False,0,0,0,0,0,0,not_found_in_public_sources
世界经济与政治,150,政治学,CSSCI,2017,4,2017年第4期,True,False,0,0,0,0,0,0,not_found_in_public_sources
世界经济与政治,150,政治学,CSSCI,2017,5,2017年第5期,True,True,1,1,0,0,1,0,found
世界经济与政治,150,政治学,CSSCI,2017,6,2017年第6期,True,False,0,0,0,0,0,0,not_found_in_public_sources
世界经济与政治,150,政治学,CSSCI,2017,7,2017年第7期,True,True,1,1,0,0,1,0,found
世界经济与政治,150,政治学,CSSCI,2017,8,2017年第8期,True,False,0,0,0,0,0,0,not_found_in_public_sources
世界经济与政治,150,政治学,CSSCI,2017,9,2017年第9期,True,False,0,0,0,0,0,0,not_found_in_public_sources
世界经济与政治,150,政治学,CSSCI,2017,10,2017年第10期,True,False,0,0,0,0,0,0,not_found_in_public_sources
世界经济与政治,150,政治学,CSSCI,2017,11,2017年第11期,True,True,1,1,0,0,1,0,found
世界经济与政治,150,政治学,CSSCI,2017,12,2017年第12期,True,True,1,1,0,0,1,0,found
世界经济与政治,150,政治学,CSSCI,2018,1,2018年第1期,True,False,0,0,0,0,0,0,not_found_in_public_sources
世界经济与政治,150,政治学,CSSCI,2018,2,2018年第2期,True,False,0,0,0,0,0,0,not_found_in_public_sources
世界经济与政治,150,政治学,CSSCI,2018,3,2018年第3期,True,False,0,0,0,0,0,0,not_found_in_public_sources
世界经济与政治,150,政治学,CSSCI,2018,4,2018年第4期,True,False,0,0,0,0,0,0,not_found_in_public_sources
世界经济与政治,150,政治学,CSSCI,2018,5,2018年第5期,True,False,0,0,0,0,0,0,not_found_in_public_sources
世界经济与政治,150,政治学,CSSCI,2018,6,2018年第6期,True,False,0,0,0,0,0,0,not_found_in_public_sources
世界经济与政治,150,政治学,CSSCI,2018,7,2018年第7期,True,False,0,0,0,0,0,0,not_found_in_public_sources
世界经济与政治,150,政治学,CSSCI,2018,8,2018年第8期,True,False,0,0,0,0,0,0,not_found_in_public_sources
世界经济与政治,150,政治学,CSSCI,2018,9,2018年第9期,True,False,0,0,0,0,0,0,not_found_in_public_sources
世界经济与政治,150,政治学,CSSCI,2018,10,2018年第10期,True,False,0,0,0,0,0,0,not_found_in_public_sources
世界经济与政治,150,政治学,CSSCI,2018,11,2018年第11期,True,False,0,0,0,0,0,0,not_found_in_public_sources
世界经济与政治,150,政治学,CSSCI,2018,12,2018年第12期,True,True,1,1,0,0,1,0,found
世界经济与政治,150,政治学,CSSCI,2019,1,2019年第1期,True,False,0,0,0,0,0,0,not_found_in_public_sources
世界经济与政治,150,政治学,CSSCI,2019,2,2019年第2期,True,False,0,0,0,0,0,0,not_found_in_public_sources
世界经济与政治,150,政治学,CSSCI,2019,3,2019年第3期,True,False,0,0,0,0,0,0,not_found_in_public_sources
世界经济与政治,150,政治学,CSSCI,2019,4,2019年第4期,True,False,0,0,0,0,0,0,not_found_in_public_sources
世界经济与政治,150,政治学,CSSCI,2019,5,2019年第5期,True,False,0,0,0,0,0,0,not_found_in_public_sources
世界经济与政治,150,政治学,CSSCI,2019,6,2019年第6期,True,False,0,0,0,0,0,0,not_found_in_public_sources
世界经济与政治,150,政治学,CSSCI,2019,7,2019年第7期,True,False,0,0,0,0,0,0,not_found_in_public_sources
世界经济与政治,150,政治学,CSSCI,2019,8,2019年第8期,True,False,0,0,0,0,0,0,not_found_in_public_sources
世界经济与政治,150,政治学,CSSCI,2019,9,2019年第9期,True,False,0,0,0,0,0,0,not_found_in_public_sources
世界经济与政治,150,政治学,CSSCI,2019,10,2019年第10期,True,False,0,0,0,0,0,0,not_found_in_public_sources
世界经济与政治,150,政治学,CSSCI,2019,11,2019年第11期,True,False,0,0,0,0,0,0,not_found_in_public_sources
世界经济与政治,150,政治学,CSSCI,2019,12,2019年第12期,True,False,0,0,0,0,0,0,not_found_in_public_sources
世界经济与政治,150,政治学,CSSCI,2020,1,2020年第1期,True,False,0,0,0,0,0,0,not_found_in_public_sources
世界经济与政治,150,政治学,CSSCI,2020,2,2020年第2期,True,True,1,1,0,0,1,0,found
世界经济与政治,150,政治学,CSSCI,2020,3,2020年第3期,True,False,0,0,0,0,0,0,not_found_in_public_sources
世界经济与政治,150,政治学,CSSCI,2020,4,2020年第4期,True,False,0,0,0,0,0,0,not_found_in_public_sources
世界经济与政治,150,政治学,CSSCI,2020,5,2020年第5期,True,False,0,0,0,0,0,0,not_found_in_public_sources
世界经济与政治,150,政治学,CSSCI,2020,6,2020年第6期,True,False,0,0,0,0,0,0,not_found_in_public_sources
世界经济与政治,150,政治学,CSSCI,2020,7,2020年第7期,True,False,0,0,0,0,0,0,not_found_in_public_sources
世界经济与政治,150,政治学,CSSCI,2020,8,2020年第8期,True,False,0,0,0,0,0,0,not_found_in_public_sources
世界经济与政治,150,政治学,CSSCI,2020,9,2020年第9期,True,False,0,0,0,0,0,0,not_found_in_public_sources
世界经济与政治,150,政治学,CSSCI,2020,10,2020年第10期,True,False,0,0,0,0,0,0,not_found_in_public_sources
世界经济与政治,150,政治学,CSSCI,2020,11,2020年第11期,True,False,0,0,0,0,0,0,not_found_in_public_sources
世界经济与政治,150,政治学,CSSCI,2020,12,2020年第12期,True,False,0,0,0,0,0,0,not_found_in_public_sources
世界经济与政治,150,政治学,CSSCI,2021,1,2021年第1期,True,False,0,0,0,0,0,0,not_found_in_public_sources
世界经济与政治,150,政治学,CSSCI,2021,2,2021年第2期,True,False,0,0,0,0,0,0,not_found_in_public_sources
世界经济与政治,150,政治学,CSSCI,2021,3,2021年第3期,True,False,0,0,0,0,0,0,not_found_in_public_sources
世界经济与政治,150,政治学,CSSCI,2021,4,2021年第4期,True,False,0,0,0,0,0,0,not_found_in_public_sources
世界经济与政治,150,政治学,CSSCI,2021,5,2021年第5期,True,False,0,0,0,0,0,0,not_found_in_public_sources
世界经济与政治,150,政治学,CSSCI,2021,6,2021年第6期,True,False,0,0,0,0,0,0,not_found_in_public_sources
世界经济与政治,150,政治学,CSSCI,2021,7,2021年第7期,True,False,0,0,0,0,0,0,not_found_in_public_sources
世界经济与政治,150,政治学,CSSCI,2021,8,2021年第8期,True,False,0,0,0,0,0,0,not_found_in_public_sources
世界经济与政治,150,政治学,CSSCI,2021,9,2021年第9期,True,False,0,0,0,0,0,0,not_found_in_public_sources
世界经济与政治,150,政治学,CSSCI,2021,10,2021年第10期,True,False,0,0,0,0,0,0,not_found_in_public_sources
世界经济与政治,150,政治学,CSSCI,2021,11,2021年第11期,True,False,0,0,0,0,0,0,not_found_in_public_sources
世界经济与政治,150,政治学,CSSCI,2021,12,2021年第12期,True,False,0,0,0,0,0,0,not_found_in_public_sources
世界经济与政治,150,政治学,CSSCI,2022,1,2022年第1期,True,False,0,0,0,0,0,0,not_found_in_public_sources
世界经济与政治,150,政治学,CSSCI,2022,2,2022年第2期,True,False,0,0,0,0,0,0,not_found_in_public_sources
世界经济与政治,150,政治学,CSSCI,2022,3,2022年第3期,True,False,0,0,0,0,0,0,not_found_in_public_sources
世界经济与政治,150,政治学,CSSCI,2022,4,2022年第4期,True,False,0,0,0,0,0,0,not_found_in_public_sources
世界经济与政治,150,政治学,CSSCI,2022,5,2022年第5期,True,False,0,0,0,0,0,0,not_found_in_public_sources
世界经济与政治,150,政治学,CSSCI,2022,6,2022年第6期,True,False,0,0,0,0,0,0,not_found_in_public_sources
世界经济与政治,150,政治学,CSSCI,2022,7,2022年第7期,True,False,0,0,0,0,0,0,not_found_in_public_sources
世界经济与政治,150,政治学,CSSCI,2022,8,2022年第8期,True,False,0,0,0,0,0,0,not_found_in_public_sources
世界经济与政治,150,政治学,CSSCI,2022,9,2022年第9期,True,False,0,0,0,0,0,0,not_found_in_public_sources
世界经济与政治,150,政治学,CSSCI,2022,10,2022年第10期,True,False,0,0,0,0,0,0,not_found_in_public_sources
世界经济与政治,150,政治学,CSSCI,2022,11,2022年第11期,True,False,0,0,0,0,0,0,not_found_in_public_sources
世界经济与政治,150,政治学,CSSCI,2022,12,2022年第12期,True,False,0,0,0,0,0,0,not_found_in_public_sources
世界经济与政治,150,政治学,CSSCI,2023,1,2023年第1期,True,False,0,0,0,0,0,0,not_found_in_public_sources
世界经济与政治,150,政治学,CSSCI,2023,2,2023年第2期,True,False,0,0,0,0,0,0,not_found_in_public_sources
世界经济与政治,150,政治学,CSSCI,2023,3,2023年第3期,True,False,0,0,0,0,0,0,not_found_in_public_sources
世界经济与政治,150,政治学,CSSCI,2023,4,2023年第4期,True,False,0,0,0,0,0,0,not_found_in_public_sources
世界经济与政治,150,政治学,CSSCI,2023,5,2023年第5期,True,False,0,0,0,0,0,0,not_found_in_public_sources
世界经济与政治,150,政治学,CSSCI,2023,6,2023年第6期,True,False,0,0,0,0,0,0,not_found_in_public_sources
世界经济与政治,150,政治学,CSSCI,2023,7,2023年第7期,True,False,0,0,0,0,0,0,not_found_in_public_sources
世界经济与政治,150,政治学,CSSCI,2023,8,2023年第8期,True,False,0,0,0,0,0,0,not_found_in_public_sources
世界经济与政治,150,政治学,CSSCI,2023,9,2023年第9期,True,False,0,0,0,0,0,0,not_found_in_public_sources
世界经济与政治,150,政治学,CSSCI,2023,10,2023年第10期,True,False,0,0,0,0,0,0,not_found_in_public_sources
世界经济与政治,150,政治学,CSSCI,2023,11,2023年第11期,True,False,0,0,0,0,0,0,not_found_in_public_sources
世界经济与政治,150,政治学,CSSCI,2023,12,2023年第12期,True,False,0,0,0,0,0,0,not_found_in_public_sources
世界经济与政治,150,政治学,CSSCI,2024,1,2024年第1期,True,False,0,0,0,0,0,0,not_found_in_public_sources
世界经济与政治,150,政治学,CSSCI,2024,2,2024年第2期,True,False,0,0,0,0,0,0,not_found_in_public_sources
世界经济与政治,150,政治学,CSSCI,2024,3,2024年第3期,True,False,0,0,0,0,0,0,not_found_in_public_sources
世界经济与政治,150,政治学,CSSCI,2024,4,2024年第4期,True,False,0,0,0,0,0,0,not_found_in_public_sources
世界经济与政治,150,政治学,CSSCI,2024,5,2024年第5期,True,False,0,0,0,0,0,0,not_found_in_public_sources
世界经济与政治,150,政治学,CSSCI,2024,6,2024年第6期,True,False,0,0,0,0,0,0,not_found_in_public_sources
世界经济与政治,150,政治学,CSSCI,2024,7,2024年第7期,True,False,0,0,0,0,0,0,not_found_in_public_sources
世界经济与政治,150,政治学,CSSCI,2024,8,2024年第8期,True,False,0,0,0,0,0,0,not_found_in_public_sources
世界经济与政治,150,政治学,CSSCI,2024,9,2024年第9期,True,False,0,0,0,0,0,0,not_found_in_public_sources
世界经济与政治,150,政治学,CSSCI,2024,10,2024年第10期,True,False,0,0,0,0,0,0,not_found_in_public_sources
世界经济与政治,150,政治学,CSSCI,2024,11,2024年第11期,True,False,0,0,0,0,0,0,not_found_in_public_sources
世界经济与政治,150,政治学,CSSCI,2024,12,2024年第12期,True,False,0,0,0,0,0,0,not_found_in_public_sources
世界经济与政治,150,政治学,CSSCI,2025,1,2025年第1期,True,False,0,0,0,0,0,0,not_found_in_public_sources
世界经济与政治,150,政治学,CSSCI,2025,2,2025年第2期,True,False,0,0,0,0,0,0,not_found_in_public_sources
世界经济与政治,150,政治学,CSSCI,2025,3,2025年第3期,True,False,0,0,0,0,0,0,not_found_in_public_sources
世界经济与政治,150,政治学,CSSCI,2025,4,2025年第4期,True,False,0,0,0,0,0,0,not_found_in_public_sources
世界经济与政治,150,政治学,CSSCI,2025,5,2025年第5期,True,False,0,0,0,0,0,0,not_found_in_public_sources
世界经济与政治,150,政治学,CSSCI,2025,6,2025年第6期,True,False,0,0,0,0,0,0,not_found_in_public_sources
世界经济与政治,150,政治学,CSSCI,2025,7,2025年第7期,True,False,0,0,0,0,0,0,not_found_in_public_sources
世界经济与政治,150,政治学,CSSCI,2025,8,2025年第8期,True,False,0,0,0,0,0,0,not_found_in_public_sources
世界经济与政治,150,政治学,CSSCI,2025,9,2025年第9期,True,False,0,0,0,0,0,0,not_found_in_public_sources
世界经济与政治,150,政治学,CSSCI,2025,10,2025年第10期,True,False,0,0,0,0,0,0,not_found_in_public_sources
世界经济与政治,150,政治学,CSSCI,2025,11,2025年第11期,True,False,0,0,0,0,0,0,not_found_in_public_sources
世界经济与政治,150,政治学,CSSCI,2025,12,2025年第12期,True,False,0,0,0,0,0,0,not_found_in_public_sources
国际政治研究,151,政治学,CSSCI,1981,1,1981年第1期,True,True,1,1,0,0,1,0,found
国际政治研究,151,政治学,CSSCI,1981,2,1981年第2期,True,False,0,0,0,0,0,0,not_found_in_public_sources
国际政治研究,151,政治学,CSSCI,1981,3,1981年第3期,True,False,0,0,0,0,0,0,not_found_in_public_sources
国际政治研究,151,政治学,CSSCI,1981,4,1981年第4期,True,False,0,0,0,0,0,0,not_found_in_public_sources
国际政治研究,151,政治学,CSSCI,1981,5,1981年第5期,True,False,0,0,0,0,0,0,not_found_in_public_sources
国际政治研究,151,政治学,CSSCI,1981,6,1981年第6期,True,False,0,0,0,0,0,0,not_found_in_public_sources
国际政治研究,151,政治学,CSSCI,1982,1,1982年第1期,True,True,1,1,0,0,1,0,found
国际政治研究,151,政治学,CSSCI,1982,2,1982年第2期,True,False,0,0,0,0,0,0,not_found_in_public_sources
国际政治研究,151,政治学,CSSCI,1982,3,1982年第3期,True,True,1,1,0,0,1,0,found
国际政治研究,151,政治学,CSSCI,1982,4,1982年第4期,True,False,0,0,0,0,0,0,not_found_in_public_sources
国际政治研究,151,政治学,CSSCI,1982,5,1982年第5期,True,False,0,0,0,0,0,0,not_found_in_public_sources
国际政治研究,151,政治学,CSSCI,1982,6,1982年第6期,True,False,0,0,0,0,0,0,not_found_in_public_sources
国际政治研究,151,政治学,CSSCI,1983,1,1983年第1期,True,False,0,0,0,0,0,0,not_found_in_public_sources
国际政治研究,151,政治学,CSSCI,1983,2,1983年第2期,True,True,1,1,0,0,1,0,found
国际政治研究,151,政治学,CSSCI,1983,3,1983年第3期,True,True,1,1,0,0,1,0,found
国际政治研究,151,政治学,CSSCI,1983,4,1983年第4期,True,False,0,0,0,0,0,0,not_found_in_public_sources
国际政治研究,151,政治学,CSSCI,1983,5,1983年第5期,True,False,0,0,0,0,0,0,not_found_in_public_sources
国际政治研究,151,政治学,CSSCI,1983,6,1983年第6期,True,False,0,0,0,0,0,0,not_found_in_public_sources
国际政治研究,151,政治学,CSSCI,1984,1,1984年第1期,True,True,1,1,0,0,1,0,found
国际政治研究,151,政治学,CSSCI,1984,2,1984年第2期,True,False,0,0,0,0,0,0,not_found_in_public_sources
国际政治研究,151,政治学,CSSCI,1984,3,1984年第3期,True,False,0,0,0,0,0,0,not_found_in_public_sources
国际政治研究,151,政治学,CSSCI,1984,4,1984年第4期,True,False,0,0,0,0,0,0,not_found_in_public_sources
国际政治研究,151,政治学,CSSCI,1984,5,1984年第5期,True,False,0,0,0,0,0,0,not_found_in_public_sources
国际政治研究,151,政治学,CSSCI,1984,6,1984年第6期,True,False,0,0,0,0,0,0,not_found_in_public_sources
国际政治研究,151,政治学,CSSCI,1985,1,1985年第1期,True,True,2,2,0,0,2,0,found
国际政治研究,151,政治学,CSSCI,1985,2,1985年第2期,True,True,3,3,0,0,3,0,found
国际政治研究,151,政治学,CSSCI,1985,3,1985年第3期,True,True,1,1,0,0,1,0,found
国际政治研究,151,政治学,CSSCI,1985,4,1985年第4期,True,False,0,0,0,0,0,0,not_found_in_public_sources
国际政治研究,151,政治学,CSSCI,1985,5,1985年第5期,True,False,0,0,0,0,0,0,not_found_in_public_sources
国际政治研究,151,政治学,CSSCI,1985,6,1985年第6期,True,False,0,0,0,0,0,0,not_found_in_public_sources
国际政治研究,151,政治学,CSSCI,1986,1,1986年第1期,True,True,2,2,0,0,2,0,found
国际政治研究,151,政治学,CSSCI,1986,2,1986年第2期,True,False,0,0,0,0,0,0,not_found_in_public_sources
国际政治研究,151,政治学,CSSCI,1986,3,1986年第3期,True,False,0,0,0,0,0,0,not_found_in_public_sources
国际政治研究,151,政治学,CSSCI,1986,4,1986年第4期,True,False,0,0,0,0,0,0,not_found_in_public_sources
国际政治研究,151,政治学,CSSCI,1986,5,1986年第5期,True,False,0,0,0,0,0,0,not_found_in_public_sources
国际政治研究,151,政治学,CSSCI,1986,6,1986年第6期,True,False,0,0,0,0,0,0,not_found_in_public_sources
国际政治研究,151,政治学,CSSCI,1987,1,1987年第1期,True,True,1,1,0,0,1,0,found
国际政治研究,151,政治学,CSSCI,1987,2,1987年第2期,True,False,0,0,0,0,0,0,not_found_in_public_sources
国际政治研究,151,政治学,CSSCI,1987,3,1987年第3期,True,False,0,0,0,0,0,0,not_found_in_public_sources
国际政治研究,151,政治学,CSSCI,1987,4,1987年第4期,True,True,1,1,0,0,1,0,found
国际政治研究,151,政治学,CSSCI,1987,5,1987年第5期,True,False,0,0,0,0,0,0,not_found_in_public_sources
国际政治研究,151,政治学,CSSCI,1987,6,1987年第6期,True,False,0,0,0,0,0,0,not_found_in_public_sources
国际政治研究,151,政治学,CSSCI,1988,1,1988年第1期,True,False,0,0,0,0,0,0,not_found_in_public_sources
国际政治研究,151,政治学,CSSCI,1988,2,1988年第2期,True,False,0,0,0,0,0,0,not_found_in_public_sources
国际政治研究,151,政治学,CSSCI,1988,3,1988年第3期,True,True,5,5,0,0,5,0,found
国际政治研究,151,政治学,CSSCI,1988,4,1988年第4期,True,True,1,1,0,0,1,0,found
国际政治研究,151,政治学,CSSCI,1988,5,1988年第5期,True,False,0,0,0,0,0,0,not_found_in_public_sources
国际政治研究,151,政治学,CSSCI,1988,6,1988年第6期,True,False,0,0,0,0,0,0,not_found_in_public_sources
国际政治研究,151,政治学,CSSCI,1989,1,1989年第1期,True,True,5,5,0,0,5,0,found
国际政治研究,151,政治学,CSSCI,1989,2,1989年第2期,True,True,2,2,0,0,2,0,found
国际政治研究,151,政治学,CSSCI,1989,3,1989年第3期,True,False,0,0,0,0,0,0,not_found_in_public_sources
国际政治研究,151,政治学,CSSCI,1989,4,1989年第4期,True,True,1,1,0,0,1,0,found
国际政治研究,151,政治学,CSSCI,1989,5,1989年第5期,True,False,0,0,0,0,0,0,not_found_in_public_sources
国际政治研究,151,政治学,CSSCI,1989,6,1989年第6期,True,False,0,0,0,0,0,0,not_found_in_public_sources
国际政治研究,151,政治学,CSSCI,1990,1,1990年第1期,True,True,2,2,0,0,2,0,found
国际政治研究,151,政治学,CSSCI,1990,2,1990年第2期,True,True,1,1,0,0,1,0,found
国际政治研究,151,政治学,CSSCI,1990,3,1990年第3期,True,False,0,0,0,0,0,0,not_found_in_public_sources
国际政治研究,151,政治学,CSSCI,1990,4,1990年第4期,True,False,0,0,0,0,0,0,not_found_in_public_sources
国际政治研究,151,政治学,CSSCI,1990,5,1990年第5期,True,False,0,0,0,0,0,0,not_found_in_public_sources
国际政治研究,151,政治学,CSSCI,1990,6,1990年第6期,True,False,0,0,0,0,0,0,not_found_in_public_sources
国际政治研究,151,政治学,CSSCI,1991,1,1991年第1期,True,True,4,4,0,0,4,0,found
国际政治研究,151,政治学,CSSCI,1991,2,1991年第2期,True,False,0,0,0,0,0,0,not_found_in_public_sources
国际政治研究,151,政治学,CSSCI,1991,3,1991年第3期,True,False,0,0,0,0,0,0,not_found_in_public_sources
国际政治研究,151,政治学,CSSCI,1991,4,1991年第4期,True,True,1,1,0,0,1,0,found
国际政治研究,151,政治学,CSSCI,1991,5,1991年第5期,True,False,0,0,0,0,0,0,not_found_in_public_sources
国际政治研究,151,政治学,CSSCI,1991,6,1991年第6期,True,False,0,0,0,0,0,0,not_found_in_public_sources
国际政治研究,151,政治学,CSSCI,1992,1,1992年第1期,True,True,4,4,0,0,4,0,found
国际政治研究,151,政治学,CSSCI,1992,2,1992年第2期,True,True,1,1,0,0,1,0,found
国际政治研究,151,政治学,CSSCI,1992,3,1992年第3期,True,False,0,0,0,0,0,0,not_found_in_public_sources
国际政治研究,151,政治学,CSSCI,1992,4,1992年第4期,True,True,2,2,0,0,2,0,found
国际政治研究,151,政治学,CSSCI,1992,5,1992年第5期,True,False,0,0,0,0,0,0,not_found_in_public_sources
国际政治研究,151,政治学,CSSCI,1992,6,1992年第6期,True,False,0,0,0,0,0,0,not_found_in_public_sources
国际政治研究,151,政治学,CSSCI,1993,1,1993年第1期,True,True,9,9,0,0,9,0,found
国际政治研究,151,政治学,CSSCI,1993,2,1993年第2期,True,True,1,1,0,0,1,0,found
国际政治研究,151,政治学,CSSCI,1993,3,1993年第3期,True,False,0,0,0,0,0,0,not_found_in_public_sources
国际政治研究,151,政治学,CSSCI,1993,4,1993年第4期,True,True,1,1,0,0,1,0,found
国际政治研究,151,政治学,CSSCI,1993,5,1993年第5期,True,False,0,0,0,0,0,0,not_found_in_public_sources
国际政治研究,151,政治学,CSSCI,1993,6,1993年第6期,True,False,0,0,0,0,0,0,not_found_in_public_sources
国际政治研究,151,政治学,CSSCI,1994,1,1994年第1期,True,True,8,8,0,0,8,0,found
国际政治研究,151,政治学,CSSCI,1994,2,1994年第2期,True,True,4,4,0,0,4,0,found
国际政治研究,151,政治学,CSSCI,1994,3,1994年第3期,True,True,5,5,0,0,5,0,found
国际政治研究,151,政治学,CSSCI,1994,4,1994年第4期,True,True,2,2,0,0,2,0,found
国际政治研究,151,政治学,CSSCI,1994,5,1994年第5期,True,False,0,0,0,0,0,0,not_found_in_public_sources
国际政治研究,151,政治学,CSSCI,1994,6,1994年第6期,True,False,0,0,0,0,0,0,not_found_in_public_sources
国际政治研究,151,政治学,CSSCI,1995,1,1995年第1期,True,True,5,5,0,0,5,0,found
国际政治研究,151,政治学,CSSCI,1995,2,1995年第2期,True,True,4,4,0,0,4,0,found
国际政治研究,151,政治学,CSSCI,1995,3,1995年第3期,True,True,4,4,0,0,4,0,found
国际政治研究,151,政治学,CSSCI,1995,4,1995年第4期,True,False,0,0,0,0,0,0,not_found_in_public_sources
国际政治研究,151,政治学,CSSCI,1995,5,1995年第5期,True,False,0,0,0,0,0,0,not_found_in_public_sources
国际政治研究,151,政治学,CSSCI,1995,6,1995年第6期,True,False,0,0,0,0,0,0,not_found_in_public_sources
国际政治研究,151,政治学,CSSCI,1996,1,1996年第1期,True,True,11,11,0,0,11,0,found
国际政治研究,151,政治学,CSSCI,1996,2,1996年第2期,True,True,2,2,0,0,2,0,found
国际政治研究,151,政治学,CSSCI,1996,3,1996年第3期,True,True,4,4,0,0,4,0,found
国际政治研究,151,政治学,CSSCI,1996,4,1996年第4期,True,True,1,1,0,0,1,0,found
国际政治研究,151,政治学,CSSCI,1996,5,1996年第5期,True,False,0,0,0,0,0,0,not_found_in_public_sources
国际政治研究,151,政治学,CSSCI,1996,6,1996年第6期,True,False,0,0,0,0,0,0,not_found_in_public_sources
国际政治研究,151,政治学,CSSCI,1997,1,1997年第1期,True,True,7,7,0,0,7,0,found
国际政治研究,151,政治学,CSSCI,1997,2,1997年第2期,True,True,6,6,0,0,6,0,found
国际政治研究,151,政治学,CSSCI,1997,3,1997年第3期,True,True,1,1,0,0,1,0,found
国际政治研究,151,政治学,CSSCI,1997,4,1997年第4期,True,True,1,1,0,0,1,0,found
国际政治研究,151,政治学,CSSCI,1997,5,1997年第5期,True,False,0,0,0,0,0,0,not_found_in_public_sources
国际政治研究,151,政治学,CSSCI,1997,6,1997年第6期,True,False,0,0,0,0,0,0,not_found_in_public_sources
国际政治研究,151,政治学,CSSCI,1998,1,1998年第1期,True,True,6,6,0,0,6,0,found
国际政治研究,151,政治学,CSSCI,1998,2,1998年第2期,True,True,3,3,0,0,3,0,found
国际政治研究,151,政治学,CSSCI,1998,3,1998年第3期,True,True,3,3,0,0,3,0,found
国际政治研究,151,政治学,CSSCI,1998,4,1998年第4期,True,True,1,1,0,0,1,0,found
国际政治研究,151,政治学,CSSCI,1998,5,1998年第5期,True,False,0,0,0,0,0,0,not_found_in_public_sources
国际政治研究,151,政治学,CSSCI,1998,6,1998年第6期,True,False,0,0,0,0,0,0,not_found_in_public_sources
国际政治研究,151,政治学,CSSCI,1999,1,1999年第1期,True,True,9,9,0,0,9,0,found
国际政治研究,151,政治学,CSSCI,1999,2,1999年第2期,True,False,0,0,0,0,0,0,not_found_in_public_sources
国际政治研究,151,政治学,CSSCI,1999,3,1999年第3期,True,False,0,0,0,0,0,0,not_found_in_public_sources
国际政治研究,151,政治学,CSSCI,1999,4,1999年第4期,True,False,0,0,0,0,0,0,not_found_in_public_sources
国际政治研究,151,政治学,CSSCI,1999,5,1999年第5期,True,False,0,0,0,0,0,0,not_found_in_public_sources
国际政治研究,151,政治学,CSSCI,1999,6,1999年第6期,True,False,0,0,0,0,0,0,not_found_in_public_sources
国际政治研究,151,政治学,CSSCI,2000,1,2000年第1期,True,True,5,5,0,0,5,0,found
国际政治研究,151,政治学,CSSCI,2000,2,2000年第2期,True,False,0,0,0,0,0,0,not_found_in_public_sources
国际政治研究,151,政治学,CSSCI,2000,3,2000年第3期,True,False,0,0,0,0,0,0,not_found_in_public_sources
国际政治研究,151,政治学,CSSCI,2000,4,2000年第4期,True,False,0,0,0,0,0,0,not_found_in_public_sources
国际政治研究,151,政治学,CSSCI,2000,5,2000年第5期,True,False,0,0,0,0,0,0,not_found_in_public_sources
国际政治研究,151,政治学,CSSCI,2000,6,2000年第6期,True,False,0,0,0,0,0,0,not_found_in_public_sources
国际政治研究,151,政治学,CSSCI,2001,1,2001年第1期,True,True,3,3,0,0,3,0,found
国际政治研究,151,政治学,CSSCI,2001,2,2001年第2期,True,True,3,3,0,0,3,0,found
国际政治研究,151,政治学,CSSCI,2001,3,2001年第3期,True,True,2,2,0,0,2,0,found
国际政治研究,151,政治学,CSSCI,2001,4,2001年第4期,True,True,1,1,0,0,1,0,found
国际政治研究,151,政治学,CSSCI,2001,5,2001年第5期,True,False,0,0,0,0,0,0,not_found_in_public_sources
国际政治研究,151,政治学,CSSCI,2001,6,2001年第6期,True,False,0,0,0,0,0,0,not_found_in_public_sources
国际政治研究,151,政治学,CSSCI,2002,1,2002年第1期,True,True,14,14,0,0,14,0,found
国际政治研究,151,政治学,CSSCI,2002,2,2002年第2期,True,True,1,1,0,0,1,0,found
国际政治研究,151,政治学,CSSCI,2002,3,2002年第3期,True,False,0,0,0,0,0,0,not_found_in_public_sources
国际政治研究,151,政治学,CSSCI,2002,4,2002年第4期,True,True,1,1,0,0,1,0,found
国际政治研究,151,政治学,CSSCI,2002,5,2002年第5期,True,False,0,0,0,0,0,0,not_found_in_public_sources
国际政治研究,151,政治学,CSSCI,2002,6,2002年第6期,True,False,0,0,0,0,0,0,not_found_in_public_sources
国际政治研究,151,政治学,CSSCI,2003,1,2003年第1期,True,True,8,8,0,0,8,0,found
国际政治研究,151,政治学,CSSCI,2003,2,2003年第2期,True,True,1,1,0,0,1,0,found
国际政治研究,151,政治学,CSSCI,2003,3,2003年第3期,True,True,1,1,0,0,1,0,found
国际政治研究,151,政治学,CSSCI,2003,4,2003年第4期,True,True,3,3,0,0,3,0,found
国际政治研究,151,政治学,CSSCI,2003,5,2003年第5期,True,False,0,0,0,0,0,0,not_found_in_public_sources
国际政治研究,151,政治学,CSSCI,2003,6,2003年第6期,True,False,0,0,0,0,0,0,not_found_in_public_sources
国际政治研究,151,政治学,CSSCI,2004,1,2004年第1期,True,True,3,3,0,0,3,0,found
国际政治研究,151,政治学,CSSCI,2004,2,2004年第2期,True,True,2,2,0,0,2,0,found
国际政治研究,151,政治学,CSSCI,2004,3,2004年第3期,True,False,0,0,0,0,0,0,not_found_in_public_sources
国际政治研究,151,政治学,CSSCI,2004,4,2004年第4期,True,True,2,2,0,0,2,0,found
国际政治研究,151,政治学,CSSCI,2004,5,2004年第5期,True,False,0,0,0,0,0,0,not_found_in_public_sources
国际政治研究,151,政治学,CSSCI,2004,6,2004年第6期,True,False,0,0,0,0,0,0,not_found_in_public_sources
国际政治研究,151,政治学,CSSCI,2005,1,2005年第1期,True,True,11,11,0,0,11,0,found
国际政治研究,151,政治学,CSSCI,2005,2,2005年第2期,True,False,0,0,0,0,0,0,not_found_in_public_sources
国际政治研究,151,政治学,CSSCI,2005,3,2005年第3期,True,True,1,1,0,0,1,0,found
国际政治研究,151,政治学,CSSCI,2005,4,2005年第4期,True,True,3,3,0,0,3,0,found
国际政治研究,151,政治学,CSSCI,2005,5,2005年第5期,True,False,0,0,0,0,0,0,not_found_in_public_sources
国际政治研究,151,政治学,CSSCI,2005,6,2005年第6期,True,False,0,0,0,0,0,0,not_found_in_public_sources
国际政治研究,151,政治学,CSSCI,2006,1,2006年第1期,True,True,11,11,0,0,11,0,found
国际政治研究,151,政治学,CSSCI,2006,2,2006年第2期,True,True,2,2,0,0,2,0,found
国际政治研究,151,政治学,CSSCI,2006,3,2006年第3期,True,True,2,2,0,0,2,0,found
国际政治研究,151,政治学,CSSCI,2006,4,2006年第4期,True,True,2,2,0,0,2,0,found
国际政治研究,151,政治学,CSSCI,2006,5,2006年第5期,True,False,0,0,0,0,0,0,not_found_in_public_sources
国际政治研究,151,政治学,CSSCI,2006,6,2006年第6期,True,False,0,0,0,0,0,0,not_found_in_public_sources
国际政治研究,151,政治学,CSSCI,2007,1,2007年第1期,True,True,8,8,0,0,8,0,found
国际政治研究,151,政治学,CSSCI,2007,2,2007年第2期,True,True,2,2,0,0,2,0,found
国际政治研究,151,政治学,CSSCI,2007,3,2007年第3期,True,True,1,1,0,0,1,0,found
国际政治研究,151,政治学,CSSCI,2007,4,2007年第4期,True,False,0,0,0,0,0,0,not_found_in_public_sources
国际政治研究,151,政治学,CSSCI,2007,5,2007年第5期,True,False,0,0,0,0,0,0,not_found_in_public_sources
国际政治研究,151,政治学,CSSCI,2007,6,2007年第6期,True,False,0,0,0,0,0,0,not_found_in_public_sources
国际政治研究,151,政治学,CSSCI,2008,1,2008年第1期,True,True,13,13,0,0,13,0,found
国际政治研究,151,政治学,CSSCI,2008,2,2008年第2期,True,True,1,1,0,0,1,0,found
国际政治研究,151,政治学,CSSCI,2008,3,2008年第3期,True,True,1,1,0,0,1,0,found
国际政治研究,151,政治学,CSSCI,2008,4,2008年第4期,True,True,2,2,0,0,2,0,found
国际政治研究,151,政治学,CSSCI,2008,5,2008年第5期,True,False,0,0,0,0,0,0,not_found_in_public_sources
国际政治研究,151,政治学,CSSCI,2008,6,2008年第6期,True,False,0,0,0,0,0,0,not_found_in_public_sources
国际政治研究,151,政治学,CSSCI,2009,1,2009年第1期,True,True,5,5,0,0,5,0,found
国际政治研究,151,政治学,CSSCI,2009,2,2009年第2期,True,True,2,2,0,0,2,0,found
国际政治研究,151,政治学,CSSCI,2009,3,2009年第3期,True,True,1,1,0,0,1,0,found
国际政治研究,151,政治学,CSSCI,2009,4,2009年第4期,True,False,0,0,0,0,0,0,not_found_in_public_sources
国际政治研究,151,政治学,CSSCI,2009,5,2009年第5期,True,False,0,0,0,0,0,0,not_found_in_public_sources
国际政治研究,151,政治学,CSSCI,2009,6,2009年第6期,True,False,0,0,0,0,0,0,not_found_in_public_sources
国际政治研究,151,政治学,CSSCI,2010,1,2010年第1期,True,True,5,5,0,0,5,0,found
国际政治研究,151,政治学,CSSCI,2010,2,2010年第2期,True,True,1,1,0,0,1,0,found
国际政治研究,151,政治学,CSSCI,2010,3,2010年第3期,True,True,2,2,0,0,2,0,found
国际政治研究,151,政治学,CSSCI,2010,4,2010年第4期,True,True,2,2,0,0,2,0,found
国际政治研究,151,政治学,CSSCI,2010,5,2010年第5期,True,False,0,0,0,0,0,0,not_found_in_public_sources
国际政治研究,151,政治学,CSSCI,2010,6,2010年第6期,True,False,0,0,0,0,0,0,not_found_in_public_sources
国际政治研究,151,政治学,CSSCI,2011,1,2011年第1期,True,True,6,6,0,0,6,0,found
国际政治研究,151,政治学,CSSCI,2011,2,2011年第2期,True,False,0,0,0,0,0,0,not_found_in_public_sources
国际政治研究,151,政治学,CSSCI,2011,3,2011年第3期,True,True,2,2,0,0,2,0,found
国际政治研究,151,政治学,CSSCI,2011,4,2011年第4期,True,True,1,1,0,0,1,0,found
国际政治研究,151,政治学,CSSCI,2011,5,2011年第5期,True,False,0,0,0,0,0,0,not_found_in_public_sources
国际政治研究,151,政治学,CSSCI,2011,6,2011年第6期,True,False,0,0,0,0,0,0,not_found_in_public_sources
国际政治研究,151,政治学,CSSCI,2012,1,2012年第1期,True,True,12,12,0,0,12,0,found
国际政治研究,151,政治学,CSSCI,2012,2,2012年第2期,True,True,1,1,0,0,1,0,found
国际政治研究,151,政治学,CSSCI,2012,3,2012年第3期,True,True,2,2,0,0,2,0,found
国际政治研究,151,政治学,CSSCI,2012,4,2012年第4期,True,True,1,1,0,0,1,0,found
国际政治研究,151,政治学,CSSCI,2012,5,2012年第5期,True,False,0,0,0,0,0,0,not_found_in_public_sources
国际政治研究,151,政治学,CSSCI,2012,6,2012年第6期,True,False,0,0,0,0,0,0,not_found_in_public_sources
国际政治研究,151,政治学,CSSCI,2013,1,2013年第1期,True,True,6,6,0,0,6,0,found
国际政治研究,151,政治学,CSSCI,2013,2,2013年第2期,True,True,1,1,0,0,1,0,found
国际政治研究,151,政治学,CSSCI,2013,3,2013年第3期,True,True,1,1,0,0,1,0,found
国际政治研究,151,政治学,CSSCI,2013,4,2013年第4期,True,True,2,2,0,0,2,0,found
国际政治研究,151,政治学,CSSCI,2013,5,2013年第5期,True,False,0,0,0,0,0,0,not_found_in_public_sources
国际政治研究,151,政治学,CSSCI,2013,6,2013年第6期,True,False,0,0,0,0,0,0,not_found_in_public_sources
国际政治研究,151,政治学,CSSCI,2014,1,2014年第1期,True,True,4,4,0,0,4,0,found
国际政治研究,151,政治学,CSSCI,2014,2,2014年第2期,True,False,0,0,0,0,0,0,not_found_in_public_sources
国际政治研究,151,政治学,CSSCI,2014,3,2014年第3期,True,True,1,1,0,0,1,0,found
国际政治研究,151,政治学,CSSCI,2014,4,2014年第4期,True,False,0,0,0,0,0,0,not_found_in_public_sources
国际政治研究,151,政治学,CSSCI,2014,5,2014年第5期,True,True,1,1,0,0,1,0,found
国际政治研究,151,政治学,CSSCI,2014,6,2014年第6期,True,True,1,1,0,0,1,0,found
国际政治研究,151,政治学,CSSCI,2015,1,2015年第1期,True,True,2,2,0,0,2,0,found
国际政治研究,151,政治学,CSSCI,2015,2,2015年第2期,True,True,69,69,0,0,69,0,found
国际政治研究,151,政治学,CSSCI,2015,3,2015年第3期,True,False,0,0,0,0,0,0,not_found_in_public_sources
国际政治研究,151,政治学,CSSCI,2015,4,2015年第4期,True,True,1,1,0,0,1,0,found
国际政治研究,151,政治学,CSSCI,2015,5,2015年第5期,True,True,2,2,0,0,2,0,found
国际政治研究,151,政治学,CSSCI,2015,6,2015年第6期,True,True,1,1,0,0,1,0,found
国际政治研究,151,政治学,CSSCI,2016,1,2016年第1期,True,True,2,2,0,0,2,0,found
国际政治研究,151,政治学,CSSCI,2016,2,2016年第2期,True,False,0,0,0,0,0,0,not_found_in_public_sources
国际政治研究,151,政治学,CSSCI,2016,3,2016年第3期,True,False,0,0,0,0,0,0,not_found_in_public_sources
国际政治研究,151,政治学,CSSCI,2016,4,2016年第4期,True,True,2,2,0,0,2,0,found
国际政治研究,151,政治学,CSSCI,2016,5,2016年第5期,True,False,0,0,0,0,0,0,not_found_in_public_sources
国际政治研究,151,政治学,CSSCI,2016,6,2016年第6期,True,False,0,0,0,0,0,0,not_found_in_public_sources
国际政治研究,151,政治学,CSSCI,2017,1,2017年第1期,True,False,0,0,0,0,0,0,not_found_in_public_sources
国际政治研究,151,政治学,CSSCI,2017,2,2017年第2期,True,True,1,1,0,0,1,0,found
国际政治研究,151,政治学,CSSCI,2017,3,2017年第3期,True,True,6,6,0,0,6,0,found
国际政治研究,151,政治学,CSSCI,2017,4,2017年第4期,True,False,0,0,0,0,0,0,not_found_in_public_sources
国际政治研究,151,政治学,CSSCI,2017,5,2017年第5期,True,True,1,1,0,0,1,0,found
国际政治研究,151,政治学,CSSCI,2017,6,2017年第6期,True,True,1,1,0,0,1,0,found
国际政治研究,151,政治学,CSSCI,2018,1,2018年第1期,True,True,1,1,0,0,1,0,found
国际政治研究,151,政治学,CSSCI,2018,2,2018年第2期,True,False,0,0,0,0,0,0,not_found_in_public_sources
国际政治研究,151,政治学,CSSCI,2018,3,2018年第3期,True,False,0,0,0,0,0,0,not_found_in_public_sources
国际政治研究,151,政治学,CSSCI,2018,4,2018年第4期,True,False,0,0,0,0,0,0,not_found_in_public_sources
国际政治研究,151,政治学,CSSCI,2018,5,2018年第5期,True,False,0,0,0,0,0,0,not_found_in_public_sources
国际政治研究,151,政治学,CSSCI,2018,6,2018年第6期,True,False,0,0,0,0,0,0,not_found_in_public_sources
国际政治研究,151,政治学,CSSCI,2019,1,2019年第1期,True,True,2,2,0,0,2,0,found
国际政治研究,151,政治学,CSSCI,2019,2,2019年第2期,True,False,0,0,0,0,0,0,not_found_in_public_sources
国际政治研究,151,政治学,CSSCI,2019,3,2019年第3期,True,False,0,0,0,0,0,0,not_found_in_public_sources
国际政治研究,151,政治学,CSSCI,2019,4,2019年第4期,True,False,0,0,0,0,0,0,not_found_in_public_sources
国际政治研究,151,政治学,CSSCI,2019,5,2019年第5期,True,False,0,0,0,0,0,0,not_found_in_public_sources
国际政治研究,151,政治学,CSSCI,2019,6,2019年第6期,True,False,0,0,0,0,0,0,not_found_in_public_sources
国际政治研究,151,政治学,CSSCI,2020,1,2020年第1期,True,True,1,1,0,0,1,0,found
国际政治研究,151,政治学,CSSCI,2020,2,2020年第2期,True,False,0,0,0,0,0,0,not_found_in_public_sources
国际政治研究,151,政治学,CSSCI,2020,3,2020年第3期,True,False,0,0,0,0,0,0,not_found_in_public_sources
国际政治研究,151,政治学,CSSCI,2020,4,2020年第4期,True,False,0,0,0,0,0,0,not_found_in_public_sources
国际政治研究,151,政治学,CSSCI,2020,5,2020年第5期,True,False,0,0,0,0,0,0,not_found_in_public_sources
国际政治研究,151,政治学,CSSCI,2020,6,2020年第6期,True,False,0,0,0,0,0,0,not_found_in_public_sources
国际政治研究,151,政治学,CSSCI,2021,1,2021年第1期,True,False,0,0,0,0,0,0,not_found_in_public_sources
国际政治研究,151,政治学,CSSCI,2021,2,2021年第2期,True,False,0,0,0,0,0,0,not_found_in_public_sources
国际政治研究,151,政治学,CSSCI,2021,3,2021年第3期,True,False,0,0,0,0,0,0,not_found_in_public_sources
国际政治研究,151,政治学,CSSCI,2021,4,2021年第4期,True,False,0,0,0,0,0,0,not_found_in_public_sources
国际政治研究,151,政治学,CSSCI,2021,5,2021年第5期,True,False,0,0,0,0,0,0,not_found_in_public_sources
国际政治研究,151,政治学,CSSCI,2021,6,2021年第6期,True,False,0,0,0,0,0,0,not_found_in_public_sources
国际政治研究,151,政治学,CSSCI,2022,1,2022年第1期,True,False,0,0,0,0,0,0,not_found_in_public_sources
国际政治研究,151,政治学,CSSCI,2022,2,2022年第2期,True,False,0,0,0,0,0,0,not_found_in_public_sources
国际政治研究,151,政治学,CSSCI,2022,3,2022年第3期,True,False,0,0,0,0,0,0,not_found_in_public_sources
国际政治研究,151,政治学,CSSCI,2022,4,2022年第4期,True,False,0,0,0,0,0,0,not_found_in_public_sources
国际政治研究,151,政治学,CSSCI,2022,5,2022年第5期,True,False,0,0,0,0,0,0,not_found_in_public_sources
国际政治研究,151,政治学,CSSCI,2022,6,2022年第6期,True,False,0,0,0,0,0,0,not_found_in_public_sources
国际政治研究,151,政治学,CSSCI,2023,1,2023年第1期,True,False,0,0,0,0,0,0,not_found_in_public_sources
国际政治研究,151,政治学,CSSCI,2023,2,2023年第2期,True,False,0,0,0,0,0,0,not_found_in_public_sources
国际政治研究,151,政治学,CSSCI,2023,3,2023年第3期,True,False,0,0,0,0,0,0,not_found_in_public_sources
国际政治研究,151,政治学,CSSCI,2023,4,2023年第4期,True,False,0,0,0,0,0,0,not_found_in_public_sources
国际政治研究,151,政治学,CSSCI,2023,5,2023年第5期,True,False,0,0,0,0,0,0,not_found_in_public_sources
国际政治研究,151,政治学,CSSCI,2023,6,2023年第6期,True,False,0,0,0,0,0,0,not_found_in_public_sources
国际政治研究,151,政治学,CSSCI,2024,1,2024年第1期,True,False,0,0,0,0,0,0,not_found_in_public_sources
国际政治研究,151,政治学,CSSCI,2024,2,2024年第2期,True,False,0,0,0,0,0,0,not_found_in_public_sources
国际政治研究,151,政治学,CSSCI,2024,3,2024年第3期,True,False,0,0,0,0,0,0,not_found_in_public_sources
国际政治研究,151,政治学,CSSCI,2024,4,2024年第4期,True,False,0,0,0,0,0,0,not_found_in_public_sources
国际政治研究,151,政治学,CSSCI,2024,5,2024年第5期,True,False,0,0,0,0,0,0,not_found_in_public_sources
国际政治研究,151,政治学,CSSCI,2024,6,2024年第6期,True,False,0,0,0,0,0,0,not_found_in_public_sources
国际政治研究,151,政治学,CSSCI,2025,1,2025年第1期,True,False,0,0,0,0,0,0,not_found_in_public_sources
国际政治研究,151,政治学,CSSCI,2025,2,2025年第2期,True,False,0,0,0,0,0,0,not_found_in_public_sources
国际政治研究,151,政治学,CSSCI,2025,3,2025年第3期,True,False,0,0,0,0,0,0,not_found_in_public_sources
国际政治研究,151,政治学,CSSCI,2025,4,2025年第4期,True,False,0,0,0,0,0,0,not_found_in_public_sources
国际政治研究,151,政治学,CSSCI,2025,5,2025年第5期,True,False,0,0,0,0,0,0,not_found_in_public_sources
国际政治研究,151,政治学,CSSCI,2025,6,2025年第6期,True,False,0,0,0,0,0,0,not_found_in_public_sources
国际安全研究,153,政治学,CSSCI,1994,1,1994年第1期,True,True,3,3,0,0,3,0,found
国际安全研究,153,政治学,CSSCI,1994,2,1994年第2期,True,True,3,3,0,0,3,0,found
国际安全研究,153,政治学,CSSCI,1994,3,1994年第3期,True,False,0,0,0,0,0,0,not_found_in_public_sources
国际安全研究,153,政治学,CSSCI,1994,4,1994年第4期,True,True,1,1,0,0,1,0,found
国际安全研究,153,政治学,CSSCI,1995,1,1995年第1期,True,True,1,1,0,0,1,0,found
国际安全研究,153,政治学,CSSCI,1995,2,1995年第2期,True,True,3,3,0,0,3,0,found
国际安全研究,153,政治学,CSSCI,1995,3,1995年第3期,True,True,2,2,0,0,2,0,found
国际安全研究,153,政治学,CSSCI,1995,4,1995年第4期,True,True,1,1,0,0,1,0,found
国际安全研究,153,政治学,CSSCI,1996,1,1996年第1期,True,True,3,3,0,0,3,0,found
国际安全研究,153,政治学,CSSCI,1996,2,1996年第2期,True,True,4,4,0,0,4,0,found
国际安全研究,153,政治学,CSSCI,1996,3,1996年第3期,True,False,0,0,0,0,0,0,not_found_in_public_sources
国际安全研究,153,政治学,CSSCI,1996,4,1996年第4期,True,True,2,2,0,0,2,0,found
国际安全研究,153,政治学,CSSCI,1997,1,1997年第1期,True,True,5,5,0,0,5,0,found
国际安全研究,153,政治学,CSSCI,1997,2,1997年第2期,True,True,1,1,0,0,1,0,found
国际安全研究,153,政治学,CSSCI,1997,3,1997年第3期,True,False,0,0,0,0,0,0,not_found_in_public_sources
国际安全研究,153,政治学,CSSCI,1997,4,1997年第4期,True,True,1,1,0,0,1,0,found
国际安全研究,153,政治学,CSSCI,1998,1,1998年第1期,True,True,1,1,0,0,1,0,found
国际安全研究,153,政治学,CSSCI,1998,2,1998年第2期,True,True,3,3,0,0,3,0,found
国际安全研究,153,政治学,CSSCI,1998,3,1998年第3期,True,True,2,2,0,0,2,0,found
国际安全研究,153,政治学,CSSCI,1998,4,1998年第4期,True,True,1,1,0,0,1,0,found
国际安全研究,153,政治学,CSSCI,1999,1,1999年第1期,True,True,2,2,0,0,2,0,found
国际安全研究,153,政治学,CSSCI,1999,2,1999年第2期,True,False,0,0,0,0,0,0,not_found_in_public_sources
国际安全研究,153,政治学,CSSCI,1999,3,1999年第3期,True,False,0,0,0,0,0,0,not_found_in_public_sources
国际安全研究,153,政治学,CSSCI,1999,4,1999年第4期,True,True,2,2,0,0,2,0,found
国际安全研究,153,政治学,CSSCI,2000,1,2000年第1期,True,False,0,0,0,0,0,0,not_found_in_public_sources
国际安全研究,153,政治学,CSSCI,2000,2,2000年第2期,True,False,0,0,0,0,0,0,not_found_in_public_sources
国际安全研究,153,政治学,CSSCI,2000,3,2000年第3期,True,False,0,0,0,0,0,0,not_found_in_public_sources
国际安全研究,153,政治学,CSSCI,2000,4,2000年第4期,True,False,0,0,0,0,0,0,not_found_in_public_sources
国际安全研究,153,政治学,CSSCI,2001,1,2001年第1期,True,False,0,0,0,0,0,0,not_found_in_public_sources
国际安全研究,153,政治学,CSSCI,2001,2,2001年第2期,True,False,0,0,0,0,0,0,not_found_in_public_sources
国际安全研究,153,政治学,CSSCI,2001,3,2001年第3期,True,False,0,0,0,0,0,0,not_found_in_public_sources
国际安全研究,153,政治学,CSSCI,2001,4,2001年第4期,True,False,0,0,0,0,0,0,not_found_in_public_sources
国际安全研究,153,政治学,CSSCI,2002,1,2002年第1期,True,False,0,0,0,0,0,0,not_found_in_public_sources
国际安全研究,153,政治学,CSSCI,2002,2,2002年第2期,True,False,0,0,0,0,0,0,not_found_in_public_sources
国际安全研究,153,政治学,CSSCI,2002,3,2002年第3期,True,False,0,0,0,0,0,0,not_found_in_public_sources
国际安全研究,153,政治学,CSSCI,2002,4,2002年第4期,True,False,0,0,0,0,0,0,not_found_in_public_sources
国际安全研究,153,政治学,CSSCI,2003,1,2003年第1期,True,False,0,0,0,0,0,0,not_found_in_public_sources
国际安全研究,153,政治学,CSSCI,2003,2,2003年第2期,True,False,0,0,0,0,0,0,not_found_in_public_sources
国际安全研究,153,政治学,CSSCI,2003,3,2003年第3期,True,False,0,0,0,0,0,0,not_found_in_public_sources
国际安全研究,153,政治学,CSSCI,2003,4,2003年第4期,True,False,0,0,0,0,0,0,not_found_in_public_sources
国际安全研究,153,政治学,CSSCI,2004,1,2004年第1期,True,False,0,0,0,0,0,0,not_found_in_public_sources
国际安全研究,153,政治学,CSSCI,2004,2,2004年第2期,True,False,0,0,0,0,0,0,not_found_in_public_sources
国际安全研究,153,政治学,CSSCI,2004,3,2004年第3期,True,False,0,0,0,0,0,0,not_found_in_public_sources
国际安全研究,153,政治学,CSSCI,2004,4,2004年第4期,True,False,0,0,0,0,0,0,not_found_in_public_sources
国际安全研究,153,政治学,CSSCI,2005,1,2005年第1期,True,False,0,0,0,0,0,0,not_found_in_public_sources
国际安全研究,153,政治学,CSSCI,2005,2,2005年第2期,True,False,0,0,0,0,0,0,not_found_in_public_sources
国际安全研究,153,政治学,CSSCI,2005,3,2005年第3期,True,False,0,0,0,0,0,0,not_found_in_public_sources
国际安全研究,153,政治学,CSSCI,2005,4,2005年第4期,True,False,0,0,0,0,0,0,not_found_in_public_sources
国际安全研究,153,政治学,CSSCI,2006,1,2006年第1期,True,False,0,0,0,0,0,0,not_found_in_public_sources
国际安全研究,153,政治学,CSSCI,2006,2,2006年第2期,True,False,0,0,0,0,0,0,not_found_in_public_sources
国际安全研究,153,政治学,CSSCI,2006,3,2006年第3期,True,False,0,0,0,0,0,0,not_found_in_public_sources
国际安全研究,153,政治学,CSSCI,2006,4,2006年第4期,True,False,0,0,0,0,0,0,not_found_in_public_sources
国际安全研究,153,政治学,CSSCI,2007,1,2007年第1期,True,True,2,2,0,0,2,0,found
国际安全研究,153,政治学,CSSCI,2007,2,2007年第2期,True,False,0,0,0,0,0,0,not_found_in_public_sources
国际安全研究,153,政治学,CSSCI,2007,3,2007年第3期,True,False,0,0,0,0,0,0,not_found_in_public_sources
国际安全研究,153,政治学,CSSCI,2007,4,2007年第4期,True,False,0,0,0,0,0,0,not_found_in_public_sources
国际安全研究,153,政治学,CSSCI,2008,1,2008年第1期,True,False,0,0,0,0,0,0,not_found_in_public_sources
国际安全研究,153,政治学,CSSCI,2008,2,2008年第2期,True,False,0,0,0,0,0,0,not_found_in_public_sources
国际安全研究,153,政治学,CSSCI,2008,3,2008年第3期,True,False,0,0,0,0,0,0,not_found_in_public_sources
国际安全研究,153,政治学,CSSCI,2008,4,2008年第4期,True,False,0,0,0,0,0,0,not_found_in_public_sources
国际安全研究,153,政治学,CSSCI,2009,1,2009年第1期,True,False,0,0,0,0,0,0,not_found_in_public_sources
国际安全研究,153,政治学,CSSCI,2009,2,2009年第2期,True,False,0,0,0,0,0,0,not_found_in_public_sources
国际安全研究,153,政治学,CSSCI,2009,3,2009年第3期,True,False,0,0,0,0,0,0,not_found_in_public_sources
国际安全研究,153,政治学,CSSCI,2009,4,2009年第4期,True,False,0,0,0,0,0,0,not_found_in_public_sources
国际安全研究,153,政治学,CSSCI,2010,1,2010年第1期,True,False,0,0,0,0,0,0,not_found_in_public_sources
国际安全研究,153,政治学,CSSCI,2010,2,2010年第2期,True,False,0,0,0,0,0,0,not_found_in_public_sources
国际安全研究,153,政治学,CSSCI,2010,3,2010年第3期,True,False,0,0,0,0,0,0,not_found_in_public_sources
国际安全研究,153,政治学,CSSCI,2010,4,2010年第4期,True,False,0,0,0,0,0,0,not_found_in_public_sources
国际安全研究,153,政治学,CSSCI,2011,1,2011年第1期,True,False,0,0,0,0,0,0,not_found_in_public_sources
国际安全研究,153,政治学,CSSCI,2011,2,2011年第2期,True,False,0,0,0,0,0,0,not_found_in_public_sources
国际安全研究,153,政治学,CSSCI,2011,3,2011年第3期,True,False,0,0,0,0,0,0,not_found_in_public_sources
国际安全研究,153,政治学,CSSCI,2011,4,2011年第4期,True,False,0,0,0,0,0,0,not_found_in_public_sources
国际安全研究,153,政治学,CSSCI,2012,1,2012年第1期,True,False,0,0,0,0,0,0,not_found_in_public_sources
国际安全研究,153,政治学,CSSCI,2012,2,2012年第2期,True,False,0,0,0,0,0,0,not_found_in_public_sources
国际安全研究,153,政治学,CSSCI,2012,3,2012年第3期,True,False,0,0,0,0,0,0,not_found_in_public_sources
国际安全研究,153,政治学,CSSCI,2012,4,2012年第4期,True,False,0,0,0,0,0,0,not_found_in_public_sources
国际安全研究,153,政治学,CSSCI,2013,1,2013年第1期,True,True,3,3,0,0,3,0,found
国际安全研究,153,政治学,CSSCI,2013,2,2013年第2期,True,False,0,0,0,0,0,0,not_found_in_public_sources
国际安全研究,153,政治学,CSSCI,2013,3,2013年第3期,True,False,0,0,0,0,0,0,not_found_in_public_sources
国际安全研究,153,政治学,CSSCI,2013,4,2013年第4期,True,False,0,0,0,0,0,0,not_found_in_public_sources
国际安全研究,153,政治学,CSSCI,2014,1,2014年第1期,True,True,10,10,0,0,10,0,found
国际安全研究,153,政治学,CSSCI,2014,2,2014年第2期,True,False,0,0,0,0,0,0,not_found_in_public_sources
国际安全研究,153,政治学,CSSCI,2014,3,2014年第3期,True,True,1,1,0,0,1,0,found
国际安全研究,153,政治学,CSSCI,2014,4,2014年第4期,True,False,0,0,0,0,0,0,not_found_in_public_sources
国际安全研究,153,政治学,CSSCI,2015,1,2015年第1期,True,True,4,4,0,0,4,0,found
国际安全研究,153,政治学,CSSCI,2015,2,2015年第2期,True,True,1,1,0,0,1,0,found
国际安全研究,153,政治学,CSSCI,2015,3,2015年第3期,True,False,0,0,0,0,0,0,not_found_in_public_sources
国际安全研究,153,政治学,CSSCI,2015,4,2015年第4期,True,False,0,0,0,0,0,0,not_found_in_public_sources
国际安全研究,153,政治学,CSSCI,2016,1,2016年第1期,True,True,7,7,0,0,7,0,found
国际安全研究,153,政治学,CSSCI,2016,2,2016年第2期,True,False,0,0,0,0,0,0,not_found_in_public_sources
国际安全研究,153,政治学,CSSCI,2016,3,2016年第3期,True,False,0,0,0,0,0,0,not_found_in_public_sources
国际安全研究,153,政治学,CSSCI,2016,4,2016年第4期,True,True,1,1,0,0,1,0,found
国际安全研究,153,政治学,CSSCI,2017,1,2017年第1期,True,True,4,4,0,0,4,0,found
国际安全研究,153,政治学,CSSCI,2017,2,2017年第2期,True,False,0,0,0,0,0,0,not_found_in_public_sources
国际安全研究,153,政治学,CSSCI,2017,3,2017年第3期,True,False,0,0,0,0,0,0,not_found_in_public_sources
国际安全研究,153,政治学,CSSCI,2017,4,2017年第4期,True,False,0,0,0,0,0,0,not_found_in_public_sources
国际安全研究,153,政治学,CSSCI,2018,1,2018年第1期,True,True,5,5,0,0,5,0,found
国际安全研究,153,政治学,CSSCI,2018,2,2018年第2期,True,False,0,0,0,0,0,0,not_found_in_public_sources
国际安全研究,153,政治学,CSSCI,2018,3,2018年第3期,True,False,0,0,0,0,0,0,not_found_in_public_sources
国际安全研究,153,政治学,CSSCI,2018,4,2018年第4期,True,False,0,0,0,0,0,0,not_found_in_public_sources
国际安全研究,153,政治学,CSSCI,2019,1,2019年第1期,True,True,4,4,0,0,4,0,found
国际安全研究,153,政治学,CSSCI,2019,2,2019年第2期,True,False,0,0,0,0,0,0,not_found_in_public_sources
国际安全研究,153,政治学,CSSCI,2019,3,2019年第3期,True,False,0,0,0,0,0,0,not_found_in_public_sources
国际安全研究,153,政治学,CSSCI,2019,4,2019年第4期,True,False,0,0,0,0,0,0,not_found_in_public_sources
国际安全研究,153,政治学,CSSCI,2020,1,2020年第1期,True,True,3,3,0,0,3,0,found
国际安全研究,153,政治学,CSSCI,2020,2,2020年第2期,True,False,0,0,0,0,0,0,not_found_in_public_sources
国际安全研究,153,政治学,CSSCI,2020,3,2020年第3期,True,False,0,0,0,0,0,0,not_found_in_public_sources
国际安全研究,153,政治学,CSSCI,2020,4,2020年第4期,True,False,0,0,0,0,0,0,not_found_in_public_sources
国际安全研究,153,政治学,CSSCI,2021,1,2021年第1期,True,True,7,7,0,0,7,0,found
国际安全研究,153,政治学,CSSCI,2021,2,2021年第2期,True,False,0,0,0,0,0,0,not_found_in_public_sources
国际安全研究,153,政治学,CSSCI,2021,3,2021年第3期,True,False,0,0,0,0,0,0,not_found_in_public_sources
国际安全研究,153,政治学,CSSCI,2021,4,2021年第4期,True,False,0,0,0,0,0,0,not_found_in_public_sources
国际安全研究,153,政治学,CSSCI,2022,1,2022年第1期,True,False,0,0,0,0,0,0,not_found_in_public_sources
国际安全研究,153,政治学,CSSCI,2022,2,2022年第2期,True,False,0,0,0,0,0,0,not_found_in_public_sources
国际安全研究,153,政治学,CSSCI,2022,3,2022年第3期,True,False,0,0,0,0,0,0,not_found_in_public_sources
国际安全研究,153,政治学,CSSCI,2022,4,2022年第4期,True,False,0,0,0,0,0,0,not_found_in_public_sources
国际安全研究,153,政治学,CSSCI,2023,1,2023年第1期,True,False,0,0,0,0,0,0,not_found_in_public_sources
国际安全研究,153,政治学,CSSCI,2023,2,2023年第2期,True,False,0,0,0,0,0,0,not_found_in_public_sources
国际安全研究,153,政治学,CSSCI,2023,3,2023年第3期,True,False,0,0,0,0,0,0,not_found_in_public_sources
国际安全研究,153,政治学,CSSCI,2023,4,2023年第4期,True,False,0,0,0,0,0,0,not_found_in_public_sources
国际安全研究,153,政治学,CSSCI,2024,1,2024年第1期,True,False,0,0,0,0,0,0,not_found_in_public_sources
国际安全研究,153,政治学,CSSCI,2024,2,2024年第2期,True,False,0,0,0,0,0,0,not_found_in_public_sources
国际安全研究,153,政治学,CSSCI,2024,3,2024年第3期,True,False,0,0,0,0,0,0,not_found_in_public_sources
国际安全研究,153,政治学,CSSCI,2024,4,2024年第4期,True,False,0,0,0,0,0,0,not_found_in_public_sources
国际安全研究,153,政治学,CSSCI,2025,1,2025年第1期,True,False,0,0,0,0,0,0,not_found_in_public_sources
国际安全研究,153,政治学,CSSCI,2025,2,2025年第2期,True,False,0,0,0,0,0,0,not_found_in_public_sources
国际安全研究,153,政治学,CSSCI,2025,3,2025年第3期,True,False,0,0,0,0,0,0,not_found_in_public_sources
国际安全研究,153,政治学,CSSCI,2025,4,2025年第4期,True,False,0,0,0,0,0,0,not_found_in_public_sources
国际问题研究,154,政治学,CSSCI,2006,1,2006年第1期,True,False,0,0,0,0,0,0,not_found_in_public_sources
国际问题研究,154,政治学,CSSCI,2006,2,2006年第2期,True,False,0,0,0,0,0,0,not_found_in_public_sources
国际问题研究,154,政治学,CSSCI,2006,3,2006年第3期,True,False,0,0,0,0,0,0,not_found_in_public_sources
国际问题研究,154,政治学,CSSCI,2006,4,2006年第4期,True,True,1,1,0,0,1,0,found
国际问题研究,154,政治学,CSSCI,2006,5,2006年第5期,True,False,0,0,0,0,0,0,not_found_in_public_sources
国际问题研究,154,政治学,CSSCI,2006,6,2006年第6期,True,False,0,0,0,0,0,0,not_found_in_public_sources
国际问题研究,154,政治学,CSSCI,2007,1,2007年第1期,True,True,19,19,0,0,19,0,found
国际问题研究,154,政治学,CSSCI,2007,2,2007年第2期,True,True,10,10,0,0,10,0,found
国际问题研究,154,政治学,CSSCI,2007,3,2007年第3期,True,True,10,10,0,0,10,0,found
国际问题研究,154,政治学,CSSCI,2007,4,2007年第4期,True,False,0,0,0,0,0,0,not_found_in_public_sources
国际问题研究,154,政治学,CSSCI,2007,5,2007年第5期,True,False,0,0,0,0,0,0,not_found_in_public_sources
国际问题研究,154,政治学,CSSCI,2007,6,2007年第6期,True,False,0,0,0,0,0,0,not_found_in_public_sources
国际问题研究,154,政治学,CSSCI,2008,1,2008年第1期,True,True,10,10,0,0,10,0,found
国际问题研究,154,政治学,CSSCI,2008,2,2008年第2期,True,False,0,0,0,0,0,0,not_found_in_public_sources
国际问题研究,154,政治学,CSSCI,2008,3,2008年第3期,True,True,9,9,0,0,9,0,found
国际问题研究,154,政治学,CSSCI,2008,4,2008年第4期,True,True,10,10,0,0,10,0,found
国际问题研究,154,政治学,CSSCI,2008,5,2008年第5期,True,False,0,0,0,0,0,0,not_found_in_public_sources
国际问题研究,154,政治学,CSSCI,2008,6,2008年第6期,True,False,0,0,0,0,0,0,not_found_in_public_sources
国际问题研究,154,政治学,CSSCI,2009,1,2009年第1期,True,True,21,21,0,0,21,0,found
国际问题研究,154,政治学,CSSCI,2009,2,2009年第2期,True,True,9,9,0,0,9,0,found
国际问题研究,154,政治学,CSSCI,2009,3,2009年第3期,True,True,9,9,0,0,9,0,found
国际问题研究,154,政治学,CSSCI,2009,4,2009年第4期,True,True,9,9,0,0,9,0,found
国际问题研究,154,政治学,CSSCI,2009,5,2009年第5期,True,True,10,10,0,0,10,0,found
国际问题研究,154,政治学,CSSCI,2009,6,2009年第6期,True,True,10,10,0,0,10,0,found
国际问题研究,154,政治学,CSSCI,2010,1,2010年第1期,True,True,11,11,0,0,11,0,found
国际问题研究,154,政治学,CSSCI,2010,2,2010年第2期,True,True,9,9,0,0,9,0,found
国际问题研究,154,政治学,CSSCI,2010,3,2010年第3期,True,True,10,10,0,0,10,0,found
国际问题研究,154,政治学,CSSCI,2010,4,2010年第4期,True,True,10,10,0,0,10,0,found
国际问题研究,154,政治学,CSSCI,2010,5,2010年第5期,True,True,10,10,0,0,10,0,found
国际问题研究,154,政治学,CSSCI,2010,6,2010年第6期,True,True,9,9,0,0,9,0,found
国际问题研究,154,政治学,CSSCI,2011,1,2011年第1期,True,True,10,10,0,0,10,0,found
国际问题研究,154,政治学,CSSCI,2011,2,2011年第2期,True,False,0,0,0,0,0,0,not_found_in_public_sources
国际问题研究,154,政治学,CSSCI,2011,3,2011年第3期,True,True,9,9,0,0,9,0,found
国际问题研究,154,政治学,CSSCI,2011,4,2011年第4期,True,True,10,10,0,0,10,0,found
国际问题研究,154,政治学,CSSCI,2011,5,2011年第5期,True,True,10,10,0,0,10,0,found
国际问题研究,154,政治学,CSSCI,2011,6,2011年第6期,True,True,10,10,0,0,10,0,found
国际问题研究,154,政治学,CSSCI,2012,1,2012年第1期,True,True,11,11,0,0,11,0,found
国际问题研究,154,政治学,CSSCI,2012,2,2012年第2期,True,False,0,0,0,0,0,0,not_found_in_public_sources
国际问题研究,154,政治学,CSSCI,2012,3,2012年第3期,True,True,10,10,0,0,10,0,found
国际问题研究,154,政治学,CSSCI,2012,4,2012年第4期,True,True,9,9,0,0,9,0,found
国际问题研究,154,政治学,CSSCI,2012,5,2012年第5期,True,True,10,10,0,0,10,0,found
国际问题研究,154,政治学,CSSCI,2012,6,2012年第6期,True,True,14,14,0,0,14,0,found
国际问题研究,154,政治学,CSSCI,2013,1,2013年第1期,True,True,9,9,0,0,9,0,found
国际问题研究,154,政治学,CSSCI,2013,2,2013年第2期,True,True,9,9,0,0,9,0,found
国际问题研究,154,政治学,CSSCI,2013,3,2013年第3期,True,True,8,8,0,0,8,0,found
国际问题研究,154,政治学,CSSCI,2013,4,2013年第4期,True,True,10,10,0,0,10,0,found
国际问题研究,154,政治学,CSSCI,2013,5,2013年第5期,True,True,8,8,0,0,8,0,found
国际问题研究,154,政治学,CSSCI,2013,6,2013年第6期,True,True,9,9,0,0,9,0,found
国际问题研究,154,政治学,CSSCI,2014,1,2014年第1期,True,True,9,9,0,0,9,0,found
国际问题研究,154,政治学,CSSCI,2014,2,2014年第2期,True,True,9,9,0,0,9,0,found
国际问题研究,154,政治学,CSSCI,2014,3,2014年第3期,True,True,10,10,0,0,10,0,found
国际问题研究,154,政治学,CSSCI,2014,4,2014年第4期,True,True,9,9,0,0,9,0,found
国际问题研究,154,政治学,CSSCI,2014,5,2014年第5期,True,True,9,9,0,0,9,0,found
国际问题研究,154,政治学,CSSCI,2014,6,2014年第6期,True,True,9,9,0,0,9,0,found
国际问题研究,154,政治学,CSSCI,2015,1,2015年第1期,True,True,11,11,0,0,11,0,found
国际问题研究,154,政治学,CSSCI,2015,2,2015年第2期,True,True,10,10,0,0,10,0,found
国际问题研究,154,政治学,CSSCI,2015,3,2015年第3期,True,True,10,10,0,0,10,0,found
国际问题研究,154,政治学,CSSCI,2015,4,2015年第4期,True,True,8,8,0,0,8,0,found
国际问题研究,154,政治学,CSSCI,2015,5,2015年第5期,True,True,10,10,0,0,10,0,found
国际问题研究,154,政治学,CSSCI,2015,6,2015年第6期,True,True,9,9,0,0,9,0,found
国际问题研究,154,政治学,CSSCI,2016,1,2016年第1期,True,True,9,9,0,0,9,0,found
国际问题研究,154,政治学,CSSCI,2016,2,2016年第2期,True,True,9,9,0,0,9,0,found
国际问题研究,154,政治学,CSSCI,2016,3,2016年第3期,True,True,9,9,0,0,9,0,found
国际问题研究,154,政治学,CSSCI,2016,4,2016年第4期,True,True,8,8,0,0,8,0,found
国际问题研究,154,政治学,CSSCI,2016,5,2016年第5期,True,False,0,0,0,0,0,0,not_found_in_public_sources
国际问题研究,154,政治学,CSSCI,2016,6,2016年第6期,True,False,0,0,0,0,0,0,not_found_in_public_sources
国际问题研究,154,政治学,CSSCI,2017,1,2017年第1期,True,False,0,0,0,0,0,0,not_found_in_public_sources
国际问题研究,154,政治学,CSSCI,2017,2,2017年第2期,True,False,0,0,0,0,0,0,not_found_in_public_sources
国际问题研究,154,政治学,CSSCI,2017,3,2017年第3期,True,False,0,0,0,0,0,0,not_found_in_public_sources
国际问题研究,154,政治学,CSSCI,2017,4,2017年第4期,True,False,0,0,0,0,0,0,not_found_in_public_sources
国际问题研究,154,政治学,CSSCI,2017,5,2017年第5期,True,False,0,0,0,0,0,0,not_found_in_public_sources
国际问题研究,154,政治学,CSSCI,2017,6,2017年第6期,True,False,0,0,0,0,0,0,not_found_in_public_sources
国际问题研究,154,政治学,CSSCI,2018,1,2018年第1期,True,False,0,0,0,0,0,0,not_found_in_public_sources
国际问题研究,154,政治学,CSSCI,2018,2,2018年第2期,True,False,0,0,0,0,0,0,not_found_in_public_sources
国际问题研究,154,政治学,CSSCI,2018,3,2018年第3期,True,False,0,0,0,0,0,0,not_found_in_public_sources
国际问题研究,154,政治学,CSSCI,2018,4,2018年第4期,True,False,0,0,0,0,0,0,not_found_in_public_sources
国际问题研究,154,政治学,CSSCI,2018,5,2018年第5期,True,False,0,0,0,0,0,0,not_found_in_public_sources
国际问题研究,154,政治学,CSSCI,2018,6,2018年第6期,True,False,0,0,0,0,0,0,not_found_in_public_sources
国际问题研究,154,政治学,CSSCI,2019,1,2019年第1期,True,False,0,0,0,0,0,0,not_found_in_public_sources
国际问题研究,154,政治学,CSSCI,2019,2,2019年第2期,True,False,0,0,0,0,0,0,not_found_in_public_sources
国际问题研究,154,政治学,CSSCI,2019,3,2019年第3期,True,False,0,0,0,0,0,0,not_found_in_public_sources
国际问题研究,154,政治学,CSSCI,2019,4,2019年第4期,True,False,0,0,0,0,0,0,not_found_in_public_sources
国际问题研究,154,政治学,CSSCI,2019,5,2019年第5期,True,False,0,0,0,0,0,0,not_found_in_public_sources
国际问题研究,154,政治学,CSSCI,2019,6,2019年第6期,True,False,0,0,0,0,0,0,not_found_in_public_sources
国际问题研究,154,政治学,CSSCI,2020,1,2020年第1期,True,False,0,0,0,0,0,0,not_found_in_public_sources
国际问题研究,154,政治学,CSSCI,2020,2,2020年第2期,True,False,0,0,0,0,0,0,not_found_in_public_sources
国际问题研究,154,政治学,CSSCI,2020,3,2020年第3期,True,False,0,0,0,0,0,0,not_found_in_public_sources
国际问题研究,154,政治学,CSSCI,2020,4,2020年第4期,True,False,0,0,0,0,0,0,not_found_in_public_sources
国际问题研究,154,政治学,CSSCI,2020,5,2020年第5期,True,False,0,0,0,0,0,0,not_found_in_public_sources
国际问题研究,154,政治学,CSSCI,2020,6,2020年第6期,True,False,0,0,0,0,0,0,not_found_in_public_sources
国际问题研究,154,政治学,CSSCI,2021,1,2021年第1期,True,False,0,0,0,0,0,0,not_found_in_public_sources
国际问题研究,154,政治学,CSSCI,2021,2,2021年第2期,True,False,0,0,0,0,0,0,not_found_in_public_sources
国际问题研究,154,政治学,CSSCI,2021,3,2021年第3期,True,False,0,0,0,0,0,0,not_found_in_public_sources
国际问题研究,154,政治学,CSSCI,2021,4,2021年第4期,True,False,0,0,0,0,0,0,not_found_in_public_sources
国际问题研究,154,政治学,CSSCI,2021,5,2021年第5期,True,False,0,0,0,0,0,0,not_found_in_public_sources
国际问题研究,154,政治学,CSSCI,2021,6,2021年第6期,True,False,0,0,0,0,0,0,not_found_in_public_sources
国际问题研究,154,政治学,CSSCI,2022,1,2022年第1期,True,False,0,0,0,0,0,0,not_found_in_public_sources
国际问题研究,154,政治学,CSSCI,2022,2,2022年第2期,True,False,0,0,0,0,0,0,not_found_in_public_sources
国际问题研究,154,政治学,CSSCI,2022,3,2022年第3期,True,False,0,0,0,0,0,0,not_found_in_public_sources
国际问题研究,154,政治学,CSSCI,2022,4,2022年第4期,True,False,0,0,0,0,0,0,not_found_in_public_sources
国际问题研究,154,政治学,CSSCI,2022,5,2022年第5期,True,False,0,0,0,0,0,0,not_found_in_public_sources
国际问题研究,154,政治学,CSSCI,2022,6,2022年第6期,True,False,0,0,0,0,0,0,not_found_in_public_sources
国际问题研究,154,政治学,CSSCI,2023,1,2023年第1期,True,False,0,0,0,0,0,0,not_found_in_public_sources
国际问题研究,154,政治学,CSSCI,2023,2,2023年第2期,True,False,0,0,0,0,0,0,not_found_in_public_sources
国际问题研究,154,政治学,CSSCI,2023,3,2023年第3期,True,False,0,0,0,0,0,0,not_found_in_public_sources
国际问题研究,154,政治学,CSSCI,2023,4,2023年第4期,True,False,0,0,0,0,0,0,not_found_in_public_sources
国际问题研究,154,政治学,CSSCI,2023,5,2023年第5期,True,False,0,0,0,0,0,0,not_found_in_public_sources
国际问题研究,154,政治学,CSSCI,2023,6,2023年第6期,True,False,0,0,0,0,0,0,not_found_in_public_sources
国际问题研究,154,政治学,CSSCI,2024,1,2024年第1期,True,False,0,0,0,0,0,0,not_found_in_public_sources
国际问题研究,154,政治学,CSSCI,2024,2,2024年第2期,True,False,0,0,0,0,0,0,not_found_in_public_sources
国际问题研究,154,政治学,CSSCI,2024,3,2024年第3期,True,False,0,0,0,0,0,0,not_found_in_public_sources
国际问题研究,154,政治学,CSSCI,2024,4,2024年第4期,True,False,0,0,0,0,0,0,not_found_in_public_sources
国际问题研究,154,政治学,CSSCI,2024,5,2024年第5期,True,False,0,0,0,0,0,0,not_found_in_public_sources
国际问题研究,154,政治学,CSSCI,2024,6,2024年第6期,True,False,0,0,0,0,0,0,not_found_in_public_sources
国际问题研究,154,政治学,CSSCI,2025,1,2025年第1期,True,False,0,0,0,0,0,0,not_found_in_public_sources
国际问题研究,154,政治学,CSSCI,2025,2,2025年第2期,True,False,0,0,0,0,0,0,not_found_in_public_sources
国际问题研究,154,政治学,CSSCI,2025,3,2025年第3期,True,False,0,0,0,0,0,0,not_found_in_public_sources
国际问题研究,154,政治学,CSSCI,2025,4,2025年第4期,True,False,0,0,0,0,0,0,not_found_in_public_sources
国际问题研究,154,政治学,CSSCI,2025,5,2025年第5期,True,False,0,0,0,0,0,0,not_found_in_public_sources
国际问题研究,154,政治学,CSSCI,2025,6,2025年第6期,True,False,0,0,0,0,0,0,not_found_in_public_sources
国际问题研究,154,政治学,CSSCI,2026,,2026年,False,False,0,0,0,0,0,0,2026_no_public_issue_found
国际展望,155,政治学,CSSCI,1989,1,1989年第1期,True,False,0,0,0,0,0,0,not_found_in_public_sources
国际展望,155,政治学,CSSCI,1989,2,1989年第2期,True,True,3,3,0,0,3,0,found
国际展望,155,政治学,CSSCI,1989,3,1989年第3期,True,False,0,0,0,0,0,0,not_found_in_public_sources
国际展望,155,政治学,CSSCI,1989,4,1989年第4期,True,True,2,2,0,0,2,0,found
国际展望,155,政治学,CSSCI,1989,5,1989年第5期,True,True,1,1,0,0,1,0,found
国际展望,155,政治学,CSSCI,1989,6,1989年第6期,True,False,0,0,0,0,0,0,not_found_in_public_sources
国际展望,155,政治学,CSSCI,1989,7,1989年第7期,True,True,6,6,0,0,6,0,found
国际展望,155,政治学,CSSCI,1989,8,1989年第8期,True,False,0,0,0,0,0,0,not_found_in_public_sources
国际展望,155,政治学,CSSCI,1989,9,1989年第9期,True,True,5,5,0,0,5,0,found
国际展望,155,政治学,CSSCI,1989,10,1989年第10期,True,False,0,0,0,0,0,0,not_found_in_public_sources
国际展望,155,政治学,CSSCI,1989,11,1989年第11期,True,True,1,1,0,0,1,0,found
国际展望,155,政治学,CSSCI,1989,12,1989年第12期,True,False,0,0,0,0,0,0,not_found_in_public_sources
国际展望,155,政治学,CSSCI,1990,1,1990年第1期,True,True,1,1,0,0,1,0,found
国际展望,155,政治学,CSSCI,1990,2,1990年第2期,True,False,0,0,0,0,0,0,not_found_in_public_sources
国际展望,155,政治学,CSSCI,1990,3,1990年第3期,True,False,0,0,0,0,0,0,not_found_in_public_sources
国际展望,155,政治学,CSSCI,1990,4,1990年第4期,True,False,0,0,0,0,0,0,not_found_in_public_sources
国际展望,155,政治学,CSSCI,1990,5,1990年第5期,True,False,0,0,0,0,0,0,not_found_in_public_sources
国际展望,155,政治学,CSSCI,1990,6,1990年第6期,True,False,0,0,0,0,0,0,not_found_in_public_sources
国际展望,155,政治学,CSSCI,1990,7,1990年第7期,True,False,0,0,0,0,0,0,not_found_in_public_sources
国际展望,155,政治学,CSSCI,1990,8,1990年第8期,True,False,0,0,0,0,0,0,not_found_in_public_sources
国际展望,155,政治学,CSSCI,1990,9,1990年第9期,True,False,0,0,0,0,0,0,not_found_in_public_sources
国际展望,155,政治学,CSSCI,1990,10,1990年第10期,True,True,1,1,0,0,1,0,found
国际展望,155,政治学,CSSCI,1990,11,1990年第11期,True,False,0,0,0,0,0,0,not_found_in_public_sources
国际展望,155,政治学,CSSCI,1990,12,1990年第12期,True,False,0,0,0,0,0,0,not_found_in_public_sources
国际展望,155,政治学,CSSCI,1991,1,1991年第1期,True,True,3,3,0,0,3,0,found
国际展望,155,政治学,CSSCI,1991,2,1991年第2期,True,True,3,3,0,0,3,0,found
国际展望,155,政治学,CSSCI,1991,3,1991年第3期,True,True,1,1,0,0,1,0,found
国际展望,155,政治学,CSSCI,1991,4,1991年第4期,True,True,1,1,0,0,1,0,found
国际展望,155,政治学,CSSCI,1991,5,1991年第5期,True,True,2,2,0,0,2,0,found
国际展望,155,政治学,CSSCI,1991,6,1991年第6期,True,True,2,2,0,0,2,0,found
国际展望,155,政治学,CSSCI,1991,7,1991年第7期,True,True,1,1,0,0,1,0,found
国际展望,155,政治学,CSSCI,1991,8,1991年第8期,True,True,1,1,0,0,1,0,found
国际展望,155,政治学,CSSCI,1991,9,1991年第9期,True,True,1,1,0,0,1,0,found
国际展望,155,政治学,CSSCI,1991,10,1991年第10期,True,True,4,4,0,0,4,0,found
国际展望,155,政治学,CSSCI,1991,11,1991年第11期,True,True,2,2,0,0,2,0,found
国际展望,155,政治学,CSSCI,1991,12,1991年第12期,True,True,3,3,0,0,3,0,found
国际展望,155,政治学,CSSCI,1992,1,1992年第1期,True,True,1,1,0,0,1,0,found
国际展望,155,政治学,CSSCI,1992,2,1992年第2期,True,True,1,1,0,0,1,0,found
国际展望,155,政治学,CSSCI,1992,3,1992年第3期,True,True,1,1,0,0,1,0,found
国际展望,155,政治学,CSSCI,1992,4,1992年第4期,True,True,1,1,0,0,1,0,found
国际展望,155,政治学,CSSCI,1992,5,1992年第5期,True,False,0,0,0,0,0,0,not_found_in_public_sources
国际展望,155,政治学,CSSCI,1992,6,1992年第6期,True,False,0,0,0,0,0,0,not_found_in_public_sources
国际展望,155,政治学,CSSCI,1992,7,1992年第7期,True,False,0,0,0,0,0,0,not_found_in_public_sources
国际展望,155,政治学,CSSCI,1992,8,1992年第8期,True,False,0,0,0,0,0,0,not_found_in_public_sources
国际展望,155,政治学,CSSCI,1992,9,1992年第9期,True,True,2,2,0,0,2,0,found
国际展望,155,政治学,CSSCI,1992,10,1992年第10期,True,False,0,0,0,0,0,0,not_found_in_public_sources
国际展望,155,政治学,CSSCI,1992,11,1992年第11期,True,False,0,0,0,0,0,0,not_found_in_public_sources
国际展望,155,政治学,CSSCI,1992,12,1992年第12期,True,False,0,0,0,0,0,0,not_found_in_public_sources
国际展望,155,政治学,CSSCI,1993,1,1993年第1期,True,True,3,3,0,0,3,0,found
国际展望,155,政治学,CSSCI,1993,2,1993年第2期,True,True,2,2,0,0,2,0,found
国际展望,155,政治学,CSSCI,1993,3,1993年第3期,True,False,0,0,0,0,0,0,not_found_in_public_sources
国际展望,155,政治学,CSSCI,1993,4,1993年第4期,True,False,0,0,0,0,0,0,not_found_in_public_sources
国际展望,155,政治学,CSSCI,1993,5,1993年第5期,True,True,2,2,0,0,2,0,found
国际展望,155,政治学,CSSCI,1993,6,1993年第6期,True,True,3,3,0,0,3,0,found
国际展望,155,政治学,CSSCI,1993,7,1993年第7期,True,False,0,0,0,0,0,0,not_found_in_public_sources
国际展望,155,政治学,CSSCI,1993,8,1993年第8期,True,True,2,2,0,0,2,0,found
国际展望,155,政治学,CSSCI,1993,9,1993年第9期,True,True,1,1,0,0,1,0,found
国际展望,155,政治学,CSSCI,1993,10,1993年第10期,True,False,0,0,0,0,0,0,not_found_in_public_sources
国际展望,155,政治学,CSSCI,1993,11,1993年第11期,True,True,3,3,0,0,3,0,found
国际展望,155,政治学,CSSCI,1993,12,1993年第12期,True,True,1,1,0,0,1,0,found
国际展望,155,政治学,CSSCI,1994,1,1994年第1期,True,True,5,5,0,0,5,0,found
国际展望,155,政治学,CSSCI,1994,2,1994年第2期,True,True,1,1,0,0,1,0,found
国际展望,155,政治学,CSSCI,1994,3,1994年第3期,True,True,2,2,0,0,2,0,found
国际展望,155,政治学,CSSCI,1994,4,1994年第4期,True,False,0,0,0,0,0,0,not_found_in_public_sources
国际展望,155,政治学,CSSCI,1994,5,1994年第5期,True,True,1,1,0,0,1,0,found
国际展望,155,政治学,CSSCI,1994,6,1994年第6期,True,True,3,3,0,0,3,0,found
国际展望,155,政治学,CSSCI,1994,7,1994年第7期,True,True,2,2,0,0,2,0,found
国际展望,155,政治学,CSSCI,1994,8,1994年第8期,True,True,2,2,0,0,2,0,found
国际展望,155,政治学,CSSCI,1994,9,1994年第9期,True,True,1,1,0,0,1,0,found
国际展望,155,政治学,CSSCI,1994,10,1994年第10期,True,True,3,3,0,0,3,0,found
国际展望,155,政治学,CSSCI,1994,11,1994年第11期,True,True,3,3,0,0,3,0,found
国际展望,155,政治学,CSSCI,1994,12,1994年第12期,True,False,0,0,0,0,0,0,not_found_in_public_sources
国际展望,155,政治学,CSSCI,1995,1,1995年第1期,True,True,2,2,0,0,2,0,found
国际展望,155,政治学,CSSCI,1995,2,1995年第2期,True,True,2,2,0,0,2,0,found
国际展望,155,政治学,CSSCI,1995,3,1995年第3期,True,True,1,1,0,0,1,0,found
国际展望,155,政治学,CSSCI,1995,4,1995年第4期,True,True,1,1,0,0,1,0,found
国际展望,155,政治学,CSSCI,1995,5,1995年第5期,True,False,0,0,0,0,0,0,not_found_in_public_sources
国际展望,155,政治学,CSSCI,1995,6,1995年第6期,True,True,3,3,0,0,3,0,found
国际展望,155,政治学,CSSCI,1995,7,1995年第7期,True,True,2,2,0,0,2,0,found
国际展望,155,政治学,CSSCI,1995,8,1995年第8期,True,True,1,1,0,0,1,0,found
国际展望,155,政治学,CSSCI,1995,9,1995年第9期,True,True,1,1,0,0,1,0,found
国际展望,155,政治学,CSSCI,1995,10,1995年第10期,True,True,1,1,0,0,1,0,found
国际展望,155,政治学,CSSCI,1995,11,1995年第11期,True,False,0,0,0,0,0,0,not_found_in_public_sources
国际展望,155,政治学,CSSCI,1995,12,1995年第12期,True,True,1,1,0,0,1,0,found
国际展望,155,政治学,CSSCI,1996,1,1996年第1期,True,True,2,2,0,0,2,0,found
国际展望,155,政治学,CSSCI,1996,2,1996年第2期,True,False,0,0,0,0,0,0,not_found_in_public_sources
国际展望,155,政治学,CSSCI,1996,3,1996年第3期,True,True,5,5,0,0,5,0,found
国际展望,155,政治学,CSSCI,1996,4,1996年第4期,True,True,3,3,0,0,3,0,found
国际展望,155,政治学,CSSCI,1996,5,1996年第5期,True,True,1,1,0,0,1,0,found
国际展望,155,政治学,CSSCI,1996,6,1996年第6期,True,True,2,2,0,0,2,0,found
国际展望,155,政治学,CSSCI,1996,7,1996年第7期,True,True,2,2,0,0,2,0,found
国际展望,155,政治学,CSSCI,1996,8,1996年第8期,True,False,0,0,0,0,0,0,not_found_in_public_sources
国际展望,155,政治学,CSSCI,1996,9,1996年第9期,True,True,3,3,0,0,3,0,found
国际展望,155,政治学,CSSCI,1996,10,1996年第10期,True,False,0,0,0,0,0,0,not_found_in_public_sources
国际展望,155,政治学,CSSCI,1996,11,1996年第11期,True,False,0,0,0,0,0,0,not_found_in_public_sources
国际展望,155,政治学,CSSCI,1996,12,1996年第12期,True,True,3,3,0,0,3,0,found
国际展望,155,政治学,CSSCI,1997,1,1997年第1期,True,True,2,2,0,0,2,0,found
国际展望,155,政治学,CSSCI,1997,2,1997年第2期,True,True,2,2,0,0,2,0,found
国际展望,155,政治学,CSSCI,1997,3,1997年第3期,True,True,2,2,0,0,2,0,found
国际展望,155,政治学,CSSCI,1997,4,1997年第4期,True,True,2,2,0,0,2,0,found
国际展望,155,政治学,CSSCI,1997,5,1997年第5期,True,True,3,3,0,0,3,0,found
国际展望,155,政治学,CSSCI,1997,6,1997年第6期,True,True,2,2,0,0,2,0,found
国际展望,155,政治学,CSSCI,1997,7,1997年第7期,True,True,2,2,0,0,2,0,found
国际展望,155,政治学,CSSCI,1997,8,1997年第8期,True,False,0,0,0,0,0,0,not_found_in_public_sources
国际展望,155,政治学,CSSCI,1997,9,1997年第9期,True,False,0,0,0,0,0,0,not_found_in_public_sources
国际展望,155,政治学,CSSCI,1997,10,1997年第10期,True,True,1,1,0,0,1,0,found
国际展望,155,政治学,CSSCI,1997,11,1997年第11期,True,False,0,0,0,0,0,0,not_found_in_public_sources
国际展望,155,政治学,CSSCI,1997,12,1997年第12期,True,False,0,0,0,0,0,0,not_found_in_public_sources
国际展望,155,政治学,CSSCI,1998,1,1998年第1期,True,True,1,1,0,0,1,0,found
国际展望,155,政治学,CSSCI,1998,2,1998年第2期,True,True,2,2,0,0,2,0,found
国际展望,155,政治学,CSSCI,1998,3,1998年第3期,True,True,4,4,0,0,4,0,found
国际展望,155,政治学,CSSCI,1998,4,1998年第4期,True,True,3,3,0,0,3,0,found
国际展望,155,政治学,CSSCI,1998,5,1998年第5期,True,False,0,0,0,0,0,0,not_found_in_public_sources
国际展望,155,政治学,CSSCI,1998,6,1998年第6期,True,True,1,1,0,0,1,0,found
国际展望,155,政治学,CSSCI,1998,7,1998年第7期,True,True,3,3,0,0,3,0,found
国际展望,155,政治学,CSSCI,1998,8,1998年第8期,True,True,1,1,0,0,1,0,found
国际展望,155,政治学,CSSCI,1998,9,1998年第9期,True,True,1,1,0,0,1,0,found
国际展望,155,政治学,CSSCI,1998,10,1998年第10期,True,True,2,2,0,0,2,0,found
国际展望,155,政治学,CSSCI,1998,11,1998年第11期,True,True,2,2,0,0,2,0,found
国际展望,155,政治学,CSSCI,1998,12,1998年第12期,True,True,1,1,0,0,1,0,found
国际展望,155,政治学,CSSCI,1999,1,1999年第1期,True,True,1,1,0,0,1,0,found
国际展望,155,政治学,CSSCI,1999,2,1999年第2期,True,True,4,4,0,0,4,0,found
国际展望,155,政治学,CSSCI,1999,3,1999年第3期,True,False,0,0,0,0,0,0,not_found_in_public_sources
国际展望,155,政治学,CSSCI,1999,4,1999年第4期,True,True,3,3,0,0,3,0,found
国际展望,155,政治学,CSSCI,1999,5,1999年第5期,True,True,1,1,0,0,1,0,found
国际展望,155,政治学,CSSCI,1999,6,1999年第6期,True,True,2,2,0,0,2,0,found
国际展望,155,政治学,CSSCI,1999,7,1999年第7期,True,False,0,0,0,0,0,0,not_found_in_public_sources
国际展望,155,政治学,CSSCI,1999,8,1999年第8期,True,True,2,2,0,0,2,0,found
国际展望,155,政治学,CSSCI,1999,9,1999年第9期,True,False,0,0,0,0,0,0,not_found_in_public_sources
国际展望,155,政治学,CSSCI,1999,10,1999年第10期,True,True,3,3,0,0,3,0,found
国际展望,155,政治学,CSSCI,1999,11,1999年第11期,True,True,1,1,0,0,1,0,found
国际展望,155,政治学,CSSCI,1999,12,1999年第12期,True,True,3,3,0,0,3,0,found
国际展望,155,政治学,CSSCI,2000,1,2000年第1期,True,True,1,1,0,0,1,0,found
国际展望,155,政治学,CSSCI,2000,2,2000年第2期,True,True,1,1,0,0,1,0,found
国际展望,155,政治学,CSSCI,2000,3,2000年第3期,True,True,1,1,0,0,1,0,found
国际展望,155,政治学,CSSCI,2000,4,2000年第4期,True,False,0,0,0,0,0,0,not_found_in_public_sources
国际展望,155,政治学,CSSCI,2000,5,2000年第5期,True,False,0,0,0,0,0,0,not_found_in_public_sources
国际展望,155,政治学,CSSCI,2000,6,2000年第6期,True,True,2,2,0,0,2,0,found
国际展望,155,政治学,CSSCI,2000,7,2000年第7期,True,False,0,0,0,0,0,0,not_found_in_public_sources
国际展望,155,政治学,CSSCI,2000,8,2000年第8期,True,True,7,7,0,0,7,0,found
国际展望,155,政治学,CSSCI,2000,9,2000年第9期,True,True,1,1,0,0,1,0,found
国际展望,155,政治学,CSSCI,2000,10,2000年第10期,True,False,0,0,0,0,0,0,not_found_in_public_sources
国际展望,155,政治学,CSSCI,2000,11,2000年第11期,True,True,1,1,0,0,1,0,found
国际展望,155,政治学,CSSCI,2000,12,2000年第12期,True,True,2,2,0,0,2,0,found
国际展望,155,政治学,CSSCI,2001,1,2001年第1期,True,True,16,16,0,0,16,0,found
国际展望,155,政治学,CSSCI,2001,2,2001年第2期,True,True,5,5,0,0,5,0,found
国际展望,155,政治学,CSSCI,2001,3,2001年第3期,True,True,3,3,0,0,3,0,found
国际展望,155,政治学,CSSCI,2001,4,2001年第4期,True,True,6,6,0,0,6,0,found
国际展望,155,政治学,CSSCI,2001,5,2001年第5期,True,True,4,4,0,0,4,0,found
国际展望,155,政治学,CSSCI,2001,6,2001年第6期,True,True,11,11,0,0,11,0,found
国际展望,155,政治学,CSSCI,2001,7,2001年第7期,True,True,13,13,0,0,13,0,found
国际展望,155,政治学,CSSCI,2001,8,2001年第8期,True,True,10,10,0,0,10,0,found
国际展望,155,政治学,CSSCI,2001,9,2001年第9期,True,True,7,7,0,0,7,0,found
国际展望,155,政治学,CSSCI,2001,10,2001年第10期,True,True,9,9,0,0,9,0,found
国际展望,155,政治学,CSSCI,2001,11,2001年第11期,True,True,7,7,0,0,7,0,found
国际展望,155,政治学,CSSCI,2001,12,2001年第12期,True,True,3,3,0,0,3,0,found
国际展望,155,政治学,CSSCI,2002,1,2002年第1期,True,True,19,19,0,0,19,0,found
国际展望,155,政治学,CSSCI,2002,2,2002年第2期,True,True,14,14,0,0,14,0,found
国际展望,155,政治学,CSSCI,2002,3,2002年第3期,True,False,0,0,0,0,0,0,not_found_in_public_sources
国际展望,155,政治学,CSSCI,2002,4,2002年第4期,True,False,0,0,0,0,0,0,not_found_in_public_sources
国际展望,155,政治学,CSSCI,2002,5,2002年第5期,True,True,20,20,0,0,20,0,found
国际展望,155,政治学,CSSCI,2002,6,2002年第6期,True,True,12,12,0,0,12,0,found
国际展望,155,政治学,CSSCI,2002,7,2002年第7期,True,True,7,7,0,0,7,0,found
国际展望,155,政治学,CSSCI,2002,8,2002年第8期,True,True,11,11,0,0,11,0,found
国际展望,155,政治学,CSSCI,2002,9,2002年第9期,True,True,3,3,0,0,3,0,found
国际展望,155,政治学,CSSCI,2002,10,2002年第10期,True,True,6,6,0,0,6,0,found
国际展望,155,政治学,CSSCI,2002,11,2002年第11期,True,True,5,5,0,0,5,0,found
国际展望,155,政治学,CSSCI,2002,12,2002年第12期,True,True,11,11,0,0,11,0,found
国际展望,155,政治学,CSSCI,2003,1,2003年第1期,True,True,14,14,0,0,14,0,found
国际展望,155,政治学,CSSCI,2003,2,2003年第2期,True,True,11,11,0,0,11,0,found
国际展望,155,政治学,CSSCI,2003,3,2003年第3期,True,True,12,12,0,0,12,0,found
国际展望,155,政治学,CSSCI,2003,4,2003年第4期,True,True,2,2,0,0,2,0,found
国际展望,155,政治学,CSSCI,2003,5,2003年第5期,True,True,10,10,0,0,10,0,found
国际展望,155,政治学,CSSCI,2003,6,2003年第6期,True,True,4,4,0,0,4,0,found
国际展望,155,政治学,CSSCI,2003,7,2003年第7期,True,True,11,11,0,0,11,0,found
国际展望,155,政治学,CSSCI,2003,8,2003年第8期,True,True,11,11,0,0,11,0,found
国际展望,155,政治学,CSSCI,2003,9,2003年第9期,True,True,5,5,0,0,5,0,found
国际展望,155,政治学,CSSCI,2003,10,2003年第10期,True,True,8,8,0,0,8,0,found
国际展望,155,政治学,CSSCI,2003,11,2003年第11期,True,True,7,7,0,0,7,0,found
国际展望,155,政治学,CSSCI,2003,12,2003年第12期,True,True,9,9,0,0,9,0,found
国际展望,155,政治学,CSSCI,2004,1,2004年第1期,True,True,18,18,0,0,18,0,found
国际展望,155,政治学,CSSCI,2004,2,2004年第2期,True,True,8,8,0,0,8,0,found
国际展望,155,政治学,CSSCI,2004,3,2004年第3期,True,True,10,10,0,0,10,0,found
国际展望,155,政治学,CSSCI,2004,4,2004年第4期,True,True,8,8,0,0,8,0,found
国际展望,155,政治学,CSSCI,2004,5,2004年第5期,True,True,6,6,0,0,6,0,found
国际展望,155,政治学,CSSCI,2004,6,2004年第6期,True,True,12,12,0,0,12,0,found
国际展望,155,政治学,CSSCI,2004,7,2004年第7期,True,True,12,12,0,0,12,0,found
国际展望,155,政治学,CSSCI,2004,8,2004年第8期,True,True,10,10,0,0,10,0,found
国际展望,155,政治学,CSSCI,2004,9,2004年第9期,True,True,8,8,0,0,8,0,found
国际展望,155,政治学,CSSCI,2004,10,2004年第10期,True,True,11,11,0,0,11,0,found
国际展望,155,政治学,CSSCI,2004,11,2004年第11期,True,True,9,9,0,0,9,0,found
国际展望,155,政治学,CSSCI,2004,12,2004年第12期,True,True,3,3,0,0,3,0,found
国际展望,155,政治学,CSSCI,2005,1,2005年第1期,True,True,14,14,0,0,14,0,found
国际展望,155,政治学,CSSCI,2005,2,2005年第2期,True,True,3,3,0,0,3,0,found
国际展望,155,政治学,CSSCI,2005,3,2005年第3期,True,True,3,3,0,0,3,0,found
国际展望,155,政治学,CSSCI,2005,4,2005年第4期,True,True,5,5,0,0,5,0,found
国际展望,155,政治学,CSSCI,2005,5,2005年第5期,True,True,11,11,0,0,11,0,found
国际展望,155,政治学,CSSCI,2005,6,2005年第6期,True,True,4,4,0,0,4,0,found
国际展望,155,政治学,CSSCI,2005,7,2005年第7期,True,True,6,6,0,0,6,0,found
国际展望,155,政治学,CSSCI,2005,8,2005年第8期,True,True,4,4,0,0,4,0,found
国际展望,155,政治学,CSSCI,2005,9,2005年第9期,True,True,5,5,0,0,5,0,found
国际展望,155,政治学,CSSCI,2005,10,2005年第10期,True,True,4,4,0,0,4,0,found
国际展望,155,政治学,CSSCI,2005,11,2005年第11期,True,True,4,4,0,0,4,0,found
国际展望,155,政治学,CSSCI,2005,12,2005年第12期,True,True,7,7,0,0,7,0,found
国际展望,155,政治学,CSSCI,2006,1,2006年第1期,True,True,13,13,0,0,13,0,found
国际展望,155,政治学,CSSCI,2006,2,2006年第2期,True,True,11,11,0,0,11,0,found
国际展望,155,政治学,CSSCI,2006,3,2006年第3期,True,True,8,8,0,0,8,0,found
国际展望,155,政治学,CSSCI,2006,4,2006年第4期,True,True,7,7,0,0,7,0,found
国际展望,155,政治学,CSSCI,2006,5,2006年第5期,True,True,3,3,0,0,3,0,found
国际展望,155,政治学,CSSCI,2006,6,2006年第6期,True,True,5,5,0,0,5,0,found
国际展望,155,政治学,CSSCI,2006,7,2006年第7期,True,True,5,5,0,0,5,0,found
国际展望,155,政治学,CSSCI,2006,8,2006年第8期,True,True,4,4,0,0,4,0,found
国际展望,155,政治学,CSSCI,2006,9,2006年第9期,True,True,6,6,0,0,6,0,found
国际展望,155,政治学,CSSCI,2006,10,2006年第10期,True,True,6,6,0,0,6,0,found
国际展望,155,政治学,CSSCI,2006,11,2006年第11期,True,True,4,4,0,0,4,0,found
国际展望,155,政治学,CSSCI,2006,12,2006年第12期,True,True,7,7,0,0,7,0,found
国际展望,155,政治学,CSSCI,2007,1,2007年第1期,True,True,12,12,0,0,12,0,found
国际展望,155,政治学,CSSCI,2007,2,2007年第2期,True,True,7,7,0,0,7,0,found
国际展望,155,政治学,CSSCI,2007,3,2007年第3期,True,True,8,8,0,0,8,0,found
国际展望,155,政治学,CSSCI,2007,4,2007年第4期,True,True,3,3,0,0,3,0,found
国际展望,155,政治学,CSSCI,2007,5,2007年第5期,True,True,3,3,0,0,3,0,found
国际展望,155,政治学,CSSCI,2007,6,2007年第6期,True,True,4,4,0,0,4,0,found
国际展望,155,政治学,CSSCI,2007,7,2007年第7期,True,True,8,8,0,0,8,0,found
国际展望,155,政治学,CSSCI,2007,8,2007年第8期,True,True,1,1,0,0,1,0,found
国际展望,155,政治学,CSSCI,2007,9,2007年第9期,True,True,8,8,0,0,8,0,found
国际展望,155,政治学,CSSCI,2007,10,2007年第10期,True,True,5,5,0,0,5,0,found
国际展望,155,政治学,CSSCI,2007,11,2007年第11期,True,True,1,1,0,0,1,0,found
国际展望,155,政治学,CSSCI,2007,12,2007年第12期,True,True,4,4,0,0,4,0,found
国际展望,155,政治学,CSSCI,2008,1,2008年第1期,True,False,0,0,0,0,0,0,not_found_in_public_sources
国际展望,155,政治学,CSSCI,2008,2,2008年第2期,True,False,0,0,0,0,0,0,not_found_in_public_sources
国际展望,155,政治学,CSSCI,2008,3,2008年第3期,True,False,0,0,0,0,0,0,not_found_in_public_sources
国际展望,155,政治学,CSSCI,2008,4,2008年第4期,True,False,0,0,0,0,0,0,not_found_in_public_sources
国际展望,155,政治学,CSSCI,2008,5,2008年第5期,True,False,0,0,0,0,0,0,not_found_in_public_sources
国际展望,155,政治学,CSSCI,2008,6,2008年第6期,True,False,0,0,0,0,0,0,not_found_in_public_sources
国际展望,155,政治学,CSSCI,2008,7,2008年第7期,True,False,0,0,0,0,0,0,not_found_in_public_sources
国际展望,155,政治学,CSSCI,2008,8,2008年第8期,True,False,0,0,0,0,0,0,not_found_in_public_sources
国际展望,155,政治学,CSSCI,2008,9,2008年第9期,True,False,0,0,0,0,0,0,not_found_in_public_sources
国际展望,155,政治学,CSSCI,2008,10,2008年第10期,True,False,0,0,0,0,0,0,not_found_in_public_sources
国际展望,155,政治学,CSSCI,2008,11,2008年第11期,True,False,0,0,0,0,0,0,not_found_in_public_sources
国际展望,155,政治学,CSSCI,2008,12,2008年第12期,True,False,0,0,0,0,0,0,not_found_in_public_sources
国际展望,155,政治学,CSSCI,2009,1,2009年第1期,True,True,4,4,0,0,4,0,found
国际展望,155,政治学,CSSCI,2009,2,2009年第2期,True,True,3,3,0,0,3,0,found
国际展望,155,政治学,CSSCI,2009,3,2009年第3期,True,True,2,2,0,0,2,0,found
国际展望,155,政治学,CSSCI,2009,4,2009年第4期,True,False,0,0,0,0,0,0,not_found_in_public_sources
国际展望,155,政治学,CSSCI,2009,5,2009年第5期,True,False,0,0,0,0,0,0,not_found_in_public_sources
国际展望,155,政治学,CSSCI,2009,6,2009年第6期,True,False,0,0,0,0,0,0,not_found_in_public_sources
国际展望,155,政治学,CSSCI,2009,7,2009年第7期,True,False,0,0,0,0,0,0,not_found_in_public_sources
国际展望,155,政治学,CSSCI,2009,8,2009年第8期,True,False,0,0,0,0,0,0,not_found_in_public_sources
国际展望,155,政治学,CSSCI,2009,9,2009年第9期,True,False,0,0,0,0,0,0,not_found_in_public_sources
国际展望,155,政治学,CSSCI,2009,10,2009年第10期,True,False,0,0,0,0,0,0,not_found_in_public_sources
国际展望,155,政治学,CSSCI,2009,11,2009年第11期,True,False,0,0,0,0,0,0,not_found_in_public_sources
国际展望,155,政治学,CSSCI,2009,12,2009年第12期,True,False,0,0,0,0,0,0,not_found_in_public_sources
国际展望,155,政治学,CSSCI,2010,1,2010年第1期,True,True,2,2,0,0,2,0,found
国际展望,155,政治学,CSSCI,2010,2,2010年第2期,True,True,3,3,0,0,3,0,found
国际展望,155,政治学,CSSCI,2010,3,2010年第3期,True,True,6,6,0,0,6,0,found
国际展望,155,政治学,CSSCI,2010,4,2010年第4期,True,True,1,1,0,0,1,0,found
国际展望,155,政治学,CSSCI,2010,5,2010年第5期,True,True,2,2,0,0,2,0,found
国际展望,155,政治学,CSSCI,2010,6,2010年第6期,True,True,2,2,0,0,2,0,found
国际展望,155,政治学,CSSCI,2010,7,2010年第7期,True,False,0,0,0,0,0,0,not_found_in_public_sources
国际展望,155,政治学,CSSCI,2010,8,2010年第8期,True,False,0,0,0,0,0,0,not_found_in_public_sources
国际展望,155,政治学,CSSCI,2010,9,2010年第9期,True,False,0,0,0,0,0,0,not_found_in_public_sources
国际展望,155,政治学,CSSCI,2010,10,2010年第10期,True,False,0,0,0,0,0,0,not_found_in_public_sources
国际展望,155,政治学,CSSCI,2010,11,2010年第11期,True,False,0,0,0,0,0,0,not_found_in_public_sources
国际展望,155,政治学,CSSCI,2010,12,2010年第12期,True,False,0,0,0,0,0,0,not_found_in_public_sources
国际展望,155,政治学,CSSCI,2011,1,2011年第1期,True,True,2,2,0,0,2,0,found
国际展望,155,政治学,CSSCI,2011,2,2011年第2期,True,True,1,1,0,0,1,0,found
国际展望,155,政治学,CSSCI,2011,3,2011年第3期,True,True,2,2,0,0,2,0,found
国际展望,155,政治学,CSSCI,2011,4,2011年第4期,True,False,0,0,0,0,0,0,not_found_in_public_sources
国际展望,155,政治学,CSSCI,2011,5,2011年第5期,True,True,1,1,0,0,1,0,found
国际展望,155,政治学,CSSCI,2011,6,2011年第6期,True,True,5,5,0,0,5,0,found
国际展望,155,政治学,CSSCI,2011,7,2011年第7期,True,False,0,0,0,0,0,0,not_found_in_public_sources
国际展望,155,政治学,CSSCI,2011,8,2011年第8期,True,False,0,0,0,0,0,0,not_found_in_public_sources
国际展望,155,政治学,CSSCI,2011,9,2011年第9期,True,False,0,0,0,0,0,0,not_found_in_public_sources
国际展望,155,政治学,CSSCI,2011,10,2011年第10期,True,False,0,0,0,0,0,0,not_found_in_public_sources
国际展望,155,政治学,CSSCI,2011,11,2011年第11期,True,False,0,0,0,0,0,0,not_found_in_public_sources
国际展望,155,政治学,CSSCI,2011,12,2011年第12期,True,False,0,0,0,0,0,0,not_found_in_public_sources
国际展望,155,政治学,CSSCI,2012,1,2012年第1期,True,True,3,3,0,0,3,0,found
国际展望,155,政治学,CSSCI,2012,2,2012年第2期,True,True,2,2,0,0,2,0,found
国际展望,155,政治学,CSSCI,2012,3,2012年第3期,True,True,3,3,0,0,3,0,found
国际展望,155,政治学,CSSCI,2012,4,2012年第4期,True,True,1,1,0,0,1,0,found
国际展望,155,政治学,CSSCI,2012,5,2012年第5期,True,True,1,1,0,0,1,0,found
国际展望,155,政治学,CSSCI,2012,6,2012年第6期,True,True,2,2,0,0,2,0,found
国际展望,155,政治学,CSSCI,2012,7,2012年第7期,True,False,0,0,0,0,0,0,not_found_in_public_sources
国际展望,155,政治学,CSSCI,2012,8,2012年第8期,True,False,0,0,0,0,0,0,not_found_in_public_sources
国际展望,155,政治学,CSSCI,2012,9,2012年第9期,True,False,0,0,0,0,0,0,not_found_in_public_sources
国际展望,155,政治学,CSSCI,2012,10,2012年第10期,True,False,0,0,0,0,0,0,not_found_in_public_sources
国际展望,155,政治学,CSSCI,2012,11,2012年第11期,True,False,0,0,0,0,0,0,not_found_in_public_sources
国际展望,155,政治学,CSSCI,2012,12,2012年第12期,True,False,0,0,0,0,0,0,not_found_in_public_sources
国际展望,155,政治学,CSSCI,2013,1,2013年第1期,True,True,2,2,0,0,2,0,found
国际展望,155,政治学,CSSCI,2013,2,2013年第2期,True,True,3,3,0,0,3,0,found
国际展望,155,政治学,CSSCI,2013,3,2013年第3期,True,True,2,2,0,0,2,0,found
国际展望,155,政治学,CSSCI,2013,4,2013年第4期,True,True,2,2,0,0,2,0,found
国际展望,155,政治学,CSSCI,2013,5,2013年第5期,True,False,0,0,0,0,0,0,not_found_in_public_sources
国际展望,155,政治学,CSSCI,2013,6,2013年第6期,True,True,3,3,0,0,3,0,found
国际展望,155,政治学,CSSCI,2013,7,2013年第7期,True,False,0,0,0,0,0,0,not_found_in_public_sources
国际展望,155,政治学,CSSCI,2013,8,2013年第8期,True,False,0,0,0,0,0,0,not_found_in_public_sources
国际展望,155,政治学,CSSCI,2013,9,2013年第9期,True,False,0,0,0,0,0,0,not_found_in_public_sources
国际展望,155,政治学,CSSCI,2013,10,2013年第10期,True,False,0,0,0,0,0,0,not_found_in_public_sources
国际展望,155,政治学,CSSCI,2013,11,2013年第11期,True,False,0,0,0,0,0,0,not_found_in_public_sources
国际展望,155,政治学,CSSCI,2013,12,2013年第12期,True,False,0,0,0,0,0,0,not_found_in_public_sources
国际展望,155,政治学,CSSCI,2014,1,2014年第1期,True,True,4,4,0,0,4,0,found
国际展望,155,政治学,CSSCI,2014,2,2014年第2期,True,True,1,1,0,0,1,0,found
国际展望,155,政治学,CSSCI,2014,3,2014年第3期,True,True,1,1,0,0,1,0,found
国际展望,155,政治学,CSSCI,2014,4,2014年第4期,True,True,1,1,0,0,1,0,found
国际展望,155,政治学,CSSCI,2014,5,2014年第5期,True,False,0,0,0,0,0,0,not_found_in_public_sources
国际展望,155,政治学,CSSCI,2014,6,2014年第6期,True,True,1,1,0,0,1,0,found
国际展望,155,政治学,CSSCI,2014,7,2014年第7期,True,False,0,0,0,0,0,0,not_found_in_public_sources
国际展望,155,政治学,CSSCI,2014,8,2014年第8期,True,False,0,0,0,0,0,0,not_found_in_public_sources
国际展望,155,政治学,CSSCI,2014,9,2014年第9期,True,False,0,0,0,0,0,0,not_found_in_public_sources
国际展望,155,政治学,CSSCI,2014,10,2014年第10期,True,False,0,0,0,0,0,0,not_found_in_public_sources
国际展望,155,政治学,CSSCI,2014,11,2014年第11期,True,False,0,0,0,0,0,0,not_found_in_public_sources
国际展望,155,政治学,CSSCI,2014,12,2014年第12期,True,False,0,0,0,0,0,0,not_found_in_public_sources
国际展望,155,政治学,CSSCI,2015,1,2015年第1期,True,True,3,3,0,0,3,0,found
国际展望,155,政治学,CSSCI,2015,2,2015年第2期,True,True,1,1,0,0,1,0,found
国际展望,155,政治学,CSSCI,2015,3,2015年第3期,True,True,1,1,0,0,1,0,found
国际展望,155,政治学,CSSCI,2015,4,2015年第4期,True,True,2,2,0,0,2,0,found
国际展望,155,政治学,CSSCI,2015,5,2015年第5期,True,False,0,0,0,0,0,0,not_found_in_public_sources
国际展望,155,政治学,CSSCI,2015,6,2015年第6期,True,True,2,2,0,0,2,0,found
国际展望,155,政治学,CSSCI,2015,7,2015年第7期,True,False,0,0,0,0,0,0,not_found_in_public_sources
国际展望,155,政治学,CSSCI,2015,8,2015年第8期,True,False,0,0,0,0,0,0,not_found_in_public_sources
国际展望,155,政治学,CSSCI,2015,9,2015年第9期,True,False,0,0,0,0,0,0,not_found_in_public_sources
国际展望,155,政治学,CSSCI,2015,10,2015年第10期,True,False,0,0,0,0,0,0,not_found_in_public_sources
国际展望,155,政治学,CSSCI,2015,11,2015年第11期,True,False,0,0,0,0,0,0,not_found_in_public_sources
国际展望,155,政治学,CSSCI,2015,12,2015年第12期,True,False,0,0,0,0,0,0,not_found_in_public_sources
国际展望,155,政治学,CSSCI,2016,1,2016年第1期,True,True,1,1,0,0,1,0,found
国际展望,155,政治学,CSSCI,2016,2,2016年第2期,True,True,2,2,0,0,2,0,found
国际展望,155,政治学,CSSCI,2016,3,2016年第3期,True,False,0,0,0,0,0,0,not_found_in_public_sources
国际展望,155,政治学,CSSCI,2016,4,2016年第4期,True,False,0,0,0,0,0,0,not_found_in_public_sources
国际展望,155,政治学,CSSCI,2016,5,2016年第5期,True,False,0,0,0,0,0,0,not_found_in_public_sources
国际展望,155,政治学,CSSCI,2016,6,2016年第6期,True,False,0,0,0,0,0,0,not_found_in_public_sources
国际展望,155,政治学,CSSCI,2016,7,2016年第7期,True,False,0,0,0,0,0,0,not_found_in_public_sources
国际展望,155,政治学,CSSCI,2016,8,2016年第8期,True,False,0,0,0,0,0,0,not_found_in_public_sources
国际展望,155,政治学,CSSCI,2016,9,2016年第9期,True,False,0,0,0,0,0,0,not_found_in_public_sources
国际展望,155,政治学,CSSCI,2016,10,2016年第10期,True,False,0,0,0,0,0,0,not_found_in_public_sources
国际展望,155,政治学,CSSCI,2016,11,2016年第11期,True,False,0,0,0,0,0,0,not_found_in_public_sources
国际展望,155,政治学,CSSCI,2016,12,2016年第12期,True,False,0,0,0,0,0,0,not_found_in_public_sources
国际展望,155,政治学,CSSCI,2017,1,2017年第1期,True,True,1,1,0,0,1,0,found
国际展望,155,政治学,CSSCI,2017,2,2017年第2期,True,False,0,0,0,0,0,0,not_found_in_public_sources
国际展望,155,政治学,CSSCI,2017,3,2017年第3期,True,False,0,0,0,0,0,0,not_found_in_public_sources
国际展望,155,政治学,CSSCI,2017,4,2017年第4期,True,True,3,3,0,0,3,0,found
国际展望,155,政治学,CSSCI,2017,5,2017年第5期,True,True,1,1,0,0,1,0,found
国际展望,155,政治学,CSSCI,2017,6,2017年第6期,True,True,2,2,0,0,2,0,found
国际展望,155,政治学,CSSCI,2017,7,2017年第7期,True,False,0,0,0,0,0,0,not_found_in_public_sources
国际展望,155,政治学,CSSCI,2017,8,2017年第8期,True,False,0,0,0,0,0,0,not_found_in_public_sources
国际展望,155,政治学,CSSCI,2017,9,2017年第9期,True,False,0,0,0,0,0,0,not_found_in_public_sources
国际展望,155,政治学,CSSCI,2017,10,2017年第10期,True,False,0,0,0,0,0,0,not_found_in_public_sources
国际展望,155,政治学,CSSCI,2017,11,2017年第11期,True,False,0,0,0,0,0,0,not_found_in_public_sources
国际展望,155,政治学,CSSCI,2017,12,2017年第12期,True,False,0,0,0,0,0,0,not_found_in_public_sources
国际展望,155,政治学,CSSCI,2018,1,2018年第1期,True,False,0,0,0,0,0,0,not_found_in_public_sources
国际展望,155,政治学,CSSCI,2018,2,2018年第2期,True,False,0,0,0,0,0,0,not_found_in_public_sources
国际展望,155,政治学,CSSCI,2018,3,2018年第3期,True,False,0,0,0,0,0,0,not_found_in_public_sources
国际展望,155,政治学,CSSCI,2018,4,2018年第4期,True,False,0,0,0,0,0,0,not_found_in_public_sources
国际展望,155,政治学,CSSCI,2018,5,2018年第5期,True,False,0,0,0,0,0,0,not_found_in_public_sources
国际展望,155,政治学,CSSCI,2018,6,2018年第6期,True,False,0,0,0,0,0,0,not_found_in_public_sources
国际展望,155,政治学,CSSCI,2018,7,2018年第7期,True,False,0,0,0,0,0,0,not_found_in_public_sources
国际展望,155,政治学,CSSCI,2018,8,2018年第8期,True,False,0,0,0,0,0,0,not_found_in_public_sources
国际展望,155,政治学,CSSCI,2018,9,2018年第9期,True,False,0,0,0,0,0,0,not_found_in_public_sources
国际展望,155,政治学,CSSCI,2018,10,2018年第10期,True,False,0,0,0,0,0,0,not_found_in_public_sources
国际展望,155,政治学,CSSCI,2018,11,2018年第11期,True,False,0,0,0,0,0,0,not_found_in_public_sources
国际展望,155,政治学,CSSCI,2018,12,2018年第12期,True,False,0,0,0,0,0,0,not_found_in_public_sources
国际展望,155,政治学,CSSCI,2019,1,2019年第1期,True,False,0,0,0,0,0,0,not_found_in_public_sources
国际展望,155,政治学,CSSCI,2019,2,2019年第2期,True,False,0,0,0,0,0,0,not_found_in_public_sources
国际展望,155,政治学,CSSCI,2019,3,2019年第3期,True,False,0,0,0,0,0,0,not_found_in_public_sources
国际展望,155,政治学,CSSCI,2019,4,2019年第4期,True,False,0,0,0,0,0,0,not_found_in_public_sources
国际展望,155,政治学,CSSCI,2019,5,2019年第5期,True,True,1,1,0,0,1,0,found
国际展望,155,政治学,CSSCI,2019,6,2019年第6期,True,True,1,1,0,0,1,0,found
国际展望,155,政治学,CSSCI,2019,7,2019年第7期,True,False,0,0,0,0,0,0,not_found_in_public_sources
国际展望,155,政治学,CSSCI,2019,8,2019年第8期,True,False,0,0,0,0,0,0,not_found_in_public_sources
国际展望,155,政治学,CSSCI,2019,9,2019年第9期,True,False,0,0,0,0,0,0,not_found_in_public_sources
国际展望,155,政治学,CSSCI,2019,10,2019年第10期,True,False,0,0,0,0,0,0,not_found_in_public_sources
国际展望,155,政治学,CSSCI,2019,11,2019年第11期,True,False,0,0,0,0,0,0,not_found_in_public_sources
国际展望,155,政治学,CSSCI,2019,12,2019年第12期,True,False,0,0,0,0,0,0,not_found_in_public_sources
国际展望,155,政治学,CSSCI,2020,1,2020年第1期,True,False,0,0,0,0,0,0,not_found_in_public_sources
国际展望,155,政治学,CSSCI,2020,2,2020年第2期,True,True,1,1,0,0,1,0,found
国际展望,155,政治学,CSSCI,2020,3,2020年第3期,True,False,0,0,0,0,0,0,not_found_in_public_sources
国际展望,155,政治学,CSSCI,2020,4,2020年第4期,True,False,0,0,0,0,0,0,not_found_in_public_sources
国际展望,155,政治学,CSSCI,2020,5,2020年第5期,True,False,0,0,0,0,0,0,not_found_in_public_sources
国际展望,155,政治学,CSSCI,2020,6,2020年第6期,True,False,0,0,0,0,0,0,not_found_in_public_sources
国际展望,155,政治学,CSSCI,2020,7,2020年第7期,True,False,0,0,0,0,0,0,not_found_in_public_sources
国际展望,155,政治学,CSSCI,2020,8,2020年第8期,True,False,0,0,0,0,0,0,not_found_in_public_sources
国际展望,155,政治学,CSSCI,2020,9,2020年第9期,True,False,0,0,0,0,0,0,not_found_in_public_sources
国际展望,155,政治学,CSSCI,2020,10,2020年第10期,True,False,0,0,0,0,0,0,not_found_in_public_sources
国际展望,155,政治学,CSSCI,2020,11,2020年第11期,True,False,0,0,0,0,0,0,not_found_in_public_sources
国际展望,155,政治学,CSSCI,2020,12,2020年第12期,True,False,0,0,0,0,0,0,not_found_in_public_sources
国际展望,155,政治学,CSSCI,2021,1,2021年第1期,True,False,0,0,0,0,0,0,not_found_in_public_sources
国际展望,155,政治学,CSSCI,2021,2,2021年第2期,True,False,0,0,0,0,0,0,not_found_in_public_sources
国际展望,155,政治学,CSSCI,2021,3,2021年第3期,True,False,0,0,0,0,0,0,not_found_in_public_sources
国际展望,155,政治学,CSSCI,2021,4,2021年第4期,True,False,0,0,0,0,0,0,not_found_in_public_sources
国际展望,155,政治学,CSSCI,2021,5,2021年第5期,True,False,0,0,0,0,0,0,not_found_in_public_sources
国际展望,155,政治学,CSSCI,2021,6,2021年第6期,True,False,0,0,0,0,0,0,not_found_in_public_sources
国际展望,155,政治学,CSSCI,2021,7,2021年第7期,True,False,0,0,0,0,0,0,not_found_in_public_sources
国际展望,155,政治学,CSSCI,2021,8,2021年第8期,True,False,0,0,0,0,0,0,not_found_in_public_sources
国际展望,155,政治学,CSSCI,2021,9,2021年第9期,True,False,0,0,0,0,0,0,not_found_in_public_sources
国际展望,155,政治学,CSSCI,2021,10,2021年第10期,True,False,0,0,0,0,0,0,not_found_in_public_sources
国际展望,155,政治学,CSSCI,2021,11,2021年第11期,True,False,0,0,0,0,0,0,not_found_in_public_sources
国际展望,155,政治学,CSSCI,2021,12,2021年第12期,True,False,0,0,0,0,0,0,not_found_in_public_sources
国际展望,155,政治学,CSSCI,2022,1,2022年第1期,True,False,0,0,0,0,0,0,not_found_in_public_sources
国际展望,155,政治学,CSSCI,2022,2,2022年第2期,True,False,0,0,0,0,0,0,not_found_in_public_sources
国际展望,155,政治学,CSSCI,2022,3,2022年第3期,True,False,0,0,0,0,0,0,not_found_in_public_sources
国际展望,155,政治学,CSSCI,2022,4,2022年第4期,True,False,0,0,0,0,0,0,not_found_in_public_sources
国际展望,155,政治学,CSSCI,2022,5,2022年第5期,True,False,0,0,0,0,0,0,not_found_in_public_sources
国际展望,155,政治学,CSSCI,2022,6,2022年第6期,True,False,0,0,0,0,0,0,not_found_in_public_sources
国际展望,155,政治学,CSSCI,2022,7,2022年第7期,True,False,0,0,0,0,0,0,not_found_in_public_sources
国际展望,155,政治学,CSSCI,2022,8,2022年第8期,True,False,0,0,0,0,0,0,not_found_in_public_sources
国际展望,155,政治学,CSSCI,2022,9,2022年第9期,True,False,0,0,0,0,0,0,not_found_in_public_sources
国际展望,155,政治学,CSSCI,2022,10,2022年第10期,True,False,0,0,0,0,0,0,not_found_in_public_sources
国际展望,155,政治学,CSSCI,2022,11,2022年第11期,True,False,0,0,0,0,0,0,not_found_in_public_sources
国际展望,155,政治学,CSSCI,2022,12,2022年第12期,True,False,0,0,0,0,0,0,not_found_in_public_sources
国际展望,155,政治学,CSSCI,2023,1,2023年第1期,True,False,0,0,0,0,0,0,not_found_in_public_sources
国际展望,155,政治学,CSSCI,2023,2,2023年第2期,True,False,0,0,0,0,0,0,not_found_in_public_sources
国际展望,155,政治学,CSSCI,2023,3,2023年第3期,True,False,0,0,0,0,0,0,not_found_in_public_sources
国际展望,155,政治学,CSSCI,2023,4,2023年第4期,True,False,0,0,0,0,0,0,not_found_in_public_sources
国际展望,155,政治学,CSSCI,2023,5,2023年第5期,True,False,0,0,0,0,0,0,not_found_in_public_sources
国际展望,155,政治学,CSSCI,2023,6,2023年第6期,True,False,0,0,0,0,0,0,not_found_in_public_sources
国际展望,155,政治学,CSSCI,2023,7,2023年第7期,True,False,0,0,0,0,0,0,not_found_in_public_sources
国际展望,155,政治学,CSSCI,2023,8,2023年第8期,True,False,0,0,0,0,0,0,not_found_in_public_sources
国际展望,155,政治学,CSSCI,2023,9,2023年第9期,True,False,0,0,0,0,0,0,not_found_in_public_sources
国际展望,155,政治学,CSSCI,2023,10,2023年第10期,True,False,0,0,0,0,0,0,not_found_in_public_sources
国际展望,155,政治学,CSSCI,2023,11,2023年第11期,True,False,0,0,0,0,0,0,not_found_in_public_sources
国际展望,155,政治学,CSSCI,2023,12,2023年第12期,True,False,0,0,0,0,0,0,not_found_in_public_sources
国际展望,155,政治学,CSSCI,2024,1,2024年第1期,True,False,0,0,0,0,0,0,not_found_in_public_sources
国际展望,155,政治学,CSSCI,2024,2,2024年第2期,True,False,0,0,0,0,0,0,not_found_in_public_sources
国际展望,155,政治学,CSSCI,2024,3,2024年第3期,True,False,0,0,0,0,0,0,not_found_in_public_sources
国际展望,155,政治学,CSSCI,2024,4,2024年第4期,True,False,0,0,0,0,0,0,not_found_in_public_sources
国际展望,155,政治学,CSSCI,2024,5,2024年第5期,True,False,0,0,0,0,0,0,not_found_in_public_sources
国际展望,155,政治学,CSSCI,2024,6,2024年第6期,True,False,0,0,0,0,0,0,not_found_in_public_sources
国际展望,155,政治学,CSSCI,2024,7,2024年第7期,True,False,0,0,0,0,0,0,not_found_in_public_sources
国际展望,155,政治学,CSSCI,2024,8,2024年第8期,True,False,0,0,0,0,0,0,not_found_in_public_sources
国际展望,155,政治学,CSSCI,2024,9,2024年第9期,True,False,0,0,0,0,0,0,not_found_in_public_sources
国际展望,155,政治学,CSSCI,2024,10,2024年第10期,True,False,0,0,0,0,0,0,not_found_in_public_sources
国际展望,155,政治学,CSSCI,2024,11,2024年第11期,True,False,0,0,0,0,0,0,not_found_in_public_sources
国际展望,155,政治学,CSSCI,2024,12,2024年第12期,True,False,0,0,0,0,0,0,not_found_in_public_sources
国际展望,155,政治学,CSSCI,2025,1,2025年第1期,True,False,0,0,0,0,0,0,not_found_in_public_sources
国际展望,155,政治学,CSSCI,2025,2,2025年第2期,True,False,0,0,0,0,0,0,not_found_in_public_sources
国际展望,155,政治学,CSSCI,2025,3,2025年第3期,True,False,0,0,0,0,0,0,not_found_in_public_sources
国际展望,155,政治学,CSSCI,2025,4,2025年第4期,True,False,0,0,0,0,0,0,not_found_in_public_sources
国际展望,155,政治学,CSSCI,2025,5,2025年第5期,True,False,0,0,0,0,0,0,not_found_in_public_sources
国际展望,155,政治学,CSSCI,2025,6,2025年第6期,True,False,0,0,0,0,0,0,not_found_in_public_sources
国际展望,155,政治学,CSSCI,2025,7,2025年第7期,True,False,0,0,0,0,0,0,not_found_in_public_sources
国际展望,155,政治学,CSSCI,2025,8,2025年第8期,True,False,0,0,0,0,0,0,not_found_in_public_sources
国际展望,155,政治学,CSSCI,2025,9,2025年第9期,True,False,0,0,0,0,0,0,not_found_in_public_sources
国际展望,155,政治学,CSSCI,2025,10,2025年第10期,True,False,0,0,0,0,0,0,not_found_in_public_sources
国际展望,155,政治学,CSSCI,2025,11,2025年第11期,True,False,0,0,0,0,0,0,not_found_in_public_sources
国际展望,155,政治学,CSSCI,2025,12,2025年第12期,True,False,0,0,0,0,0,0,not_found_in_public_sources
国际观察,156,政治学,CSSCI,1980,1,1980年第1期,True,False,0,0,0,0,0,0,not_found_in_public_sources
国际观察,156,政治学,CSSCI,1980,2,1980年第2期,True,False,0,0,0,0,0,0,not_found_in_public_sources
国际观察,156,政治学,CSSCI,1980,3,1980年第3期,True,False,0,0,0,0,0,0,not_found_in_public_sources
国际观察,156,政治学,CSSCI,1980,4,1980年第4期,True,True,1,1,0,0,1,0,found
国际观察,156,政治学,CSSCI,1980,5,1980年第5期,True,False,0,0,0,0,0,0,not_found_in_public_sources
国际观察,156,政治学,CSSCI,1980,6,1980年第6期,True,False,0,0,0,0,0,0,not_found_in_public_sources
国际观察,156,政治学,CSSCI,1981,1,1981年第1期,True,True,3,3,0,0,3,0,found
国际观察,156,政治学,CSSCI,1981,2,1981年第2期,True,False,0,0,0,0,0,0,not_found_in_public_sources
国际观察,156,政治学,CSSCI,1981,3,1981年第3期,True,False,0,0,0,0,0,0,not_found_in_public_sources
国际观察,156,政治学,CSSCI,1981,4,1981年第4期,True,False,0,0,0,0,0,0,not_found_in_public_sources
国际观察,156,政治学,CSSCI,1981,5,1981年第5期,True,False,0,0,0,0,0,0,not_found_in_public_sources
国际观察,156,政治学,CSSCI,1981,6,1981年第6期,True,False,0,0,0,0,0,0,not_found_in_public_sources
国际观察,156,政治学,CSSCI,1982,1,1982年第1期,True,True,1,1,0,0,1,0,found
国际观察,156,政治学,CSSCI,1982,2,1982年第2期,True,False,0,0,0,0,0,0,not_found_in_public_sources
国际观察,156,政治学,CSSCI,1982,3,1982年第3期,True,False,0,0,0,0,0,0,not_found_in_public_sources
国际观察,156,政治学,CSSCI,1982,4,1982年第4期,True,False,0,0,0,0,0,0,not_found_in_public_sources
国际观察,156,政治学,CSSCI,1982,5,1982年第5期,True,False,0,0,0,0,0,0,not_found_in_public_sources
国际观察,156,政治学,CSSCI,1982,6,1982年第6期,True,False,0,0,0,0,0,0,not_found_in_public_sources
国际观察,156,政治学,CSSCI,1983,1,1983年第1期,True,False,0,0,0,0,0,0,not_found_in_public_sources
国际观察,156,政治学,CSSCI,1983,2,1983年第2期,True,False,0,0,0,0,0,0,not_found_in_public_sources
国际观察,156,政治学,CSSCI,1983,3,1983年第3期,True,False,0,0,0,0,0,0,not_found_in_public_sources
国际观察,156,政治学,CSSCI,1983,4,1983年第4期,True,False,0,0,0,0,0,0,not_found_in_public_sources
国际观察,156,政治学,CSSCI,1983,5,1983年第5期,True,False,0,0,0,0,0,0,not_found_in_public_sources
国际观察,156,政治学,CSSCI,1983,6,1983年第6期,True,False,0,0,0,0,0,0,not_found_in_public_sources
国际观察,156,政治学,CSSCI,1984,1,1984年第1期,True,True,3,3,0,0,3,0,found
国际观察,156,政治学,CSSCI,1984,2,1984年第2期,True,False,0,0,0,0,0,0,not_found_in_public_sources
国际观察,156,政治学,CSSCI,1984,3,1984年第3期,True,True,2,2,0,0,2,0,found
国际观察,156,政治学,CSSCI,1984,4,1984年第4期,True,True,2,2,0,0,2,0,found
国际观察,156,政治学,CSSCI,1984,5,1984年第5期,True,False,0,0,0,0,0,0,not_found_in_public_sources
国际观察,156,政治学,CSSCI,1984,6,1984年第6期,True,False,0,0,0,0,0,0,not_found_in_public_sources
国际观察,156,政治学,CSSCI,1985,1,1985年第1期,True,True,2,2,0,0,2,0,found
国际观察,156,政治学,CSSCI,1985,2,1985年第2期,True,True,2,2,0,0,2,0,found
国际观察,156,政治学,CSSCI,1985,3,1985年第3期,True,True,2,2,0,0,2,0,found
国际观察,156,政治学,CSSCI,1985,4,1985年第4期,True,True,2,2,0,0,2,0,found
国际观察,156,政治学,CSSCI,1985,5,1985年第5期,True,False,0,0,0,0,0,0,not_found_in_public_sources
国际观察,156,政治学,CSSCI,1985,6,1985年第6期,True,False,0,0,0,0,0,0,not_found_in_public_sources
国际观察,156,政治学,CSSCI,1986,1,1986年第1期,True,True,1,1,0,0,1,0,found
国际观察,156,政治学,CSSCI,1986,2,1986年第2期,True,True,3,3,0,0,3,0,found
国际观察,156,政治学,CSSCI,1986,3,1986年第3期,True,False,0,0,0,0,0,0,not_found_in_public_sources
国际观察,156,政治学,CSSCI,1986,4,1986年第4期,True,True,5,5,0,0,5,0,found
国际观察,156,政治学,CSSCI,1986,5,1986年第5期,True,False,0,0,0,0,0,0,not_found_in_public_sources
国际观察,156,政治学,CSSCI,1986,6,1986年第6期,True,False,0,0,0,0,0,0,not_found_in_public_sources
国际观察,156,政治学,CSSCI,1987,1,1987年第1期,True,True,3,3,0,0,3,0,found
国际观察,156,政治学,CSSCI,1987,2,1987年第2期,True,True,2,2,0,0,2,0,found
国际观察,156,政治学,CSSCI,1987,3,1987年第3期,True,False,0,0,0,0,0,0,not_found_in_public_sources
国际观察,156,政治学,CSSCI,1987,4,1987年第4期,True,False,0,0,0,0,0,0,not_found_in_public_sources
国际观察,156,政治学,CSSCI,1987,5,1987年第5期,True,False,0,0,0,0,0,0,not_found_in_public_sources
国际观察,156,政治学,CSSCI,1987,6,1987年第6期,True,True,4,4,0,0,4,0,found
国际观察,156,政治学,CSSCI,1988,1,1988年第1期,True,False,0,0,0,0,0,0,not_found_in_public_sources
国际观察,156,政治学,CSSCI,1988,2,1988年第2期,True,False,0,0,0,0,0,0,not_found_in_public_sources
国际观察,156,政治学,CSSCI,1988,3,1988年第3期,True,True,3,3,0,0,3,0,found
国际观察,156,政治学,CSSCI,1988,4,1988年第4期,True,True,1,1,0,0,1,0,found
国际观察,156,政治学,CSSCI,1988,5,1988年第5期,True,True,4,4,0,0,4,0,found
国际观察,156,政治学,CSSCI,1988,6,1988年第6期,True,True,1,1,0,0,1,0,found
国际观察,156,政治学,CSSCI,1989,1,1989年第1期,True,True,2,2,0,0,2,0,found
国际观察,156,政治学,CSSCI,1989,2,1989年第2期,True,True,2,2,0,0,2,0,found
国际观察,156,政治学,CSSCI,1989,3,1989年第3期,True,True,1,1,0,0,1,0,found
国际观察,156,政治学,CSSCI,1989,4,1989年第4期,True,True,1,1,0,0,1,0,found
国际观察,156,政治学,CSSCI,1989,5,1989年第5期,True,False,0,0,0,0,0,0,not_found_in_public_sources
国际观察,156,政治学,CSSCI,1989,6,1989年第6期,True,False,0,0,0,0,0,0,not_found_in_public_sources
国际观察,156,政治学,CSSCI,1990,1,1990年第1期,True,False,0,0,0,0,0,0,not_found_in_public_sources
国际观察,156,政治学,CSSCI,1990,2,1990年第2期,True,False,0,0,0,0,0,0,not_found_in_public_sources
国际观察,156,政治学,CSSCI,1990,3,1990年第3期,True,True,1,1,0,0,1,0,found
国际观察,156,政治学,CSSCI,1990,4,1990年第4期,True,False,0,0,0,0,0,0,not_found_in_public_sources
国际观察,156,政治学,CSSCI,1990,5,1990年第5期,True,False,0,0,0,0,0,0,not_found_in_public_sources
国际观察,156,政治学,CSSCI,1990,6,1990年第6期,True,False,0,0,0,0,0,0,not_found_in_public_sources
国际观察,156,政治学,CSSCI,1991,1,1991年第1期,True,False,0,0,0,0,0,0,not_found_in_public_sources
国际观察,156,政治学,CSSCI,1991,2,1991年第2期,True,False,0,0,0,0,0,0,not_found_in_public_sources
国际观察,156,政治学,CSSCI,1991,3,1991年第3期,True,False,0,0,0,0,0,0,not_found_in_public_sources
国际观察,156,政治学,CSSCI,1991,4,1991年第4期,True,False,0,0,0,0,0,0,not_found_in_public_sources
国际观察,156,政治学,CSSCI,1991,5,1991年第5期,True,False,0,0,0,0,0,0,not_found_in_public_sources
国际观察,156,政治学,CSSCI,1991,6,1991年第6期,True,False,0,0,0,0,0,0,not_found_in_public_sources
国际观察,156,政治学,CSSCI,1992,1,1992年第1期,True,False,0,0,0,0,0,0,not_found_in_public_sources
国际观察,156,政治学,CSSCI,1992,2,1992年第2期,True,False,0,0,0,0,0,0,not_found_in_public_sources
国际观察,156,政治学,CSSCI,1992,3,1992年第3期,True,False,0,0,0,0,0,0,not_found_in_public_sources
国际观察,156,政治学,CSSCI,1992,4,1992年第4期,True,False,0,0,0,0,0,0,not_found_in_public_sources
国际观察,156,政治学,CSSCI,1992,5,1992年第5期,True,False,0,0,0,0,0,0,not_found_in_public_sources
国际观察,156,政治学,CSSCI,1992,6,1992年第6期,True,False,0,0,0,0,0,0,not_found_in_public_sources
国际观察,156,政治学,CSSCI,1993,1,1993年第1期,True,True,1,1,0,0,1,0,found
国际观察,156,政治学,CSSCI,1993,2,1993年第2期,True,False,0,0,0,0,0,0,not_found_in_public_sources
国际观察,156,政治学,CSSCI,1993,3,1993年第3期,True,False,0,0,0,0,0,0,not_found_in_public_sources
国际观察,156,政治学,CSSCI,1993,4,1993年第4期,True,False,0,0,0,0,0,0,not_found_in_public_sources
国际观察,156,政治学,CSSCI,1993,5,1993年第5期,True,True,1,1,0,0,1,0,found
国际观察,156,政治学,CSSCI,1993,6,1993年第6期,True,True,2,2,0,0,2,0,found
国际观察,156,政治学,CSSCI,1994,1,1994年第1期,True,True,2,2,0,0,2,0,found
国际观察,156,政治学,CSSCI,1994,2,1994年第2期,True,True,2,2,0,0,2,0,found
国际观察,156,政治学,CSSCI,1994,3,1994年第3期,True,True,2,2,0,0,2,0,found
国际观察,156,政治学,CSSCI,1994,4,1994年第4期,True,True,3,3,0,0,3,0,found
国际观察,156,政治学,CSSCI,1994,5,1994年第5期,True,True,2,2,0,0,2,0,found
国际观察,156,政治学,CSSCI,1994,6,1994年第6期,True,True,3,3,0,0,3,0,found
国际观察,156,政治学,CSSCI,1995,1,1995年第1期,True,True,2,2,0,0,2,0,found
国际观察,156,政治学,CSSCI,1995,2,1995年第2期,True,False,0,0,0,0,0,0,not_found_in_public_sources
国际观察,156,政治学,CSSCI,1995,3,1995年第3期,True,False,0,0,0,0,0,0,not_found_in_public_sources
国际观察,156,政治学,CSSCI,1995,4,1995年第4期,True,True,1,1,0,0,1,0,found
国际观察,156,政治学,CSSCI,1995,5,1995年第5期,True,True,2,2,0,0,2,0,found
国际观察,156,政治学,CSSCI,1995,6,1995年第6期,True,True,2,2,0,0,2,0,found
国际观察,156,政治学,CSSCI,1996,1,1996年第1期,True,True,1,1,0,0,1,0,found
国际观察,156,政治学,CSSCI,1996,2,1996年第2期,True,True,1,1,0,0,1,0,found
国际观察,156,政治学,CSSCI,1996,3,1996年第3期,True,True,1,1,0,0,1,0,found
国际观察,156,政治学,CSSCI,1996,4,1996年第4期,True,False,0,0,0,0,0,0,not_found_in_public_sources
国际观察,156,政治学,CSSCI,1996,5,1996年第5期,True,True,2,2,0,0,2,0,found
国际观察,156,政治学,CSSCI,1996,6,1996年第6期,True,True,2,2,0,0,2,0,found
国际观察,156,政治学,CSSCI,1997,1,1997年第1期,True,True,1,1,0,0,1,0,found
国际观察,156,政治学,CSSCI,1997,2,1997年第2期,True,True,1,1,0,0,1,0,found
国际观察,156,政治学,CSSCI,1997,3,1997年第3期,True,True,3,3,0,0,3,0,found
国际观察,156,政治学,CSSCI,1997,4,1997年第4期,True,False,0,0,0,0,0,0,not_found_in_public_sources
国际观察,156,政治学,CSSCI,1997,5,1997年第5期,True,True,1,1,0,0,1,0,found
国际观察,156,政治学,CSSCI,1997,6,1997年第6期,True,True,2,2,0,0,2,0,found
国际观察,156,政治学,CSSCI,1998,1,1998年第1期,True,True,2,2,0,0,2,0,found
国际观察,156,政治学,CSSCI,1998,2,1998年第2期,True,False,0,0,0,0,0,0,not_found_in_public_sources
国际观察,156,政治学,CSSCI,1998,3,1998年第3期,True,False,0,0,0,0,0,0,not_found_in_public_sources
国际观察,156,政治学,CSSCI,1998,4,1998年第4期,True,True,1,1,0,0,1,0,found
国际观察,156,政治学,CSSCI,1998,5,1998年第5期,True,False,0,0,0,0,0,0,not_found_in_public_sources
国际观察,156,政治学,CSSCI,1998,6,1998年第6期,True,True,2,2,0,0,2,0,found
国际观察,156,政治学,CSSCI,1999,1,1999年第1期,True,False,0,0,0,0,0,0,not_found_in_public_sources
国际观察,156,政治学,CSSCI,1999,2,1999年第2期,True,True,1,1,0,0,1,0,found
国际观察,156,政治学,CSSCI,1999,3,1999年第3期,True,False,0,0,0,0,0,0,not_found_in_public_sources
国际观察,156,政治学,CSSCI,1999,4,1999年第4期,True,True,2,2,0,0,2,0,found
国际观察,156,政治学,CSSCI,1999,5,1999年第5期,True,False,0,0,0,0,0,0,not_found_in_public_sources
国际观察,156,政治学,CSSCI,1999,6,1999年第6期,True,True,2,2,0,0,2,0,found
国际观察,156,政治学,CSSCI,2000,1,2000年第1期,True,False,0,0,0,0,0,0,not_found_in_public_sources
国际观察,156,政治学,CSSCI,2000,2,2000年第2期,True,True,1,1,0,0,1,0,found
国际观察,156,政治学,CSSCI,2000,3,2000年第3期,True,True,3,3,0,0,3,0,found
国际观察,156,政治学,CSSCI,2000,4,2000年第4期,True,False,0,0,0,0,0,0,not_found_in_public_sources
国际观察,156,政治学,CSSCI,2000,5,2000年第5期,True,True,2,2,0,0,2,0,found
国际观察,156,政治学,CSSCI,2000,6,2000年第6期,True,True,1,1,0,0,1,0,found
国际观察,156,政治学,CSSCI,2001,1,2001年第1期,True,False,0,0,0,0,0,0,not_found_in_public_sources
国际观察,156,政治学,CSSCI,2001,2,2001年第2期,True,False,0,0,0,0,0,0,not_found_in_public_sources
国际观察,156,政治学,CSSCI,2001,3,2001年第3期,True,True,4,4,0,0,4,0,found
国际观察,156,政治学,CSSCI,2001,4,2001年第4期,True,True,2,2,0,0,2,0,found
国际观察,156,政治学,CSSCI,2001,5,2001年第5期,True,True,3,3,0,0,3,0,found
国际观察,156,政治学,CSSCI,2001,6,2001年第6期,True,True,2,2,0,0,2,0,found
国际观察,156,政治学,CSSCI,2002,1,2002年第1期,True,True,2,2,0,0,2,0,found
国际观察,156,政治学,CSSCI,2002,2,2002年第2期,True,True,1,1,0,0,1,0,found
国际观察,156,政治学,CSSCI,2002,3,2002年第3期,True,True,5,5,0,0,5,0,found
国际观察,156,政治学,CSSCI,2002,4,2002年第4期,True,True,2,2,0,0,2,0,found
国际观察,156,政治学,CSSCI,2002,5,2002年第5期,True,True,3,3,0,0,3,0,found
国际观察,156,政治学,CSSCI,2002,6,2002年第6期,True,True,1,1,0,0,1,0,found
国际观察,156,政治学,CSSCI,2003,1,2003年第1期,True,True,4,4,0,0,4,0,found
国际观察,156,政治学,CSSCI,2003,2,2003年第2期,True,True,1,1,0,0,1,0,found
国际观察,156,政治学,CSSCI,2003,3,2003年第3期,True,True,2,2,0,0,2,0,found
国际观察,156,政治学,CSSCI,2003,4,2003年第4期,True,True,2,2,0,0,2,0,found
国际观察,156,政治学,CSSCI,2003,5,2003年第5期,True,True,2,2,0,0,2,0,found
国际观察,156,政治学,CSSCI,2003,6,2003年第6期,True,True,3,3,0,0,3,0,found
国际观察,156,政治学,CSSCI,2004,1,2004年第1期,True,False,0,0,0,0,0,0,not_found_in_public_sources
国际观察,156,政治学,CSSCI,2004,2,2004年第2期,True,True,3,3,0,0,3,0,found
国际观察,156,政治学,CSSCI,2004,3,2004年第3期,True,True,3,3,0,0,3,0,found
国际观察,156,政治学,CSSCI,2004,4,2004年第4期,True,True,3,3,0,0,3,0,found
国际观察,156,政治学,CSSCI,2004,5,2004年第5期,True,True,1,1,0,0,1,0,found
国际观察,156,政治学,CSSCI,2004,6,2004年第6期,True,False,0,0,0,0,0,0,not_found_in_public_sources
国际观察,156,政治学,CSSCI,2005,1,2005年第1期,True,True,2,2,0,0,2,0,found
国际观察,156,政治学,CSSCI,2005,2,2005年第2期,True,True,3,3,0,0,3,0,found
国际观察,156,政治学,CSSCI,2005,3,2005年第3期,True,True,4,4,0,0,4,0,found
国际观察,156,政治学,CSSCI,2005,4,2005年第4期,True,True,1,1,0,0,1,0,found
国际观察,156,政治学,CSSCI,2005,5,2005年第5期,True,True,3,3,0,0,3,0,found
国际观察,156,政治学,CSSCI,2005,6,2005年第6期,True,False,0,0,0,0,0,0,not_found_in_public_sources
国际观察,156,政治学,CSSCI,2006,1,2006年第1期,True,True,5,5,0,0,5,0,found
国际观察,156,政治学,CSSCI,2006,2,2006年第2期,True,True,1,1,0,0,1,0,found
国际观察,156,政治学,CSSCI,2006,3,2006年第3期,True,False,0,0,0,0,0,0,not_found_in_public_sources
国际观察,156,政治学,CSSCI,2006,4,2006年第4期,True,True,2,2,0,0,2,0,found
国际观察,156,政治学,CSSCI,2006,5,2006年第5期,True,True,2,2,0,0,2,0,found
国际观察,156,政治学,CSSCI,2006,6,2006年第6期,True,True,3,3,0,0,3,0,found
国际观察,156,政治学,CSSCI,2007,1,2007年第1期,True,True,4,4,0,0,4,0,found
国际观察,156,政治学,CSSCI,2007,2,2007年第2期,True,False,0,0,0,0,0,0,not_found_in_public_sources
国际观察,156,政治学,CSSCI,2007,3,2007年第3期,True,False,0,0,0,0,0,0,not_found_in_public_sources
国际观察,156,政治学,CSSCI,2007,4,2007年第4期,True,True,5,5,0,0,5,0,found
国际观察,156,政治学,CSSCI,2007,5,2007年第5期,True,True,2,2,0,0,2,0,found
国际观察,156,政治学,CSSCI,2007,6,2007年第6期,True,True,1,1,0,0,1,0,found
国际观察,156,政治学,CSSCI,2008,1,2008年第1期,True,True,3,3,0,0,3,0,found
国际观察,156,政治学,CSSCI,2008,2,2008年第2期,True,True,1,1,0,0,1,0,found
国际观察,156,政治学,CSSCI,2008,3,2008年第3期,True,True,1,1,0,0,1,0,found
国际观察,156,政治学,CSSCI,2008,4,2008年第4期,True,True,1,1,0,0,1,0,found
国际观察,156,政治学,CSSCI,2008,5,2008年第5期,True,True,1,1,0,0,1,0,found
国际观察,156,政治学,CSSCI,2008,6,2008年第6期,True,True,1,1,0,0,1,0,found
国际观察,156,政治学,CSSCI,2009,1,2009年第1期,True,True,1,1,0,0,1,0,found
国际观察,156,政治学,CSSCI,2009,2,2009年第2期,True,False,0,0,0,0,0,0,not_found_in_public_sources
国际观察,156,政治学,CSSCI,2009,3,2009年第3期,True,True,3,3,0,0,3,0,found
国际观察,156,政治学,CSSCI,2009,4,2009年第4期,True,False,0,0,0,0,0,0,not_found_in_public_sources
国际观察,156,政治学,CSSCI,2009,5,2009年第5期,True,True,3,3,0,0,3,0,found
国际观察,156,政治学,CSSCI,2009,6,2009年第6期,True,True,3,3,0,0,3,0,found
国际观察,156,政治学,CSSCI,2010,1,2010年第1期,True,True,5,5,0,0,5,0,found
国际观察,156,政治学,CSSCI,2010,2,2010年第2期,True,True,1,1,0,0,1,0,found
国际观察,156,政治学,CSSCI,2010,3,2010年第3期,True,True,4,4,0,0,4,0,found
国际观察,156,政治学,CSSCI,2010,4,2010年第4期,True,True,1,1,0,0,1,0,found
国际观察,156,政治学,CSSCI,2010,5,2010年第5期,True,False,0,0,0,0,0,0,not_found_in_public_sources
国际观察,156,政治学,CSSCI,2010,6,2010年第6期,True,False,0,0,0,0,0,0,not_found_in_public_sources
国际观察,156,政治学,CSSCI,2011,1,2011年第1期,True,True,2,2,0,0,2,0,found
国际观察,156,政治学,CSSCI,2011,2,2011年第2期,True,True,1,1,0,0,1,0,found
国际观察,156,政治学,CSSCI,2011,3,2011年第3期,True,True,1,1,0,0,1,0,found
国际观察,156,政治学,CSSCI,2011,4,2011年第4期,True,True,1,1,0,0,1,0,found
国际观察,156,政治学,CSSCI,2011,5,2011年第5期,True,False,0,0,0,0,0,0,not_found_in_public_sources
国际观察,156,政治学,CSSCI,2011,6,2011年第6期,True,False,0,0,0,0,0,0,not_found_in_public_sources
国际观察,156,政治学,CSSCI,2012,1,2012年第1期,True,True,1,1,0,0,1,0,found
国际观察,156,政治学,CSSCI,2012,2,2012年第2期,True,True,2,2,0,0,2,0,found
国际观察,156,政治学,CSSCI,2012,3,2012年第3期,True,False,0,0,0,0,0,0,not_found_in_public_sources
国际观察,156,政治学,CSSCI,2012,4,2012年第4期,True,True,1,1,0,0,1,0,found
国际观察,156,政治学,CSSCI,2012,5,2012年第5期,True,False,0,0,0,0,0,0,not_found_in_public_sources
国际观察,156,政治学,CSSCI,2012,6,2012年第6期,True,True,1,1,0,0,1,0,found
国际观察,156,政治学,CSSCI,2013,1,2013年第1期,True,True,2,2,0,0,2,0,found
国际观察,156,政治学,CSSCI,2013,2,2013年第2期,True,False,0,0,0,0,0,0,not_found_in_public_sources
国际观察,156,政治学,CSSCI,2013,3,2013年第3期,True,True,1,1,0,0,1,0,found
国际观察,156,政治学,CSSCI,2013,4,2013年第4期,True,True,1,1,0,0,1,0,found
国际观察,156,政治学,CSSCI,2013,5,2013年第5期,True,True,2,2,0,0,2,0,found
国际观察,156,政治学,CSSCI,2013,6,2013年第6期,True,True,2,2,0,0,2,0,found
国际观察,156,政治学,CSSCI,2014,1,2014年第1期,True,True,4,4,0,0,4,0,found
国际观察,156,政治学,CSSCI,2014,2,2014年第2期,True,True,4,4,0,0,4,0,found
国际观察,156,政治学,CSSCI,2014,3,2014年第3期,True,True,2,2,0,0,2,0,found
国际观察,156,政治学,CSSCI,2014,4,2014年第4期,True,True,2,2,0,0,2,0,found
国际观察,156,政治学,CSSCI,2014,5,2014年第5期,True,True,2,2,0,0,2,0,found
国际观察,156,政治学,CSSCI,2014,6,2014年第6期,True,True,1,1,0,0,1,0,found
国际观察,156,政治学,CSSCI,2015,1,2015年第1期,True,True,4,4,0,0,4,0,found
国际观察,156,政治学,CSSCI,2015,2,2015年第2期,True,True,3,3,0,0,3,0,found
国际观察,156,政治学,CSSCI,2015,3,2015年第3期,True,True,2,2,0,0,2,0,found
国际观察,156,政治学,CSSCI,2015,4,2015年第4期,True,True,2,2,0,0,2,0,found
国际观察,156,政治学,CSSCI,2015,5,2015年第5期,True,True,2,2,0,0,2,0,found
国际观察,156,政治学,CSSCI,2015,6,2015年第6期,True,True,1,1,0,0,1,0,found
国际观察,156,政治学,CSSCI,2016,1,2016年第1期,True,True,3,3,0,0,3,0,found
国际观察,156,政治学,CSSCI,2016,2,2016年第2期,True,True,3,3,0,0,3,0,found
国际观察,156,政治学,CSSCI,2016,3,2016年第3期,True,True,1,1,0,0,1,0,found
国际观察,156,政治学,CSSCI,2016,4,2016年第4期,True,False,0,0,0,0,0,0,not_found_in_public_sources
国际观察,156,政治学,CSSCI,2016,5,2016年第5期,True,True,1,1,0,0,1,0,found
国际观察,156,政治学,CSSCI,2016,6,2016年第6期,True,False,0,0,0,0,0,0,not_found_in_public_sources
国际观察,156,政治学,CSSCI,2017,1,2017年第1期,True,True,1,1,0,0,1,0,found
国际观察,156,政治学,CSSCI,2017,2,2017年第2期,True,False,0,0,0,0,0,0,not_found_in_public_sources
国际观察,156,政治学,CSSCI,2017,3,2017年第3期,True,False,0,0,0,0,0,0,not_found_in_public_sources
国际观察,156,政治学,CSSCI,2017,4,2017年第4期,True,False,0,0,0,0,0,0,not_found_in_public_sources
国际观察,156,政治学,CSSCI,2017,5,2017年第5期,True,True,1,1,0,0,1,0,found
国际观察,156,政治学,CSSCI,2017,6,2017年第6期,True,True,2,2,0,0,2,0,found
国际观察,156,政治学,CSSCI,2018,1,2018年第1期,True,True,1,1,0,0,1,0,found
国际观察,156,政治学,CSSCI,2018,2,2018年第2期,True,True,1,1,0,0,1,0,found
国际观察,156,政治学,CSSCI,2018,3,2018年第3期,True,False,0,0,0,0,0,0,not_found_in_public_sources
国际观察,156,政治学,CSSCI,2018,4,2018年第4期,True,False,0,0,0,0,0,0,not_found_in_public_sources
国际观察,156,政治学,CSSCI,2018,5,2018年第5期,True,False,0,0,0,0,0,0,not_found_in_public_sources
国际观察,156,政治学,CSSCI,2018,6,2018年第6期,True,False,0,0,0,0,0,0,not_found_in_public_sources
国际观察,156,政治学,CSSCI,2019,1,2019年第1期,True,False,0,0,0,0,0,0,not_found_in_public_sources
国际观察,156,政治学,CSSCI,2019,2,2019年第2期,True,False,0,0,0,0,0,0,not_found_in_public_sources
国际观察,156,政治学,CSSCI,2019,3,2019年第3期,True,False,0,0,0,0,0,0,not_found_in_public_sources
国际观察,156,政治学,CSSCI,2019,4,2019年第4期,True,False,0,0,0,0,0,0,not_found_in_public_sources
国际观察,156,政治学,CSSCI,2019,5,2019年第5期,True,False,0,0,0,0,0,0,not_found_in_public_sources
国际观察,156,政治学,CSSCI,2019,6,2019年第6期,True,False,0,0,0,0,0,0,not_found_in_public_sources
国际观察,156,政治学,CSSCI,2020,1,2020年第1期,True,False,0,0,0,0,0,0,not_found_in_public_sources
国际观察,156,政治学,CSSCI,2020,2,2020年第2期,True,False,0,0,0,0,0,0,not_found_in_public_sources
国际观察,156,政治学,CSSCI,2020,3,2020年第3期,True,False,0,0,0,0,0,0,not_found_in_public_sources
国际观察,156,政治学,CSSCI,2020,4,2020年第4期,True,False,0,0,0,0,0,0,not_found_in_public_sources
国际观察,156,政治学,CSSCI,2020,5,2020年第5期,True,False,0,0,0,0,0,0,not_found_in_public_sources
国际观察,156,政治学,CSSCI,2020,6,2020年第6期,True,False,0,0,0,0,0,0,not_found_in_public_sources
国际观察,156,政治学,CSSCI,2021,1,2021年第1期,True,False,0,0,0,0,0,0,not_found_in_public_sources
国际观察,156,政治学,CSSCI,2021,2,2021年第2期,True,False,0,0,0,0,0,0,not_found_in_public_sources
国际观察,156,政治学,CSSCI,2021,3,2021年第3期,True,False,0,0,0,0,0,0,not_found_in_public_sources
国际观察,156,政治学,CSSCI,2021,4,2021年第4期,True,False,0,0,0,0,0,0,not_found_in_public_sources
国际观察,156,政治学,CSSCI,2021,5,2021年第5期,True,False,0,0,0,0,0,0,not_found_in_public_sources
国际观察,156,政治学,CSSCI,2021,6,2021年第6期,True,False,0,0,0,0,0,0,not_found_in_public_sources
国际观察,156,政治学,CSSCI,2022,1,2022年第1期,True,False,0,0,0,0,0,0,not_found_in_public_sources
国际观察,156,政治学,CSSCI,2022,2,2022年第2期,True,False,0,0,0,0,0,0,not_found_in_public_sources
国际观察,156,政治学,CSSCI,2022,3,2022年第3期,True,False,0,0,0,0,0,0,not_found_in_public_sources
国际观察,156,政治学,CSSCI,2022,4,2022年第4期,True,False,0,0,0,0,0,0,not_found_in_public_sources
国际观察,156,政治学,CSSCI,2022,5,2022年第5期,True,False,0,0,0,0,0,0,not_found_in_public_sources
国际观察,156,政治学,CSSCI,2022,6,2022年第6期,True,False,0,0,0,0,0,0,not_found_in_public_sources
国际观察,156,政治学,CSSCI,2023,1,2023年第1期,True,False,0,0,0,0,0,0,not_found_in_public_sources
国际观察,156,政治学,CSSCI,2023,2,2023年第2期,True,False,0,0,0,0,0,0,not_found_in_public_sources
国际观察,156,政治学,CSSCI,2023,3,2023年第3期,True,False,0,0,0,0,0,0,not_found_in_public_sources
国际观察,156,政治学,CSSCI,2023,4,2023年第4期,True,False,0,0,0,0,0,0,not_found_in_public_sources
国际观察,156,政治学,CSSCI,2023,5,2023年第5期,True,False,0,0,0,0,0,0,not_found_in_public_sources
国际观察,156,政治学,CSSCI,2023,6,2023年第6期,True,False,0,0,0,0,0,0,not_found_in_public_sources
国际观察,156,政治学,CSSCI,2024,1,2024年第1期,True,False,0,0,0,0,0,0,not_found_in_public_sources
国际观察,156,政治学,CSSCI,2024,2,2024年第2期,True,False,0,0,0,0,0,0,not_found_in_public_sources
国际观察,156,政治学,CSSCI,2024,3,2024年第3期,True,False,0,0,0,0,0,0,not_found_in_public_sources
国际观察,156,政治学,CSSCI,2024,4,2024年第4期,True,False,0,0,0,0,0,0,not_found_in_public_sources
国际观察,156,政治学,CSSCI,2024,5,2024年第5期,True,False,0,0,0,0,0,0,not_found_in_public_sources
国际观察,156,政治学,CSSCI,2024,6,2024年第6期,True,False,0,0,0,0,0,0,not_found_in_public_sources
国际观察,156,政治学,CSSCI,2025,1,2025年第1期,True,False,0,0,0,0,0,0,not_found_in_public_sources
国际观察,156,政治学,CSSCI,2025,2,2025年第2期,True,False,0,0,0,0,0,0,not_found_in_public_sources
国际观察,156,政治学,CSSCI,2025,3,2025年第3期,True,False,0,0,0,0,0,0,not_found_in_public_sources
国际观察,156,政治学,CSSCI,2025,4,2025年第4期,True,False,0,0,0,0,0,0,not_found_in_public_sources
国际观察,156,政治学,CSSCI,2025,5,2025年第5期,True,False,0,0,0,0,0,0,not_found_in_public_sources
国际观察,156,政治学,CSSCI,2025,6,2025年第6期,True,False,0,0,0,0,0,0,not_found_in_public_sources
国际论坛,157,政治学,CSSCI,2019,1,2019年第1期,True,False,0,0,0,0,0,0,not_found_in_public_sources
国际论坛,157,政治学,CSSCI,2019,2,2019年第2期,True,False,0,0,0,0,0,0,not_found_in_public_sources
国际论坛,157,政治学,CSSCI,2019,3,2019年第3期,True,False,0,0,0,0,0,0,not_found_in_public_sources
国际论坛,157,政治学,CSSCI,2019,4,2019年第4期,True,True,7,7,0,0,7,0,found
国际论坛,157,政治学,CSSCI,2020,1,2020年第1期,True,True,85,85,0,0,85,0,found
国际论坛,157,政治学,CSSCI,2020,2,2020年第2期,True,True,654,654,0,0,654,0,found
国际论坛,157,政治学,CSSCI,2020,3,2020年第3期,True,True,44,44,0,0,44,0,found
国际论坛,157,政治学,CSSCI,2020,4,2020年第4期,True,True,871,871,0,0,871,0,found
国际论坛,157,政治学,CSSCI,2021,1,2021年第1期,True,False,0,0,0,0,0,0,not_found_in_public_sources
国际论坛,157,政治学,CSSCI,2021,2,2021年第2期,True,False,0,0,0,0,0,0,not_found_in_public_sources
国际论坛,157,政治学,CSSCI,2021,3,2021年第3期,True,False,0,0,0,0,0,0,not_found_in_public_sources
国际论坛,157,政治学,CSSCI,2021,4,2021年第4期,True,False,0,0,0,0,0,0,not_found_in_public_sources
国际论坛,157,政治学,CSSCI,2022,1,2022年第1期,True,False,0,0,0,0,0,0,not_found_in_public_sources
国际论坛,157,政治学,CSSCI,2022,2,2022年第2期,True,False,0,0,0,0,0,0,not_found_in_public_sources
国际论坛,157,政治学,CSSCI,2022,3,2022年第3期,True,False,0,0,0,0,0,0,not_found_in_public_sources
国际论坛,157,政治学,CSSCI,2022,4,2022年第4期,True,False,0,0,0,0,0,0,not_found_in_public_sources
国际论坛,157,政治学,CSSCI,2023,1,2023年第1期,True,False,0,0,0,0,0,0,not_found_in_public_sources
国际论坛,157,政治学,CSSCI,2023,2,2023年第2期,True,False,0,0,0,0,0,0,not_found_in_public_sources
国际论坛,157,政治学,CSSCI,2023,3,2023年第3期,True,False,0,0,0,0,0,0,not_found_in_public_sources
国际论坛,157,政治学,CSSCI,2023,4,2023年第4期,True,False,0,0,0,0,0,0,not_found_in_public_sources
国际论坛,157,政治学,CSSCI,2024,1,2024年第1期,True,False,0,0,0,0,0,0,not_found_in_public_sources
国际论坛,157,政治学,CSSCI,2024,2,2024年第2期,True,False,0,0,0,0,0,0,not_found_in_public_sources
国际论坛,157,政治学,CSSCI,2024,3,2024年第3期,True,False,0,0,0,0,0,0,not_found_in_public_sources
国际论坛,157,政治学,CSSCI,2024,4,2024年第4期,True,False,0,0,0,0,0,0,not_found_in_public_sources
国际论坛,157,政治学,CSSCI,2025,1,2025年第1期,True,False,0,0,0,0,0,0,not_found_in_public_sources
国际论坛,157,政治学,CSSCI,2025,2,2025年第2期,True,False,0,0,0,0,0,0,not_found_in_public_sources
国际论坛,157,政治学,CSSCI,2025,3,2025年第3期,True,True,45,45,0,0,45,0,found
国际论坛,157,政治学,CSSCI,2025,4,2025年第4期,True,True,20,20,0,0,20,0,found
国际论坛,157,政治学,CSSCI,2026,,2026年,False,False,0,0,0,0,0,0,2026_no_public_issue_found
现代国际关系,159,政治学,CSSCI,1998,1,1998年第1期,True,True,3,3,0,0,3,0,found
现代国际关系,159,政治学,CSSCI,1998,2,1998年第2期,True,False,0,0,0,0,0,0,not_found_in_public_sources
现代国际关系,159,政治学,CSSCI,1998,3,1998年第3期,True,True,2,2,0,0,2,0,found
现代国际关系,159,政治学,CSSCI,1998,4,1998年第4期,True,True,2,2,0,0,2,0,found
现代国际关系,159,政治学,CSSCI,1998,5,1998年第5期,True,True,2,2,0,0,2,0,found
现代国际关系,159,政治学,CSSCI,1998,6,1998年第6期,True,True,2,2,0,0,2,0,found
现代国际关系,159,政治学,CSSCI,1998,7,1998年第7期,True,True,2,2,0,0,2,0,found
现代国际关系,159,政治学,CSSCI,1998,8,1998年第8期,True,True,2,2,0,0,2,0,found
现代国际关系,159,政治学,CSSCI,1998,9,1998年第9期,True,True,1,1,0,0,1,0,found
现代国际关系,159,政治学,CSSCI,1998,10,1998年第10期,True,True,2,2,0,0,2,0,found
现代国际关系,159,政治学,CSSCI,1998,11,1998年第11期,True,False,0,0,0,0,0,0,not_found_in_public_sources
现代国际关系,159,政治学,CSSCI,1998,12,1998年第12期,True,True,2,2,0,0,2,0,found
现代国际关系,159,政治学,CSSCI,1999,1,1999年第1期,True,True,2,2,0,0,2,0,found
现代国际关系,159,政治学,CSSCI,1999,2,1999年第2期,True,True,2,2,0,0,2,0,found
现代国际关系,159,政治学,CSSCI,1999,3,1999年第3期,True,True,2,2,0,0,2,0,found
现代国际关系,159,政治学,CSSCI,1999,4,1999年第4期,True,True,2,2,0,0,2,0,found
现代国际关系,159,政治学,CSSCI,1999,5,1999年第5期,True,True,2,2,0,0,2,0,found
现代国际关系,159,政治学,CSSCI,1999,6,1999年第6期,True,True,2,2,0,0,2,0,found
现代国际关系,159,政治学,CSSCI,1999,7,1999年第7期,True,True,1,1,0,0,1,0,found
现代国际关系,159,政治学,CSSCI,1999,8,1999年第8期,True,True,1,1,0,0,1,0,found
现代国际关系,159,政治学,CSSCI,1999,9,1999年第9期,True,True,2,2,0,0,2,0,found
现代国际关系,159,政治学,CSSCI,1999,10,1999年第10期,True,True,2,2,0,0,2,0,found
现代国际关系,159,政治学,CSSCI,1999,11,1999年第11期,True,True,2,2,0,0,2,0,found
现代国际关系,159,政治学,CSSCI,1999,12,1999年第12期,True,True,2,2,0,0,2,0,found
现代国际关系,159,政治学,CSSCI,2000,1,2000年第1期,True,True,2,2,0,0,2,0,found
现代国际关系,159,政治学,CSSCI,2000,2,2000年第2期,True,True,1,1,0,0,1,0,found
现代国际关系,159,政治学,CSSCI,2000,3,2000年第3期,True,True,2,2,0,0,2,0,found
现代国际关系,159,政治学,CSSCI,2000,4,2000年第4期,True,True,3,3,0,0,3,0,found
现代国际关系,159,政治学,CSSCI,2000,5,2000年第5期,True,True,2,2,0,0,2,0,found
现代国际关系,159,政治学,CSSCI,2000,6,2000年第6期,True,True,2,2,0,0,2,0,found
现代国际关系,159,政治学,CSSCI,2000,7,2000年第7期,True,True,2,2,0,0,2,0,found
现代国际关系,159,政治学,CSSCI,2000,8,2000年第8期,True,True,1,1,0,0,1,0,found
现代国际关系,159,政治学,CSSCI,2000,9,2000年第9期,True,True,2,2,0,0,2,0,found
现代国际关系,159,政治学,CSSCI,2000,10,2000年第10期,True,True,2,2,0,0,2,0,found
现代国际关系,159,政治学,CSSCI,2000,11,2000年第11期,True,True,2,2,0,0,2,0,found
现代国际关系,159,政治学,CSSCI,2000,12,2000年第12期,True,True,2,2,0,0,2,0,found
现代国际关系,159,政治学,CSSCI,2001,1,2001年第1期,True,True,1,1,0,0,1,0,found
现代国际关系,159,政治学,CSSCI,2001,2,2001年第2期,True,False,0,0,0,0,0,0,not_found_in_public_sources
现代国际关系,159,政治学,CSSCI,2001,3,2001年第3期,True,False,0,0,0,0,0,0,not_found_in_public_sources
现代国际关系,159,政治学,CSSCI,2001,4,2001年第4期,True,False,0,0,0,0,0,0,not_found_in_public_sources
现代国际关系,159,政治学,CSSCI,2001,5,2001年第5期,True,False,0,0,0,0,0,0,not_found_in_public_sources
现代国际关系,159,政治学,CSSCI,2001,6,2001年第6期,True,False,0,0,0,0,0,0,not_found_in_public_sources
现代国际关系,159,政治学,CSSCI,2001,7,2001年第7期,True,False,0,0,0,0,0,0,not_found_in_public_sources
现代国际关系,159,政治学,CSSCI,2001,8,2001年第8期,True,False,0,0,0,0,0,0,not_found_in_public_sources
现代国际关系,159,政治学,CSSCI,2001,9,2001年第9期,True,False,0,0,0,0,0,0,not_found_in_public_sources
现代国际关系,159,政治学,CSSCI,2001,10,2001年第10期,True,False,0,0,0,0,0,0,not_found_in_public_sources
现代国际关系,159,政治学,CSSCI,2001,11,2001年第11期,True,False,0,0,0,0,0,0,not_found_in_public_sources
现代国际关系,159,政治学,CSSCI,2001,12,2001年第12期,True,False,0,0,0,0,0,0,not_found_in_public_sources
现代国际关系,159,政治学,CSSCI,2002,1,2002年第1期,True,False,0,0,0,0,0,0,not_found_in_public_sources
现代国际关系,159,政治学,CSSCI,2002,2,2002年第2期,True,False,0,0,0,0,0,0,not_found_in_public_sources
现代国际关系,159,政治学,CSSCI,2002,3,2002年第3期,True,False,0,0,0,0,0,0,not_found_in_public_sources
现代国际关系,159,政治学,CSSCI,2002,4,2002年第4期,True,False,0,0,0,0,0,0,not_found_in_public_sources
现代国际关系,159,政治学,CSSCI,2002,5,2002年第5期,True,False,0,0,0,0,0,0,not_found_in_public_sources
现代国际关系,159,政治学,CSSCI,2002,6,2002年第6期,True,False,0,0,0,0,0,0,not_found_in_public_sources
现代国际关系,159,政治学,CSSCI,2002,7,2002年第7期,True,False,0,0,0,0,0,0,not_found_in_public_sources
现代国际关系,159,政治学,CSSCI,2002,8,2002年第8期,True,False,0,0,0,0,0,0,not_found_in_public_sources
现代国际关系,159,政治学,CSSCI,2002,9,2002年第9期,True,False,0,0,0,0,0,0,not_found_in_public_sources
现代国际关系,159,政治学,CSSCI,2002,10,2002年第10期,True,False,0,0,0,0,0,0,not_found_in_public_sources
现代国际关系,159,政治学,CSSCI,2002,11,2002年第11期,True,False,0,0,0,0,0,0,not_found_in_public_sources
现代国际关系,159,政治学,CSSCI,2002,12,2002年第12期,True,False,0,0,0,0,0,0,not_found_in_public_sources
现代国际关系,159,政治学,CSSCI,2003,1,2003年第1期,True,False,0,0,0,0,0,0,not_found_in_public_sources
现代国际关系,159,政治学,CSSCI,2003,2,2003年第2期,True,False,0,0,0,0,0,0,not_found_in_public_sources
现代国际关系,159,政治学,CSSCI,2003,3,2003年第3期,True,False,0,0,0,0,0,0,not_found_in_public_sources
现代国际关系,159,政治学,CSSCI,2003,4,2003年第4期,True,False,0,0,0,0,0,0,not_found_in_public_sources
现代国际关系,159,政治学,CSSCI,2003,5,2003年第5期,True,False,0,0,0,0,0,0,not_found_in_public_sources
现代国际关系,159,政治学,CSSCI,2003,6,2003年第6期,True,False,0,0,0,0,0,0,not_found_in_public_sources
现代国际关系,159,政治学,CSSCI,2003,7,2003年第7期,True,False,0,0,0,0,0,0,not_found_in_public_sources
现代国际关系,159,政治学,CSSCI,2003,8,2003年第8期,True,False,0,0,0,0,0,0,not_found_in_public_sources
现代国际关系,159,政治学,CSSCI,2003,9,2003年第9期,True,False,0,0,0,0,0,0,not_found_in_public_sources
现代国际关系,159,政治学,CSSCI,2003,10,2003年第10期,True,False,0,0,0,0,0,0,not_found_in_public_sources
现代国际关系,159,政治学,CSSCI,2003,11,2003年第11期,True,False,0,0,0,0,0,0,not_found_in_public_sources
现代国际关系,159,政治学,CSSCI,2003,12,2003年第12期,True,False,0,0,0,0,0,0,not_found_in_public_sources
现代国际关系,159,政治学,CSSCI,2004,1,2004年第1期,True,False,0,0,0,0,0,0,not_found_in_public_sources
现代国际关系,159,政治学,CSSCI,2004,2,2004年第2期,True,True,2,2,0,0,2,0,found
现代国际关系,159,政治学,CSSCI,2004,3,2004年第3期,True,True,9,9,0,0,9,0,found
现代国际关系,159,政治学,CSSCI,2004,4,2004年第4期,True,True,4,4,0,0,4,0,found
现代国际关系,159,政治学,CSSCI,2004,5,2004年第5期,True,False,0,0,0,0,0,0,not_found_in_public_sources
现代国际关系,159,政治学,CSSCI,2004,6,2004年第6期,True,True,1,1,0,0,1,0,found
现代国际关系,159,政治学,CSSCI,2004,7,2004年第7期,True,True,2,2,0,0,2,0,found
现代国际关系,159,政治学,CSSCI,2004,8,2004年第8期,True,True,2,2,0,0,2,0,found
现代国际关系,159,政治学,CSSCI,2004,9,2004年第9期,True,False,0,0,0,0,0,0,not_found_in_public_sources
现代国际关系,159,政治学,CSSCI,2004,10,2004年第10期,True,True,9,9,0,0,9,0,found
现代国际关系,159,政治学,CSSCI,2004,11,2004年第11期,True,True,8,8,0,0,8,0,found
现代国际关系,159,政治学,CSSCI,2004,12,2004年第12期,True,True,4,4,0,0,4,0,found
现代国际关系,159,政治学,CSSCI,2005,1,2005年第1期,True,False,0,0,0,0,0,0,not_found_in_public_sources
现代国际关系,159,政治学,CSSCI,2005,2,2005年第2期,True,True,4,4,0,0,4,0,found
现代国际关系,159,政治学,CSSCI,2005,3,2005年第3期,True,True,1,1,0,0,1,0,found
现代国际关系,159,政治学,CSSCI,2005,4,2005年第4期,True,True,1,1,0,0,1,0,found
现代国际关系,159,政治学,CSSCI,2005,5,2005年第5期,True,True,2,2,0,0,2,0,found
现代国际关系,159,政治学,CSSCI,2005,6,2005年第6期,True,True,2,2,0,0,2,0,found
现代国际关系,159,政治学,CSSCI,2005,7,2005年第7期,True,True,3,3,0,0,3,0,found
现代国际关系,159,政治学,CSSCI,2005,8,2005年第8期,True,True,2,2,0,0,2,0,found
现代国际关系,159,政治学,CSSCI,2005,9,2005年第9期,True,True,3,3,0,0,3,0,found
现代国际关系,159,政治学,CSSCI,2005,10,2005年第10期,True,True,2,2,0,0,2,0,found
现代国际关系,159,政治学,CSSCI,2005,11,2005年第11期,True,True,3,3,0,0,3,0,found
现代国际关系,159,政治学,CSSCI,2005,12,2005年第12期,True,True,3,3,0,0,3,0,found
现代国际关系,159,政治学,CSSCI,2006,1,2006年第1期,True,True,2,2,0,0,2,0,found
现代国际关系,159,政治学,CSSCI,2006,2,2006年第2期,True,True,1,1,0,0,1,0,found
现代国际关系,159,政治学,CSSCI,2006,3,2006年第3期,True,True,2,2,0,0,2,0,found
现代国际关系,159,政治学,CSSCI,2006,4,2006年第4期,True,True,3,3,0,0,3,0,found
现代国际关系,159,政治学,CSSCI,2006,5,2006年第5期,True,True,2,2,0,0,2,0,found
现代国际关系,159,政治学,CSSCI,2006,6,2006年第6期,True,True,2,2,0,0,2,0,found
现代国际关系,159,政治学,CSSCI,2006,7,2006年第7期,True,True,2,2,0,0,2,0,found
现代国际关系,159,政治学,CSSCI,2006,8,2006年第8期,True,False,0,0,0,0,0,0,not_found_in_public_sources
现代国际关系,159,政治学,CSSCI,2006,9,2006年第9期,True,True,7,7,0,0,7,0,found
现代国际关系,159,政治学,CSSCI,2006,10,2006年第10期,True,True,6,6,0,0,6,0,found
现代国际关系,159,政治学,CSSCI,2006,11,2006年第11期,True,True,1,1,0,0,1,0,found
现代国际关系,159,政治学,CSSCI,2006,12,2006年第12期,True,True,2,2,0,0,2,0,found
现代国际关系,159,政治学,CSSCI,2007,1,2007年第1期,True,True,9,9,0,0,9,0,found
现代国际关系,159,政治学,CSSCI,2007,2,2007年第2期,True,True,5,5,0,0,5,0,found
现代国际关系,159,政治学,CSSCI,2007,3,2007年第3期,True,True,6,6,0,0,6,0,found
现代国际关系,159,政治学,CSSCI,2007,4,2007年第4期,True,True,6,6,0,0,6,0,found
现代国际关系,159,政治学,CSSCI,2007,5,2007年第5期,True,True,8,8,0,0,8,0,found
现代国际关系,159,政治学,CSSCI,2007,6,2007年第6期,True,True,6,6,0,0,6,0,found
现代国际关系,159,政治学,CSSCI,2007,7,2007年第7期,True,False,0,0,0,0,0,0,not_found_in_public_sources
现代国际关系,159,政治学,CSSCI,2007,8,2007年第8期,True,False,0,0,0,0,0,0,not_found_in_public_sources
现代国际关系,159,政治学,CSSCI,2007,9,2007年第9期,True,False,0,0,0,0,0,0,not_found_in_public_sources
现代国际关系,159,政治学,CSSCI,2007,10,2007年第10期,True,False,0,0,0,0,0,0,not_found_in_public_sources
现代国际关系,159,政治学,CSSCI,2007,11,2007年第11期,True,False,0,0,0,0,0,0,not_found_in_public_sources
现代国际关系,159,政治学,CSSCI,2007,12,2007年第12期,True,False,0,0,0,0,0,0,not_found_in_public_sources
现代国际关系,159,政治学,CSSCI,2008,1,2008年第1期,True,True,7,7,0,0,7,0,found
现代国际关系,159,政治学,CSSCI,2008,2,2008年第2期,True,True,6,6,0,0,6,0,found
现代国际关系,159,政治学,CSSCI,2008,3,2008年第3期,True,True,7,7,0,0,7,0,found
现代国际关系,159,政治学,CSSCI,2008,4,2008年第4期,True,True,7,7,0,0,7,0,found
现代国际关系,159,政治学,CSSCI,2008,5,2008年第5期,True,True,7,7,0,0,7,0,found
现代国际关系,159,政治学,CSSCI,2008,6,2008年第6期,True,True,5,5,0,0,5,0,found
现代国际关系,159,政治学,CSSCI,2008,7,2008年第7期,True,False,0,0,0,0,0,0,not_found_in_public_sources
现代国际关系,159,政治学,CSSCI,2008,8,2008年第8期,True,False,0,0,0,0,0,0,not_found_in_public_sources
现代国际关系,159,政治学,CSSCI,2008,9,2008年第9期,True,False,0,0,0,0,0,0,not_found_in_public_sources
现代国际关系,159,政治学,CSSCI,2008,10,2008年第10期,True,False,0,0,0,0,0,0,not_found_in_public_sources
现代国际关系,159,政治学,CSSCI,2008,11,2008年第11期,True,False,0,0,0,0,0,0,not_found_in_public_sources
现代国际关系,159,政治学,CSSCI,2008,12,2008年第12期,True,False,0,0,0,0,0,0,not_found_in_public_sources
现代国际关系,159,政治学,CSSCI,2009,1,2009年第1期,True,True,6,6,0,0,6,0,found
现代国际关系,159,政治学,CSSCI,2009,2,2009年第2期,True,True,7,7,0,0,7,0,found
现代国际关系,159,政治学,CSSCI,2009,3,2009年第3期,True,True,9,9,0,0,9,0,found
现代国际关系,159,政治学,CSSCI,2009,4,2009年第4期,True,True,7,7,0,0,7,0,found
现代国际关系,159,政治学,CSSCI,2009,5,2009年第5期,True,True,10,10,0,0,10,0,found
现代国际关系,159,政治学,CSSCI,2009,6,2009年第6期,True,True,10,10,0,0,10,0,found
现代国际关系,159,政治学,CSSCI,2009,7,2009年第7期,True,False,0,0,0,0,0,0,not_found_in_public_sources
现代国际关系,159,政治学,CSSCI,2009,8,2009年第8期,True,False,0,0,0,0,0,0,not_found_in_public_sources
现代国际关系,159,政治学,CSSCI,2009,9,2009年第9期,True,False,0,0,0,0,0,0,not_found_in_public_sources
现代国际关系,159,政治学,CSSCI,2009,10,2009年第10期,True,False,0,0,0,0,0,0,not_found_in_public_sources
现代国际关系,159,政治学,CSSCI,2009,11,2009年第11期,True,False,0,0,0,0,0,0,not_found_in_public_sources
现代国际关系,159,政治学,CSSCI,2009,12,2009年第12期,True,False,0,0,0,0,0,0,not_found_in_public_sources
现代国际关系,159,政治学,CSSCI,2010,1,2010年第1期,True,True,28,28,0,0,28,0,found
现代国际关系,159,政治学,CSSCI,2010,2,2010年第2期,True,True,9,9,0,0,9,0,found
现代国际关系,159,政治学,CSSCI,2010,3,2010年第3期,True,True,11,11,0,0,11,0,found
现代国际关系,159,政治学,CSSCI,2010,4,2010年第4期,True,True,9,9,0,0,9,0,found
现代国际关系,159,政治学,CSSCI,2010,5,2010年第5期,True,True,11,11,0,0,11,0,found
现代国际关系,159,政治学,CSSCI,2010,6,2010年第6期,True,True,11,11,0,0,11,0,found
现代国际关系,159,政治学,CSSCI,2010,7,2010年第7期,True,False,0,0,0,0,0,0,not_found_in_public_sources
现代国际关系,159,政治学,CSSCI,2010,8,2010年第8期,True,False,0,0,0,0,0,0,not_found_in_public_sources
现代国际关系,159,政治学,CSSCI,2010,9,2010年第9期,True,False,0,0,0,0,0,0,not_found_in_public_sources
现代国际关系,159,政治学,CSSCI,2010,10,2010年第10期,True,False,0,0,0,0,0,0,not_found_in_public_sources
现代国际关系,159,政治学,CSSCI,2010,11,2010年第11期,True,False,0,0,0,0,0,0,not_found_in_public_sources
现代国际关系,159,政治学,CSSCI,2010,12,2010年第12期,True,False,0,0,0,0,0,0,not_found_in_public_sources
现代国际关系,159,政治学,CSSCI,2011,1,2011年第1期,True,True,10,10,0,0,10,0,found
现代国际关系,159,政治学,CSSCI,2011,2,2011年第2期,True,True,10,10,0,0,10,0,found
现代国际关系,159,政治学,CSSCI,2011,3,2011年第3期,True,True,12,12,0,0,12,0,found
现代国际关系,159,政治学,CSSCI,2011,4,2011年第4期,True,True,7,7,0,0,7,0,found
现代国际关系,159,政治学,CSSCI,2011,5,2011年第5期,True,True,11,11,0,0,11,0,found
现代国际关系,159,政治学,CSSCI,2011,6,2011年第6期,True,True,10,10,0,0,10,0,found
现代国际关系,159,政治学,CSSCI,2011,7,2011年第7期,True,False,0,0,0,0,0,0,not_found_in_public_sources
现代国际关系,159,政治学,CSSCI,2011,8,2011年第8期,True,False,0,0,0,0,0,0,not_found_in_public_sources
现代国际关系,159,政治学,CSSCI,2011,9,2011年第9期,True,False,0,0,0,0,0,0,not_found_in_public_sources
现代国际关系,159,政治学,CSSCI,2011,10,2011年第10期,True,False,0,0,0,0,0,0,not_found_in_public_sources
现代国际关系,159,政治学,CSSCI,2011,11,2011年第11期,True,False,0,0,0,0,0,0,not_found_in_public_sources
现代国际关系,159,政治学,CSSCI,2011,12,2011年第12期,True,False,0,0,0,0,0,0,not_found_in_public_sources
现代国际关系,159,政治学,CSSCI,2012,1,2012年第1期,True,True,31,31,0,0,31,0,found
现代国际关系,159,政治学,CSSCI,2012,2,2012年第2期,True,True,8,8,0,0,8,0,found
现代国际关系,159,政治学,CSSCI,2012,3,2012年第3期,True,True,6,6,0,0,6,0,found
现代国际关系,159,政治学,CSSCI,2012,4,2012年第4期,True,True,9,9,0,0,9,0,found
现代国际关系,159,政治学,CSSCI,2012,5,2012年第5期,True,True,19,19,0,0,19,0,found
现代国际关系,159,政治学,CSSCI,2012,6,2012年第6期,True,True,8,8,0,0,8,0,found
现代国际关系,159,政治学,CSSCI,2012,7,2012年第7期,True,False,0,0,0,0,0,0,not_found_in_public_sources
现代国际关系,159,政治学,CSSCI,2012,8,2012年第8期,True,False,0,0,0,0,0,0,not_found_in_public_sources
现代国际关系,159,政治学,CSSCI,2012,9,2012年第9期,True,False,0,0,0,0,0,0,not_found_in_public_sources
现代国际关系,159,政治学,CSSCI,2012,10,2012年第10期,True,False,0,0,0,0,0,0,not_found_in_public_sources
现代国际关系,159,政治学,CSSCI,2012,11,2012年第11期,True,False,0,0,0,0,0,0,not_found_in_public_sources
现代国际关系,159,政治学,CSSCI,2012,12,2012年第12期,True,False,0,0,0,0,0,0,not_found_in_public_sources
现代国际关系,159,政治学,CSSCI,2013,1,2013年第1期,True,True,8,8,0,0,8,0,found
现代国际关系,159,政治学,CSSCI,2013,2,2013年第2期,True,True,9,9,0,0,9,0,found
现代国际关系,159,政治学,CSSCI,2013,3,2013年第3期,True,True,19,19,0,0,19,0,found
现代国际关系,159,政治学,CSSCI,2013,4,2013年第4期,True,True,8,8,0,0,8,0,found
现代国际关系,159,政治学,CSSCI,2013,5,2013年第5期,True,True,8,8,0,0,8,0,found
现代国际关系,159,政治学,CSSCI,2013,6,2013年第6期,True,True,21,21,0,0,21,0,found
现代国际关系,159,政治学,CSSCI,2013,7,2013年第7期,True,False,0,0,0,0,0,0,not_found_in_public_sources
现代国际关系,159,政治学,CSSCI,2013,8,2013年第8期,True,False,0,0,0,0,0,0,not_found_in_public_sources
现代国际关系,159,政治学,CSSCI,2013,9,2013年第9期,True,False,0,0,0,0,0,0,not_found_in_public_sources
现代国际关系,159,政治学,CSSCI,2013,10,2013年第10期,True,False,0,0,0,0,0,0,not_found_in_public_sources
现代国际关系,159,政治学,CSSCI,2013,11,2013年第11期,True,False,0,0,0,0,0,0,not_found_in_public_sources
现代国际关系,159,政治学,CSSCI,2013,12,2013年第12期,True,False,0,0,0,0,0,0,not_found_in_public_sources
现代国际关系,159,政治学,CSSCI,2014,1,2014年第1期,True,True,7,7,0,0,7,0,found
现代国际关系,159,政治学,CSSCI,2014,2,2014年第2期,True,True,18,18,0,0,18,0,found
现代国际关系,159,政治学,CSSCI,2014,3,2014年第3期,True,True,8,8,0,0,8,0,found
现代国际关系,159,政治学,CSSCI,2014,4,2014年第4期,True,True,20,20,0,0,20,0,found
现代国际关系,159,政治学,CSSCI,2014,5,2014年第5期,True,True,11,11,0,0,11,0,found
现代国际关系,159,政治学,CSSCI,2014,6,2014年第6期,True,True,13,13,0,0,13,0,found
现代国际关系,159,政治学,CSSCI,2014,7,2014年第7期,True,False,0,0,0,0,0,0,not_found_in_public_sources
现代国际关系,159,政治学,CSSCI,2014,8,2014年第8期,True,False,0,0,0,0,0,0,not_found_in_public_sources
现代国际关系,159,政治学,CSSCI,2014,9,2014年第9期,True,False,0,0,0,0,0,0,not_found_in_public_sources
现代国际关系,159,政治学,CSSCI,2014,10,2014年第10期,True,False,0,0,0,0,0,0,not_found_in_public_sources
现代国际关系,159,政治学,CSSCI,2014,11,2014年第11期,True,False,0,0,0,0,0,0,not_found_in_public_sources
现代国际关系,159,政治学,CSSCI,2014,12,2014年第12期,True,False,0,0,0,0,0,0,not_found_in_public_sources
现代国际关系,159,政治学,CSSCI,2015,1,2015年第1期,True,True,8,8,0,0,8,0,found
现代国际关系,159,政治学,CSSCI,2015,2,2015年第2期,True,True,27,27,0,0,27,0,found
现代国际关系,159,政治学,CSSCI,2015,3,2015年第3期,True,True,8,8,0,0,8,0,found
现代国际关系,159,政治学,CSSCI,2015,4,2015年第4期,True,True,14,14,0,0,14,0,found
现代国际关系,159,政治学,CSSCI,2015,5,2015年第5期,True,True,8,8,0,0,8,0,found
现代国际关系,159,政治学,CSSCI,2015,6,2015年第6期,True,True,8,8,0,0,8,0,found
现代国际关系,159,政治学,CSSCI,2015,7,2015年第7期,True,False,0,0,0,0,0,0,not_found_in_public_sources
现代国际关系,159,政治学,CSSCI,2015,8,2015年第8期,True,False,0,0,0,0,0,0,not_found_in_public_sources
现代国际关系,159,政治学,CSSCI,2015,9,2015年第9期,True,False,0,0,0,0,0,0,not_found_in_public_sources
现代国际关系,159,政治学,CSSCI,2015,10,2015年第10期,True,False,0,0,0,0,0,0,not_found_in_public_sources
现代国际关系,159,政治学,CSSCI,2015,11,2015年第11期,True,False,0,0,0,0,0,0,not_found_in_public_sources
现代国际关系,159,政治学,CSSCI,2015,12,2015年第12期,True,False,0,0,0,0,0,0,not_found_in_public_sources
现代国际关系,159,政治学,CSSCI,2016,1,2016年第1期,True,True,7,7,0,0,7,0,found
现代国际关系,159,政治学,CSSCI,2016,2,2016年第2期,True,True,7,7,0,0,7,0,found
现代国际关系,159,政治学,CSSCI,2016,3,2016年第3期,True,False,0,0,0,0,0,0,not_found_in_public_sources
现代国际关系,159,政治学,CSSCI,2016,4,2016年第4期,True,True,1,1,0,0,1,0,found
现代国际关系,159,政治学,CSSCI,2016,5,2016年第5期,True,True,1,1,0,0,1,0,found
现代国际关系,159,政治学,CSSCI,2016,6,2016年第6期,True,True,3,3,0,0,3,0,found
现代国际关系,159,政治学,CSSCI,2016,7,2016年第7期,True,False,0,0,0,0,0,0,not_found_in_public_sources
现代国际关系,159,政治学,CSSCI,2016,8,2016年第8期,True,False,0,0,0,0,0,0,not_found_in_public_sources
现代国际关系,159,政治学,CSSCI,2016,9,2016年第9期,True,False,0,0,0,0,0,0,not_found_in_public_sources
现代国际关系,159,政治学,CSSCI,2016,10,2016年第10期,True,False,0,0,0,0,0,0,not_found_in_public_sources
现代国际关系,159,政治学,CSSCI,2016,11,2016年第11期,True,False,0,0,0,0,0,0,not_found_in_public_sources
现代国际关系,159,政治学,CSSCI,2016,12,2016年第12期,True,False,0,0,0,0,0,0,not_found_in_public_sources
现代国际关系,159,政治学,CSSCI,2017,1,2017年第1期,True,False,0,0,0,0,0,0,not_found_in_public_sources
现代国际关系,159,政治学,CSSCI,2017,2,2017年第2期,True,False,0,0,0,0,0,0,not_found_in_public_sources
现代国际关系,159,政治学,CSSCI,2017,3,2017年第3期,True,True,5,5,0,0,5,0,found
现代国际关系,159,政治学,CSSCI,2017,4,2017年第4期,True,False,0,0,0,0,0,0,not_found_in_public_sources
现代国际关系,159,政治学,CSSCI,2017,5,2017年第5期,True,False,0,0,0,0,0,0,not_found_in_public_sources
现代国际关系,159,政治学,CSSCI,2017,6,2017年第6期,True,True,8,8,0,0,8,0,found
现代国际关系,159,政治学,CSSCI,2017,7,2017年第7期,True,False,0,0,0,0,0,0,not_found_in_public_sources
现代国际关系,159,政治学,CSSCI,2017,8,2017年第8期,True,False,0,0,0,0,0,0,not_found_in_public_sources
现代国际关系,159,政治学,CSSCI,2017,9,2017年第9期,True,False,0,0,0,0,0,0,not_found_in_public_sources
现代国际关系,159,政治学,CSSCI,2017,10,2017年第10期,True,False,0,0,0,0,0,0,not_found_in_public_sources
现代国际关系,159,政治学,CSSCI,2017,11,2017年第11期,True,False,0,0,0,0,0,0,not_found_in_public_sources
现代国际关系,159,政治学,CSSCI,2017,12,2017年第12期,True,False,0,0,0,0,0,0,not_found_in_public_sources
现代国际关系,159,政治学,CSSCI,2018,1,2018年第1期,True,False,0,0,0,0,0,0,not_found_in_public_sources
现代国际关系,159,政治学,CSSCI,2018,2,2018年第2期,True,False,0,0,0,0,0,0,not_found_in_public_sources
现代国际关系,159,政治学,CSSCI,2018,3,2018年第3期,True,False,0,0,0,0,0,0,not_found_in_public_sources
现代国际关系,159,政治学,CSSCI,2018,4,2018年第4期,True,False,0,0,0,0,0,0,not_found_in_public_sources
现代国际关系,159,政治学,CSSCI,2018,5,2018年第5期,True,False,0,0,0,0,0,0,not_found_in_public_sources
现代国际关系,159,政治学,CSSCI,2018,6,2018年第6期,True,False,0,0,0,0,0,0,not_found_in_public_sources
现代国际关系,159,政治学,CSSCI,2018,7,2018年第7期,True,False,0,0,0,0,0,0,not_found_in_public_sources
现代国际关系,159,政治学,CSSCI,2018,8,2018年第8期,True,False,0,0,0,0,0,0,not_found_in_public_sources
现代国际关系,159,政治学,CSSCI,2018,9,2018年第9期,True,False,0,0,0,0,0,0,not_found_in_public_sources
现代国际关系,159,政治学,CSSCI,2018,10,2018年第10期,True,False,0,0,0,0,0,0,not_found_in_public_sources
现代国际关系,159,政治学,CSSCI,2018,11,2018年第11期,True,False,0,0,0,0,0,0,not_found_in_public_sources
现代国际关系,159,政治学,CSSCI,2018,12,2018年第12期,True,False,0,0,0,0,0,0,not_found_in_public_sources
现代国际关系,159,政治学,CSSCI,2019,1,2019年第1期,True,False,0,0,0,0,0,0,not_found_in_public_sources
现代国际关系,159,政治学,CSSCI,2019,2,2019年第2期,True,False,0,0,0,0,0,0,not_found_in_public_sources
现代国际关系,159,政治学,CSSCI,2019,3,2019年第3期,True,False,0,0,0,0,0,0,not_found_in_public_sources
现代国际关系,159,政治学,CSSCI,2019,4,2019年第4期,True,False,0,0,0,0,0,0,not_found_in_public_sources
现代国际关系,159,政治学,CSSCI,2019,5,2019年第5期,True,False,0,0,0,0,0,0,not_found_in_public_sources
现代国际关系,159,政治学,CSSCI,2019,6,2019年第6期,True,False,0,0,0,0,0,0,not_found_in_public_sources
现代国际关系,159,政治学,CSSCI,2019,7,2019年第7期,True,False,0,0,0,0,0,0,not_found_in_public_sources
现代国际关系,159,政治学,CSSCI,2019,8,2019年第8期,True,False,0,0,0,0,0,0,not_found_in_public_sources
现代国际关系,159,政治学,CSSCI,2019,9,2019年第9期,True,False,0,0,0,0,0,0,not_found_in_public_sources
现代国际关系,159,政治学,CSSCI,2019,10,2019年第10期,True,False,0,0,0,0,0,0,not_found_in_public_sources
现代国际关系,159,政治学,CSSCI,2019,11,2019年第11期,True,False,0,0,0,0,0,0,not_found_in_public_sources
现代国际关系,159,政治学,CSSCI,2019,12,2019年第12期,True,False,0,0,0,0,0,0,not_found_in_public_sources
现代国际关系,159,政治学,CSSCI,2020,1,2020年第1期,True,False,0,0,0,0,0,0,not_found_in_public_sources
现代国际关系,159,政治学,CSSCI,2020,2,2020年第2期,True,False,0,0,0,0,0,0,not_found_in_public_sources
现代国际关系,159,政治学,CSSCI,2020,3,2020年第3期,True,False,0,0,0,0,0,0,not_found_in_public_sources
现代国际关系,159,政治学,CSSCI,2020,4,2020年第4期,True,False,0,0,0,0,0,0,not_found_in_public_sources
现代国际关系,159,政治学,CSSCI,2020,5,2020年第5期,True,False,0,0,0,0,0,0,not_found_in_public_sources
现代国际关系,159,政治学,CSSCI,2020,6,2020年第6期,True,False,0,0,0,0,0,0,not_found_in_public_sources
现代国际关系,159,政治学,CSSCI,2020,7,2020年第7期,True,False,0,0,0,0,0,0,not_found_in_public_sources
现代国际关系,159,政治学,CSSCI,2020,8,2020年第8期,True,False,0,0,0,0,0,0,not_found_in_public_sources
现代国际关系,159,政治学,CSSCI,2020,9,2020年第9期,True,False,0,0,0,0,0,0,not_found_in_public_sources
现代国际关系,159,政治学,CSSCI,2020,10,2020年第10期,True,False,0,0,0,0,0,0,not_found_in_public_sources
现代国际关系,159,政治学,CSSCI,2020,11,2020年第11期,True,False,0,0,0,0,0,0,not_found_in_public_sources
现代国际关系,159,政治学,CSSCI,2020,12,2020年第12期,True,False,0,0,0,0,0,0,not_found_in_public_sources
现代国际关系,159,政治学,CSSCI,2021,1,2021年第1期,True,False,0,0,0,0,0,0,not_found_in_public_sources
现代国际关系,159,政治学,CSSCI,2021,2,2021年第2期,True,False,0,0,0,0,0,0,not_found_in_public_sources
现代国际关系,159,政治学,CSSCI,2021,3,2021年第3期,True,False,0,0,0,0,0,0,not_found_in_public_sources
现代国际关系,159,政治学,CSSCI,2021,4,2021年第4期,True,False,0,0,0,0,0,0,not_found_in_public_sources
现代国际关系,159,政治学,CSSCI,2021,5,2021年第5期,True,False,0,0,0,0,0,0,not_found_in_public_sources
现代国际关系,159,政治学,CSSCI,2021,6,2021年第6期,True,False,0,0,0,0,0,0,not_found_in_public_sources
现代国际关系,159,政治学,CSSCI,2021,7,2021年第7期,True,False,0,0,0,0,0,0,not_found_in_public_sources
现代国际关系,159,政治学,CSSCI,2021,8,2021年第8期,True,False,0,0,0,0,0,0,not_found_in_public_sources
现代国际关系,159,政治学,CSSCI,2021,9,2021年第9期,True,False,0,0,0,0,0,0,not_found_in_public_sources
现代国际关系,159,政治学,CSSCI,2021,10,2021年第10期,True,False,0,0,0,0,0,0,not_found_in_public_sources
现代国际关系,159,政治学,CSSCI,2021,11,2021年第11期,True,False,0,0,0,0,0,0,not_found_in_public_sources
现代国际关系,159,政治学,CSSCI,2021,12,2021年第12期,True,False,0,0,0,0,0,0,not_found_in_public_sources
现代国际关系,159,政治学,CSSCI,2022,1,2022年第1期,True,False,0,0,0,0,0,0,not_found_in_public_sources
现代国际关系,159,政治学,CSSCI,2022,2,2022年第2期,True,False,0,0,0,0,0,0,not_found_in_public_sources
现代国际关系,159,政治学,CSSCI,2022,3,2022年第3期,True,False,0,0,0,0,0,0,not_found_in_public_sources
现代国际关系,159,政治学,CSSCI,2022,4,2022年第4期,True,False,0,0,0,0,0,0,not_found_in_public_sources
现代国际关系,159,政治学,CSSCI,2022,5,2022年第5期,True,False,0,0,0,0,0,0,not_found_in_public_sources
现代国际关系,159,政治学,CSSCI,2022,6,2022年第6期,True,False,0,0,0,0,0,0,not_found_in_public_sources
现代国际关系,159,政治学,CSSCI,2022,7,2022年第7期,True,False,0,0,0,0,0,0,not_found_in_public_sources
现代国际关系,159,政治学,CSSCI,2022,8,2022年第8期,True,False,0,0,0,0,0,0,not_found_in_public_sources
现代国际关系,159,政治学,CSSCI,2022,9,2022年第9期,True,False,0,0,0,0,0,0,not_found_in_public_sources
现代国际关系,159,政治学,CSSCI,2022,10,2022年第10期,True,False,0,0,0,0,0,0,not_found_in_public_sources
现代国际关系,159,政治学,CSSCI,2022,11,2022年第11期,True,False,0,0,0,0,0,0,not_found_in_public_sources
现代国际关系,159,政治学,CSSCI,2022,12,2022年第12期,True,False,0,0,0,0,0,0,not_found_in_public_sources
现代国际关系,159,政治学,CSSCI,2023,1,2023年第1期,True,False,0,0,0,0,0,0,not_found_in_public_sources
现代国际关系,159,政治学,CSSCI,2023,2,2023年第2期,True,False,0,0,0,0,0,0,not_found_in_public_sources
现代国际关系,159,政治学,CSSCI,2023,3,2023年第3期,True,False,0,0,0,0,0,0,not_found_in_public_sources
现代国际关系,159,政治学,CSSCI,2023,4,2023年第4期,True,False,0,0,0,0,0,0,not_found_in_public_sources
现代国际关系,159,政治学,CSSCI,2023,5,2023年第5期,True,False,0,0,0,0,0,0,not_found_in_public_sources
现代国际关系,159,政治学,CSSCI,2023,6,2023年第6期,True,False,0,0,0,0,0,0,not_found_in_public_sources
现代国际关系,159,政治学,CSSCI,2023,7,2023年第7期,True,False,0,0,0,0,0,0,not_found_in_public_sources
现代国际关系,159,政治学,CSSCI,2023,8,2023年第8期,True,False,0,0,0,0,0,0,not_found_in_public_sources
现代国际关系,159,政治学,CSSCI,2023,9,2023年第9期,True,False,0,0,0,0,0,0,not_found_in_public_sources
现代国际关系,159,政治学,CSSCI,2023,10,2023年第10期,True,False,0,0,0,0,0,0,not_found_in_public_sources
现代国际关系,159,政治学,CSSCI,2023,11,2023年第11期,True,False,0,0,0,0,0,0,not_found_in_public_sources
现代国际关系,159,政治学,CSSCI,2023,12,2023年第12期,True,False,0,0,0,0,0,0,not_found_in_public_sources
现代国际关系,159,政治学,CSSCI,2024,1,2024年第1期,True,False,0,0,0,0,0,0,not_found_in_public_sources
现代国际关系,159,政治学,CSSCI,2024,2,2024年第2期,True,False,0,0,0,0,0,0,not_found_in_public_sources
现代国际关系,159,政治学,CSSCI,2024,3,2024年第3期,True,False,0,0,0,0,0,0,not_found_in_public_sources
现代国际关系,159,政治学,CSSCI,2024,4,2024年第4期,True,False,0,0,0,0,0,0,not_found_in_public_sources
现代国际关系,159,政治学,CSSCI,2024,5,2024年第5期,True,False,0,0,0,0,0,0,not_found_in_public_sources
现代国际关系,159,政治学,CSSCI,2024,6,2024年第6期,True,False,0,0,0,0,0,0,not_found_in_public_sources
现代国际关系,159,政治学,CSSCI,2024,7,2024年第7期,True,False,0,0,0,0,0,0,not_found_in_public_sources
现代国际关系,159,政治学,CSSCI,2024,8,2024年第8期,True,False,0,0,0,0,0,0,not_found_in_public_sources
现代国际关系,159,政治学,CSSCI,2024,9,2024年第9期,True,False,0,0,0,0,0,0,not_found_in_public_sources
现代国际关系,159,政治学,CSSCI,2024,10,2024年第10期,True,False,0,0,0,0,0,0,not_found_in_public_sources
现代国际关系,159,政治学,CSSCI,2024,11,2024年第11期,True,False,0,0,0,0,0,0,not_found_in_public_sources
现代国际关系,159,政治学,CSSCI,2024,12,2024年第12期,True,False,0,0,0,0,0,0,not_found_in_public_sources
现代国际关系,159,政治学,CSSCI,2025,1,2025年第1期,True,False,0,0,0,0,0,0,not_found_in_public_sources
现代国际关系,159,政治学,CSSCI,2025,2,2025年第2期,True,False,0,0,0,0,0,0,not_found_in_public_sources
现代国际关系,159,政治学,CSSCI,2025,3,2025年第3期,True,False,0,0,0,0,0,0,not_found_in_public_sources
现代国际关系,159,政治学,CSSCI,2025,4,2025年第4期,True,False,0,0,0,0,0,0,not_found_in_public_sources
现代国际关系,159,政治学,CSSCI,2025,5,2025年第5期,True,False,0,0,0,0,0,0,not_found_in_public_sources
现代国际关系,159,政治学,CSSCI,2025,6,2025年第6期,True,False,0,0,0,0,0,0,not_found_in_public_sources
现代国际关系,159,政治学,CSSCI,2025,7,2025年第7期,True,False,0,0,0,0,0,0,not_found_in_public_sources
现代国际关系,159,政治学,CSSCI,2025,8,2025年第8期,True,False,0,0,0,0,0,0,not_found_in_public_sources
现代国际关系,159,政治学,CSSCI,2025,9,2025年第9期,True,False,0,0,0,0,0,0,not_found_in_public_sources
现代国际关系,159,政治学,CSSCI,2025,10,2025年第10期,True,False,0,0,0,0,0,0,not_found_in_public_sources
现代国际关系,159,政治学,CSSCI,2025,11,2025年第11期,True,False,0,0,0,0,0,0,not_found_in_public_sources
现代国际关系,159,政治学,CSSCI,2025,12,2025年第12期,True,False,0,0,0,0,0,0,not_found_in_public_sources
外交评论,160,政治学,CSSCI,1984,1,1984年第1期,True,True,1,1,0,0,1,0,found
外交评论,160,政治学,CSSCI,1984,2,1984年第2期,True,False,0,0,0,0,0,0,not_found_in_public_sources
外交评论,160,政治学,CSSCI,1984,3,1984年第3期,True,False,0,0,0,0,0,0,not_found_in_public_sources
外交评论,160,政治学,CSSCI,1984,4,1984年第4期,True,False,0,0,0,0,0,0,not_found_in_public_sources
外交评论,160,政治学,CSSCI,1984,5,1984年第5期,True,False,0,0,0,0,0,0,not_found_in_public_sources
外交评论,160,政治学,CSSCI,1984,6,1984年第6期,True,False,0,0,0,0,0,0,not_found_in_public_sources
外交评论,160,政治学,CSSCI,1985,1,1985年第1期,True,True,5,5,0,0,5,0,found
外交评论,160,政治学,CSSCI,1985,2,1985年第2期,True,True,2,2,0,0,2,0,found
外交评论,160,政治学,CSSCI,1985,3,1985年第3期,True,True,1,1,0,0,1,0,found
外交评论,160,政治学,CSSCI,1985,4,1985年第4期,True,False,0,0,0,0,0,0,not_found_in_public_sources
外交评论,160,政治学,CSSCI,1985,5,1985年第5期,True,False,0,0,0,0,0,0,not_found_in_public_sources
外交评论,160,政治学,CSSCI,1985,6,1985年第6期,True,False,0,0,0,0,0,0,not_found_in_public_sources
外交评论,160,政治学,CSSCI,1986,1,1986年第1期,True,True,3,3,0,0,3,0,found
外交评论,160,政治学,CSSCI,1986,2,1986年第2期,True,False,0,0,0,0,0,0,not_found_in_public_sources
外交评论,160,政治学,CSSCI,1986,3,1986年第3期,True,False,0,0,0,0,0,0,not_found_in_public_sources
外交评论,160,政治学,CSSCI,1986,4,1986年第4期,True,False,0,0,0,0,0,0,not_found_in_public_sources
外交评论,160,政治学,CSSCI,1986,5,1986年第5期,True,False,0,0,0,0,0,0,not_found_in_public_sources
外交评论,160,政治学,CSSCI,1986,6,1986年第6期,True,False,0,0,0,0,0,0,not_found_in_public_sources
外交评论,160,政治学,CSSCI,1987,1,1987年第1期,True,True,1,1,0,0,1,0,found
外交评论,160,政治学,CSSCI,1987,2,1987年第2期,True,True,2,2,0,0,2,0,found
外交评论,160,政治学,CSSCI,1987,3,1987年第3期,True,False,0,0,0,0,0,0,not_found_in_public_sources
外交评论,160,政治学,CSSCI,1987,4,1987年第4期,True,False,0,0,0,0,0,0,not_found_in_public_sources
外交评论,160,政治学,CSSCI,1987,5,1987年第5期,True,False,0,0,0,0,0,0,not_found_in_public_sources
外交评论,160,政治学,CSSCI,1987,6,1987年第6期,True,False,0,0,0,0,0,0,not_found_in_public_sources
外交评论,160,政治学,CSSCI,1988,1,1988年第1期,True,True,2,2,0,0,2,0,found
外交评论,160,政治学,CSSCI,1988,2,1988年第2期,True,True,1,1,0,0,1,0,found
外交评论,160,政治学,CSSCI,1988,3,1988年第3期,True,False,0,0,0,0,0,0,not_found_in_public_sources
外交评论,160,政治学,CSSCI,1988,4,1988年第4期,True,False,0,0,0,0,0,0,not_found_in_public_sources
外交评论,160,政治学,CSSCI,1988,5,1988年第5期,True,False,0,0,0,0,0,0,not_found_in_public_sources
外交评论,160,政治学,CSSCI,1988,6,1988年第6期,True,False,0,0,0,0,0,0,not_found_in_public_sources
外交评论,160,政治学,CSSCI,1989,1,1989年第1期,True,True,1,1,0,0,1,0,found
外交评论,160,政治学,CSSCI,1989,2,1989年第2期,True,True,1,1,0,0,1,0,found
外交评论,160,政治学,CSSCI,1989,3,1989年第3期,True,False,0,0,0,0,0,0,not_found_in_public_sources
外交评论,160,政治学,CSSCI,1989,4,1989年第4期,True,True,1,1,0,0,1,0,found
外交评论,160,政治学,CSSCI,1989,5,1989年第5期,True,False,0,0,0,0,0,0,not_found_in_public_sources
外交评论,160,政治学,CSSCI,1989,6,1989年第6期,True,False,0,0,0,0,0,0,not_found_in_public_sources
外交评论,160,政治学,CSSCI,1990,1,1990年第1期,True,True,1,1,0,0,1,0,found
外交评论,160,政治学,CSSCI,1990,2,1990年第2期,True,True,2,2,0,0,2,0,found
外交评论,160,政治学,CSSCI,1990,3,1990年第3期,True,True,3,3,0,0,3,0,found
外交评论,160,政治学,CSSCI,1990,4,1990年第4期,True,True,4,4,0,0,4,0,found
外交评论,160,政治学,CSSCI,1990,5,1990年第5期,True,False,0,0,0,0,0,0,not_found_in_public_sources
外交评论,160,政治学,CSSCI,1990,6,1990年第6期,True,False,0,0,0,0,0,0,not_found_in_public_sources
外交评论,160,政治学,CSSCI,1991,1,1991年第1期,True,True,2,2,0,0,2,0,found
外交评论,160,政治学,CSSCI,1991,2,1991年第2期,True,True,2,2,0,0,2,0,found
外交评论,160,政治学,CSSCI,1991,3,1991年第3期,True,True,2,2,0,0,2,0,found
外交评论,160,政治学,CSSCI,1991,4,1991年第4期,True,True,3,3,0,0,3,0,found
外交评论,160,政治学,CSSCI,1991,5,1991年第5期,True,False,0,0,0,0,0,0,not_found_in_public_sources
外交评论,160,政治学,CSSCI,1991,6,1991年第6期,True,False,0,0,0,0,0,0,not_found_in_public_sources
外交评论,160,政治学,CSSCI,1992,1,1992年第1期,True,True,2,2,0,0,2,0,found
外交评论,160,政治学,CSSCI,1992,2,1992年第2期,True,True,2,2,0,0,2,0,found
外交评论,160,政治学,CSSCI,1992,3,1992年第3期,True,True,2,2,0,0,2,0,found
外交评论,160,政治学,CSSCI,1992,4,1992年第4期,True,True,2,2,0,0,2,0,found
外交评论,160,政治学,CSSCI,1992,5,1992年第5期,True,False,0,0,0,0,0,0,not_found_in_public_sources
外交评论,160,政治学,CSSCI,1992,6,1992年第6期,True,False,0,0,0,0,0,0,not_found_in_public_sources
外交评论,160,政治学,CSSCI,1993,1,1993年第1期,True,True,2,2,0,0,2,0,found
外交评论,160,政治学,CSSCI,1993,2,1993年第2期,True,True,4,4,0,0,4,0,found
外交评论,160,政治学,CSSCI,1993,3,1993年第3期,True,True,5,5,0,0,5,0,found
外交评论,160,政治学,CSSCI,1993,4,1993年第4期,True,True,3,3,0,0,3,0,found
外交评论,160,政治学,CSSCI,1993,5,1993年第5期,True,False,0,0,0,0,0,0,not_found_in_public_sources
外交评论,160,政治学,CSSCI,1993,6,1993年第6期,True,False,0,0,0,0,0,0,not_found_in_public_sources
外交评论,160,政治学,CSSCI,1994,1,1994年第1期,True,False,0,0,0,0,0,0,not_found_in_public_sources
外交评论,160,政治学,CSSCI,1994,2,1994年第2期,True,True,2,2,0,0,2,0,found
外交评论,160,政治学,CSSCI,1994,3,1994年第3期,True,True,3,3,0,0,3,0,found
外交评论,160,政治学,CSSCI,1994,4,1994年第4期,True,True,3,3,0,0,3,0,found
外交评论,160,政治学,CSSCI,1994,5,1994年第5期,True,False,0,0,0,0,0,0,not_found_in_public_sources
外交评论,160,政治学,CSSCI,1994,6,1994年第6期,True,False,0,0,0,0,0,0,not_found_in_public_sources
外交评论,160,政治学,CSSCI,1995,1,1995年第1期,True,True,4,4,0,0,4,0,found
外交评论,160,政治学,CSSCI,1995,2,1995年第2期,True,True,5,5,0,0,5,0,found
外交评论,160,政治学,CSSCI,1995,3,1995年第3期,True,True,4,4,0,0,4,0,found
外交评论,160,政治学,CSSCI,1995,4,1995年第4期,True,True,2,2,0,0,2,0,found
外交评论,160,政治学,CSSCI,1995,5,1995年第5期,True,False,0,0,0,0,0,0,not_found_in_public_sources
外交评论,160,政治学,CSSCI,1995,6,1995年第6期,True,False,0,0,0,0,0,0,not_found_in_public_sources
外交评论,160,政治学,CSSCI,1996,1,1996年第1期,True,False,0,0,0,0,0,0,not_found_in_public_sources
外交评论,160,政治学,CSSCI,1996,2,1996年第2期,True,True,3,3,0,0,3,0,found
外交评论,160,政治学,CSSCI,1996,3,1996年第3期,True,True,2,2,0,0,2,0,found
外交评论,160,政治学,CSSCI,1996,4,1996年第4期,True,True,2,2,0,0,2,0,found
外交评论,160,政治学,CSSCI,1996,5,1996年第5期,True,False,0,0,0,0,0,0,not_found_in_public_sources
外交评论,160,政治学,CSSCI,1996,6,1996年第6期,True,False,0,0,0,0,0,0,not_found_in_public_sources
外交评论,160,政治学,CSSCI,1997,1,1997年第1期,True,False,0,0,0,0,0,0,not_found_in_public_sources
外交评论,160,政治学,CSSCI,1997,2,1997年第2期,True,False,0,0,0,0,0,0,not_found_in_public_sources
外交评论,160,政治学,CSSCI,1997,3,1997年第3期,True,False,0,0,0,0,0,0,not_found_in_public_sources
外交评论,160,政治学,CSSCI,1997,4,1997年第4期,True,False,0,0,0,0,0,0,not_found_in_public_sources
外交评论,160,政治学,CSSCI,1997,5,1997年第5期,True,False,0,0,0,0,0,0,not_found_in_public_sources
外交评论,160,政治学,CSSCI,1997,6,1997年第6期,True,False,0,0,0,0,0,0,not_found_in_public_sources
外交评论,160,政治学,CSSCI,1998,1,1998年第1期,True,False,0,0,0,0,0,0,not_found_in_public_sources
外交评论,160,政治学,CSSCI,1998,2,1998年第2期,True,False,0,0,0,0,0,0,not_found_in_public_sources
外交评论,160,政治学,CSSCI,1998,3,1998年第3期,True,False,0,0,0,0,0,0,not_found_in_public_sources
外交评论,160,政治学,CSSCI,1998,4,1998年第4期,True,False,0,0,0,0,0,0,not_found_in_public_sources
外交评论,160,政治学,CSSCI,1998,5,1998年第5期,True,False,0,0,0,0,0,0,not_found_in_public_sources
外交评论,160,政治学,CSSCI,1998,6,1998年第6期,True,False,0,0,0,0,0,0,not_found_in_public_sources
外交评论,160,政治学,CSSCI,1999,1,1999年第1期,True,False,0,0,0,0,0,0,not_found_in_public_sources
外交评论,160,政治学,CSSCI,1999,2,1999年第2期,True,False,0,0,0,0,0,0,not_found_in_public_sources
外交评论,160,政治学,CSSCI,1999,3,1999年第3期,True,False,0,0,0,0,0,0,not_found_in_public_sources
外交评论,160,政治学,CSSCI,1999,4,1999年第4期,True,True,1,1,0,0,1,0,found
外交评论,160,政治学,CSSCI,1999,5,1999年第5期,True,False,0,0,0,0,0,0,not_found_in_public_sources
外交评论,160,政治学,CSSCI,1999,6,1999年第6期,True,False,0,0,0,0,0,0,not_found_in_public_sources
外交评论,160,政治学,CSSCI,2000,1,2000年第1期,True,True,3,3,0,0,3,0,found
外交评论,160,政治学,CSSCI,2000,2,2000年第2期,True,False,0,0,0,0,0,0,not_found_in_public_sources
外交评论,160,政治学,CSSCI,2000,3,2000年第3期,True,False,0,0,0,0,0,0,not_found_in_public_sources
外交评论,160,政治学,CSSCI,2000,4,2000年第4期,True,True,4,4,0,0,4,0,found
外交评论,160,政治学,CSSCI,2000,5,2000年第5期,True,False,0,0,0,0,0,0,not_found_in_public_sources
外交评论,160,政治学,CSSCI,2000,6,2000年第6期,True,False,0,0,0,0,0,0,not_found_in_public_sources
外交评论,160,政治学,CSSCI,2001,1,2001年第1期,True,False,0,0,0,0,0,0,not_found_in_public_sources
外交评论,160,政治学,CSSCI,2001,2,2001年第2期,True,True,2,2,0,0,2,0,found
外交评论,160,政治学,CSSCI,2001,3,2001年第3期,True,False,0,0,0,0,0,0,not_found_in_public_sources
外交评论,160,政治学,CSSCI,2001,4,2001年第4期,True,False,0,0,0,0,0,0,not_found_in_public_sources
外交评论,160,政治学,CSSCI,2001,5,2001年第5期,True,False,0,0,0,0,0,0,not_found_in_public_sources
外交评论,160,政治学,CSSCI,2001,6,2001年第6期,True,False,0,0,0,0,0,0,not_found_in_public_sources
外交评论,160,政治学,CSSCI,2002,1,2002年第1期,True,False,0,0,0,0,0,0,not_found_in_public_sources
外交评论,160,政治学,CSSCI,2002,2,2002年第2期,True,False,0,0,0,0,0,0,not_found_in_public_sources
外交评论,160,政治学,CSSCI,2002,3,2002年第3期,True,False,0,0,0,0,0,0,not_found_in_public_sources
外交评论,160,政治学,CSSCI,2002,4,2002年第4期,True,False,0,0,0,0,0,0,not_found_in_public_sources
外交评论,160,政治学,CSSCI,2002,5,2002年第5期,True,False,0,0,0,0,0,0,not_found_in_public_sources
外交评论,160,政治学,CSSCI,2002,6,2002年第6期,True,False,0,0,0,0,0,0,not_found_in_public_sources
外交评论,160,政治学,CSSCI,2003,1,2003年第1期,True,False,0,0,0,0,0,0,not_found_in_public_sources
外交评论,160,政治学,CSSCI,2003,2,2003年第2期,True,False,0,0,0,0,0,0,not_found_in_public_sources
外交评论,160,政治学,CSSCI,2003,3,2003年第3期,True,False,0,0,0,0,0,0,not_found_in_public_sources
外交评论,160,政治学,CSSCI,2003,4,2003年第4期,True,False,0,0,0,0,0,0,not_found_in_public_sources
外交评论,160,政治学,CSSCI,2003,5,2003年第5期,True,False,0,0,0,0,0,0,not_found_in_public_sources
外交评论,160,政治学,CSSCI,2003,6,2003年第6期,True,False,0,0,0,0,0,0,not_found_in_public_sources
外交评论,160,政治学,CSSCI,2004,1,2004年第1期,True,False,0,0,0,0,0,0,not_found_in_public_sources
外交评论,160,政治学,CSSCI,2004,2,2004年第2期,True,False,0,0,0,0,0,0,not_found_in_public_sources
外交评论,160,政治学,CSSCI,2004,3,2004年第3期,True,False,0,0,0,0,0,0,not_found_in_public_sources
外交评论,160,政治学,CSSCI,2004,4,2004年第4期,True,False,0,0,0,0,0,0,not_found_in_public_sources
外交评论,160,政治学,CSSCI,2004,5,2004年第5期,True,False,0,0,0,0,0,0,not_found_in_public_sources
外交评论,160,政治学,CSSCI,2004,6,2004年第6期,True,False,0,0,0,0,0,0,not_found_in_public_sources
外交评论,160,政治学,CSSCI,2005,1,2005年第1期,True,True,1,1,0,0,1,0,found
外交评论,160,政治学,CSSCI,2005,2,2005年第2期,True,False,0,0,0,0,0,0,not_found_in_public_sources
外交评论,160,政治学,CSSCI,2005,3,2005年第3期,True,True,2,2,0,0,2,0,found
外交评论,160,政治学,CSSCI,2005,4,2005年第4期,True,True,1,1,0,0,1,0,found
外交评论,160,政治学,CSSCI,2005,5,2005年第5期,True,True,1,1,0,0,1,0,found
外交评论,160,政治学,CSSCI,2005,6,2005年第6期,True,True,4,4,0,0,4,0,found
外交评论,160,政治学,CSSCI,2006,1,2006年第1期,True,True,3,3,0,0,3,0,found
外交评论,160,政治学,CSSCI,2006,2,2006年第2期,True,True,4,4,0,0,4,0,found
外交评论,160,政治学,CSSCI,2006,3,2006年第3期,True,True,3,3,0,0,3,0,found
外交评论,160,政治学,CSSCI,2006,4,2006年第4期,True,False,0,0,0,0,0,0,not_found_in_public_sources
外交评论,160,政治学,CSSCI,2006,5,2006年第5期,True,True,6,6,0,0,6,0,found
外交评论,160,政治学,CSSCI,2006,6,2006年第6期,True,True,2,2,0,0,2,0,found
外交评论,160,政治学,CSSCI,2007,1,2007年第1期,True,True,5,5,0,0,5,0,found
外交评论,160,政治学,CSSCI,2007,2,2007年第2期,True,True,2,2,0,0,2,0,found
外交评论,160,政治学,CSSCI,2007,3,2007年第3期,True,True,3,3,0,0,3,0,found
外交评论,160,政治学,CSSCI,2007,4,2007年第4期,True,True,1,1,0,0,1,0,found
外交评论,160,政治学,CSSCI,2007,5,2007年第5期,True,True,1,1,0,0,1,0,found
外交评论,160,政治学,CSSCI,2007,6,2007年第6期,True,True,1,1,0,0,1,0,found
外交评论,160,政治学,CSSCI,2008,1,2008年第1期,True,True,4,4,0,0,4,0,found
外交评论,160,政治学,CSSCI,2008,2,2008年第2期,True,False,0,0,0,0,0,0,not_found_in_public_sources
外交评论,160,政治学,CSSCI,2008,3,2008年第3期,True,True,1,1,0,0,1,0,found
外交评论,160,政治学,CSSCI,2008,4,2008年第4期,True,False,0,0,0,0,0,0,not_found_in_public_sources
外交评论,160,政治学,CSSCI,2008,5,2008年第5期,True,True,1,1,0,0,1,0,found
外交评论,160,政治学,CSSCI,2008,6,2008年第6期,True,False,0,0,0,0,0,0,not_found_in_public_sources
外交评论,160,政治学,CSSCI,2009,1,2009年第1期,True,True,5,5,0,0,5,0,found
外交评论,160,政治学,CSSCI,2009,2,2009年第2期,True,True,10,10,0,0,10,0,found
外交评论,160,政治学,CSSCI,2009,3,2009年第3期,True,False,0,0,0,0,0,0,not_found_in_public_sources
外交评论,160,政治学,CSSCI,2009,4,2009年第4期,True,True,6,6,0,0,6,0,found
外交评论,160,政治学,CSSCI,2009,5,2009年第5期,True,True,4,4,0,0,4,0,found
外交评论,160,政治学,CSSCI,2009,6,2009年第6期,True,False,0,0,0,0,0,0,not_found_in_public_sources
外交评论,160,政治学,CSSCI,2010,1,2010年第1期,True,True,2,2,0,0,2,0,found
外交评论,160,政治学,CSSCI,2010,2,2010年第2期,True,True,5,5,0,0,5,0,found
外交评论,160,政治学,CSSCI,2010,3,2010年第3期,True,True,1,1,0,0,1,0,found
外交评论,160,政治学,CSSCI,2010,4,2010年第4期,True,False,0,0,0,0,0,0,not_found_in_public_sources
外交评论,160,政治学,CSSCI,2010,5,2010年第5期,True,False,0,0,0,0,0,0,not_found_in_public_sources
外交评论,160,政治学,CSSCI,2010,6,2010年第6期,True,False,0,0,0,0,0,0,not_found_in_public_sources
外交评论,160,政治学,CSSCI,2011,1,2011年第1期,True,True,3,3,0,0,3,0,found
外交评论,160,政治学,CSSCI,2011,2,2011年第2期,True,True,4,4,0,0,4,0,found
外交评论,160,政治学,CSSCI,2011,3,2011年第3期,True,True,1,1,0,0,1,0,found
外交评论,160,政治学,CSSCI,2011,4,2011年第4期,True,True,1,1,0,0,1,0,found
外交评论,160,政治学,CSSCI,2011,5,2011年第5期,True,True,3,3,0,0,3,0,found
外交评论,160,政治学,CSSCI,2011,6,2011年第6期,True,True,4,4,0,0,4,0,found
外交评论,160,政治学,CSSCI,2012,1,2012年第1期,True,True,1,1,0,0,1,0,found
外交评论,160,政治学,CSSCI,2012,2,2012年第2期,True,True,2,2,0,0,2,0,found
外交评论,160,政治学,CSSCI,2012,3,2012年第3期,True,True,1,1,0,0,1,0,found
外交评论,160,政治学,CSSCI,2012,4,2012年第4期,True,False,0,0,0,0,0,0,not_found_in_public_sources
外交评论,160,政治学,CSSCI,2012,5,2012年第5期,True,True,2,2,0,0,2,0,found
外交评论,160,政治学,CSSCI,2012,6,2012年第6期,True,True,2,2,0,0,2,0,found
外交评论,160,政治学,CSSCI,2013,1,2013年第1期,True,False,0,0,0,0,0,0,not_found_in_public_sources
外交评论,160,政治学,CSSCI,2013,2,2013年第2期,True,True,3,3,0,0,3,0,found
外交评论,160,政治学,CSSCI,2013,3,2013年第3期,True,True,6,6,0,0,6,0,found
外交评论,160,政治学,CSSCI,2013,4,2013年第4期,True,True,2,2,0,0,2,0,found
外交评论,160,政治学,CSSCI,2013,5,2013年第5期,True,True,4,4,0,0,4,0,found
外交评论,160,政治学,CSSCI,2013,6,2013年第6期,True,False,0,0,0,0,0,0,not_found_in_public_sources
外交评论,160,政治学,CSSCI,2014,1,2014年第1期,True,True,1,1,0,0,1,0,found
外交评论,160,政治学,CSSCI,2014,2,2014年第2期,True,False,0,0,0,0,0,0,not_found_in_public_sources
外交评论,160,政治学,CSSCI,2014,3,2014年第3期,True,False,0,0,0,0,0,0,not_found_in_public_sources
外交评论,160,政治学,CSSCI,2014,4,2014年第4期,True,True,1,1,0,0,1,0,found
外交评论,160,政治学,CSSCI,2014,5,2014年第5期,True,True,1,1,0,0,1,0,found
外交评论,160,政治学,CSSCI,2014,6,2014年第6期,True,False,0,0,0,0,0,0,not_found_in_public_sources
外交评论,160,政治学,CSSCI,2015,1,2015年第1期,True,False,0,0,0,0,0,0,not_found_in_public_sources
外交评论,160,政治学,CSSCI,2015,2,2015年第2期,True,False,0,0,0,0,0,0,not_found_in_public_sources
外交评论,160,政治学,CSSCI,2015,3,2015年第3期,True,False,0,0,0,0,0,0,not_found_in_public_sources
外交评论,160,政治学,CSSCI,2015,4,2015年第4期,True,True,4,4,0,0,4,0,found
外交评论,160,政治学,CSSCI,2015,5,2015年第5期,True,True,1,1,0,0,1,0,found
外交评论,160,政治学,CSSCI,2015,6,2015年第6期,True,True,3,3,0,0,3,0,found
外交评论,160,政治学,CSSCI,2016,1,2016年第1期,True,True,3,3,0,0,3,0,found
外交评论,160,政治学,CSSCI,2016,2,2016年第2期,True,True,4,4,0,0,4,0,found
外交评论,160,政治学,CSSCI,2016,3,2016年第3期,True,True,1,1,0,0,1,0,found
外交评论,160,政治学,CSSCI,2016,4,2016年第4期,True,False,0,0,0,0,0,0,not_found_in_public_sources
外交评论,160,政治学,CSSCI,2016,5,2016年第5期,True,True,3,3,0,0,3,0,found
外交评论,160,政治学,CSSCI,2016,6,2016年第6期,True,False,0,0,0,0,0,0,not_found_in_public_sources
外交评论,160,政治学,CSSCI,2017,1,2017年第1期,True,False,0,0,0,0,0,0,not_found_in_public_sources
外交评论,160,政治学,CSSCI,2017,2,2017年第2期,True,True,2,2,0,0,2,0,found
外交评论,160,政治学,CSSCI,2017,3,2017年第3期,True,False,0,0,0,0,0,0,not_found_in_public_sources
外交评论,160,政治学,CSSCI,2017,4,2017年第4期,True,False,0,0,0,0,0,0,not_found_in_public_sources
外交评论,160,政治学,CSSCI,2017,5,2017年第5期,True,True,1,1,0,0,1,0,found
外交评论,160,政治学,CSSCI,2017,6,2017年第6期,True,False,0,0,0,0,0,0,not_found_in_public_sources
外交评论,160,政治学,CSSCI,2018,1,2018年第1期,True,False,0,0,0,0,0,0,not_found_in_public_sources
外交评论,160,政治学,CSSCI,2018,2,2018年第2期,True,False,0,0,0,0,0,0,not_found_in_public_sources
外交评论,160,政治学,CSSCI,2018,3,2018年第3期,True,False,0,0,0,0,0,0,not_found_in_public_sources
外交评论,160,政治学,CSSCI,2018,4,2018年第4期,True,False,0,0,0,0,0,0,not_found_in_public_sources
外交评论,160,政治学,CSSCI,2018,5,2018年第5期,True,False,0,0,0,0,0,0,not_found_in_public_sources
外交评论,160,政治学,CSSCI,2018,6,2018年第6期,True,False,0,0,0,0,0,0,not_found_in_public_sources
外交评论,160,政治学,CSSCI,2019,1,2019年第1期,True,False,0,0,0,0,0,0,not_found_in_public_sources
外交评论,160,政治学,CSSCI,2019,2,2019年第2期,True,False,0,0,0,0,0,0,not_found_in_public_sources
外交评论,160,政治学,CSSCI,2019,3,2019年第3期,True,False,0,0,0,0,0,0,not_found_in_public_sources
外交评论,160,政治学,CSSCI,2019,4,2019年第4期,True,False,0,0,0,0,0,0,not_found_in_public_sources
外交评论,160,政治学,CSSCI,2019,5,2019年第5期,True,False,0,0,0,0,0,0,not_found_in_public_sources
外交评论,160,政治学,CSSCI,2019,6,2019年第6期,True,False,0,0,0,0,0,0,not_found_in_public_sources
外交评论,160,政治学,CSSCI,2020,1,2020年第1期,True,False,0,0,0,0,0,0,not_found_in_public_sources
外交评论,160,政治学,CSSCI,2020,2,2020年第2期,True,False,0,0,0,0,0,0,not_found_in_public_sources
外交评论,160,政治学,CSSCI,2020,3,2020年第3期,True,False,0,0,0,0,0,0,not_found_in_public_sources
外交评论,160,政治学,CSSCI,2020,4,2020年第4期,True,False,0,0,0,0,0,0,not_found_in_public_sources
外交评论,160,政治学,CSSCI,2020,5,2020年第5期,True,False,0,0,0,0,0,0,not_found_in_public_sources
外交评论,160,政治学,CSSCI,2020,6,2020年第6期,True,False,0,0,0,0,0,0,not_found_in_public_sources
外交评论,160,政治学,CSSCI,2021,1,2021年第1期,True,False,0,0,0,0,0,0,not_found_in_public_sources
外交评论,160,政治学,CSSCI,2021,2,2021年第2期,True,False,0,0,0,0,0,0,not_found_in_public_sources
外交评论,160,政治学,CSSCI,2021,3,2021年第3期,True,False,0,0,0,0,0,0,not_found_in_public_sources
外交评论,160,政治学,CSSCI,2021,4,2021年第4期,True,False,0,0,0,0,0,0,not_found_in_public_sources
外交评论,160,政治学,CSSCI,2021,5,2021年第5期,True,False,0,0,0,0,0,0,not_found_in_public_sources
外交评论,160,政治学,CSSCI,2021,6,2021年第6期,True,False,0,0,0,0,0,0,not_found_in_public_sources
外交评论,160,政治学,CSSCI,2022,1,2022年第1期,True,False,0,0,0,0,0,0,not_found_in_public_sources
外交评论,160,政治学,CSSCI,2022,2,2022年第2期,True,False,0,0,0,0,0,0,not_found_in_public_sources
外交评论,160,政治学,CSSCI,2022,3,2022年第3期,True,False,0,0,0,0,0,0,not_found_in_public_sources
外交评论,160,政治学,CSSCI,2022,4,2022年第4期,True,False,0,0,0,0,0,0,not_found_in_public_sources
外交评论,160,政治学,CSSCI,2022,5,2022年第5期,True,False,0,0,0,0,0,0,not_found_in_public_sources
外交评论,160,政治学,CSSCI,2022,6,2022年第6期,True,False,0,0,0,0,0,0,not_found_in_public_sources
外交评论,160,政治学,CSSCI,2023,1,2023年第1期,True,False,0,0,0,0,0,0,not_found_in_public_sources
外交评论,160,政治学,CSSCI,2023,2,2023年第2期,True,False,0,0,0,0,0,0,not_found_in_public_sources
外交评论,160,政治学,CSSCI,2023,3,2023年第3期,True,False,0,0,0,0,0,0,not_found_in_public_sources
外交评论,160,政治学,CSSCI,2023,4,2023年第4期,True,False,0,0,0,0,0,0,not_found_in_public_sources
外交评论,160,政治学,CSSCI,2023,5,2023年第5期,True,False,0,0,0,0,0,0,not_found_in_public_sources
外交评论,160,政治学,CSSCI,2023,6,2023年第6期,True,False,0,0,0,0,0,0,not_found_in_public_sources
外交评论,160,政治学,CSSCI,2024,1,2024年第1期,True,False,0,0,0,0,0,0,not_found_in_public_sources
外交评论,160,政治学,CSSCI,2024,2,2024年第2期,True,False,0,0,0,0,0,0,not_found_in_public_sources
外交评论,160,政治学,CSSCI,2024,3,2024年第3期,True,False,0,0,0,0,0,0,not_found_in_public_sources
外交评论,160,政治学,CSSCI,2024,4,2024年第4期,True,False,0,0,0,0,0,0,not_found_in_public_sources
外交评论,160,政治学,CSSCI,2024,5,2024年第5期,True,False,0,0,0,0,0,0,not_found_in_public_sources
外交评论,160,政治学,CSSCI,2024,6,2024年第6期,True,False,0,0,0,0,0,0,not_found_in_public_sources
外交评论,160,政治学,CSSCI,2025,1,2025年第1期,True,False,0,0,0,0,0,0,not_found_in_public_sources
外交评论,160,政治学,CSSCI,2025,2,2025年第2期,True,False,0,0,0,0,0,0,not_found_in_public_sources
外交评论,160,政治学,CSSCI,2025,3,2025年第3期,True,False,0,0,0,0,0,0,not_found_in_public_sources
外交评论,160,政治学,CSSCI,2025,4,2025年第4期,True,False,0,0,0,0,0,0,not_found_in_public_sources
外交评论,160,政治学,CSSCI,2025,5,2025年第5期,True,False,0,0,0,0,0,0,not_found_in_public_sources
外交评论,160,政治学,CSSCI,2025,6,2025年第6期,True,False,0,0,0,0,0,0,not_found_in_public_sources
欧洲研究,161,政治学,CSSCI,1983,1,1983年第1期,True,False,0,0,0,0,0,0,not_found_in_public_sources
欧洲研究,161,政治学,CSSCI,1983,2,1983年第2期,True,True,2,2,0,0,2,0,found
欧洲研究,161,政治学,CSSCI,1983,3,1983年第3期,True,True,1,1,0,0,1,0,found
欧洲研究,161,政治学,CSSCI,1983,4,1983年第4期,True,True,4,4,0,0,4,0,found
欧洲研究,161,政治学,CSSCI,1983,5,1983年第5期,True,False,0,0,0,0,0,0,not_found_in_public_sources
欧洲研究,161,政治学,CSSCI,1983,6,1983年第6期,True,False,0,0,0,0,0,0,not_found_in_public_sources
欧洲研究,161,政治学,CSSCI,1984,1,1984年第1期,True,True,2,2,0,0,2,0,found
欧洲研究,161,政治学,CSSCI,1984,2,1984年第2期,True,True,1,1,0,0,1,0,found
欧洲研究,161,政治学,CSSCI,1984,3,1984年第3期,True,True,1,1,0,0,1,0,found
欧洲研究,161,政治学,CSSCI,1984,4,1984年第4期,True,True,1,1,0,0,1,0,found
欧洲研究,161,政治学,CSSCI,1984,5,1984年第5期,True,False,0,0,0,0,0,0,not_found_in_public_sources
欧洲研究,161,政治学,CSSCI,1984,6,1984年第6期,True,True,1,1,0,0,1,0,found
欧洲研究,161,政治学,CSSCI,1985,1,1985年第1期,True,True,2,2,0,0,2,0,found
欧洲研究,161,政治学,CSSCI,1985,2,1985年第2期,True,True,1,1,0,0,1,0,found
欧洲研究,161,政治学,CSSCI,1985,3,1985年第3期,True,True,4,4,0,0,4,0,found
欧洲研究,161,政治学,CSSCI,1985,4,1985年第4期,True,True,2,2,0,0,2,0,found
欧洲研究,161,政治学,CSSCI,1985,5,1985年第5期,True,False,0,0,0,0,0,0,not_found_in_public_sources
欧洲研究,161,政治学,CSSCI,1985,6,1985年第6期,True,True,1,1,0,0,1,0,found
欧洲研究,161,政治学,CSSCI,1986,1,1986年第1期,True,True,2,2,0,0,2,0,found
欧洲研究,161,政治学,CSSCI,1986,2,1986年第2期,True,True,1,1,0,0,1,0,found
欧洲研究,161,政治学,CSSCI,1986,3,1986年第3期,True,True,3,3,0,0,3,0,found
欧洲研究,161,政治学,CSSCI,1986,4,1986年第4期,True,True,3,3,0,0,3,0,found
欧洲研究,161,政治学,CSSCI,1986,5,1986年第5期,True,True,1,1,0,0,1,0,found
欧洲研究,161,政治学,CSSCI,1986,6,1986年第6期,True,True,2,2,0,0,2,0,found
欧洲研究,161,政治学,CSSCI,1987,1,1987年第1期,True,True,3,3,0,0,3,0,found
欧洲研究,161,政治学,CSSCI,1987,2,1987年第2期,True,True,1,1,0,0,1,0,found
欧洲研究,161,政治学,CSSCI,1987,3,1987年第3期,True,False,0,0,0,0,0,0,not_found_in_public_sources
欧洲研究,161,政治学,CSSCI,1987,4,1987年第4期,True,True,1,1,0,0,1,0,found
欧洲研究,161,政治学,CSSCI,1987,5,1987年第5期,True,True,1,1,0,0,1,0,found
欧洲研究,161,政治学,CSSCI,1987,6,1987年第6期,True,False,0,0,0,0,0,0,not_found_in_public_sources
欧洲研究,161,政治学,CSSCI,1988,1,1988年第1期,True,True,1,1,0,0,1,0,found
欧洲研究,161,政治学,CSSCI,1988,2,1988年第2期,True,True,1,1,0,0,1,0,found
欧洲研究,161,政治学,CSSCI,1988,3,1988年第3期,True,True,1,1,0,0,1,0,found
欧洲研究,161,政治学,CSSCI,1988,4,1988年第4期,True,True,1,1,0,0,1,0,found
欧洲研究,161,政治学,CSSCI,1988,5,1988年第5期,True,True,1,1,0,0,1,0,found
欧洲研究,161,政治学,CSSCI,1988,6,1988年第6期,True,False,0,0,0,0,0,0,not_found_in_public_sources
欧洲研究,161,政治学,CSSCI,1989,1,1989年第1期,True,False,0,0,0,0,0,0,not_found_in_public_sources
欧洲研究,161,政治学,CSSCI,1989,2,1989年第2期,True,False,0,0,0,0,0,0,not_found_in_public_sources
欧洲研究,161,政治学,CSSCI,1989,3,1989年第3期,True,False,0,0,0,0,0,0,not_found_in_public_sources
欧洲研究,161,政治学,CSSCI,1989,4,1989年第4期,True,True,3,3,0,0,3,0,found
欧洲研究,161,政治学,CSSCI,1989,5,1989年第5期,True,False,0,0,0,0,0,0,not_found_in_public_sources
欧洲研究,161,政治学,CSSCI,1989,6,1989年第6期,True,False,0,0,0,0,0,0,not_found_in_public_sources
欧洲研究,161,政治学,CSSCI,1990,1,1990年第1期,True,True,1,1,0,0,1,0,found
欧洲研究,161,政治学,CSSCI,1990,2,1990年第2期,True,True,1,1,0,0,1,0,found
欧洲研究,161,政治学,CSSCI,1990,3,1990年第3期,True,True,1,1,0,0,1,0,found
欧洲研究,161,政治学,CSSCI,1990,4,1990年第4期,True,True,1,1,0,0,1,0,found
欧洲研究,161,政治学,CSSCI,1990,5,1990年第5期,True,False,0,0,0,0,0,0,not_found_in_public_sources
欧洲研究,161,政治学,CSSCI,1990,6,1990年第6期,True,False,0,0,0,0,0,0,not_found_in_public_sources
欧洲研究,161,政治学,CSSCI,1991,1,1991年第1期,True,True,1,1,0,0,1,0,found
欧洲研究,161,政治学,CSSCI,1991,2,1991年第2期,True,True,1,1,0,0,1,0,found
欧洲研究,161,政治学,CSSCI,1991,3,1991年第3期,True,False,0,0,0,0,0,0,not_found_in_public_sources
欧洲研究,161,政治学,CSSCI,1991,4,1991年第4期,True,False,0,0,0,0,0,0,not_found_in_public_sources
欧洲研究,161,政治学,CSSCI,1991,5,1991年第5期,True,False,0,0,0,0,0,0,not_found_in_public_sources
欧洲研究,161,政治学,CSSCI,1991,6,1991年第6期,True,False,0,0,0,0,0,0,not_found_in_public_sources
欧洲研究,161,政治学,CSSCI,1992,1,1992年第1期,True,False,0,0,0,0,0,0,not_found_in_public_sources
欧洲研究,161,政治学,CSSCI,1992,2,1992年第2期,True,False,0,0,0,0,0,0,not_found_in_public_sources
欧洲研究,161,政治学,CSSCI,1992,3,1992年第3期,True,False,0,0,0,0,0,0,not_found_in_public_sources
欧洲研究,161,政治学,CSSCI,1992,4,1992年第4期,True,False,0,0,0,0,0,0,not_found_in_public_sources
欧洲研究,161,政治学,CSSCI,1992,5,1992年第5期,True,False,0,0,0,0,0,0,not_found_in_public_sources
欧洲研究,161,政治学,CSSCI,1992,6,1992年第6期,True,False,0,0,0,0,0,0,not_found_in_public_sources
欧洲研究,161,政治学,CSSCI,1993,1,1993年第1期,True,False,0,0,0,0,0,0,not_found_in_public_sources
欧洲研究,161,政治学,CSSCI,1993,2,1993年第2期,True,False,0,0,0,0,0,0,not_found_in_public_sources
欧洲研究,161,政治学,CSSCI,1993,3,1993年第3期,True,False,0,0,0,0,0,0,not_found_in_public_sources
欧洲研究,161,政治学,CSSCI,1993,4,1993年第4期,True,False,0,0,0,0,0,0,not_found_in_public_sources
欧洲研究,161,政治学,CSSCI,1993,5,1993年第5期,True,True,4,4,0,0,4,0,found
欧洲研究,161,政治学,CSSCI,1993,6,1993年第6期,True,False,0,0,0,0,0,0,not_found_in_public_sources
欧洲研究,161,政治学,CSSCI,1994,1,1994年第1期,True,True,2,2,0,0,2,0,found
欧洲研究,161,政治学,CSSCI,1994,2,1994年第2期,True,True,1,1,0,0,1,0,found
欧洲研究,161,政治学,CSSCI,1994,3,1994年第3期,True,False,0,0,0,0,0,0,not_found_in_public_sources
欧洲研究,161,政治学,CSSCI,1994,4,1994年第4期,True,True,2,2,0,0,2,0,found
欧洲研究,161,政治学,CSSCI,1994,5,1994年第5期,True,False,0,0,0,0,0,0,not_found_in_public_sources
欧洲研究,161,政治学,CSSCI,1994,6,1994年第6期,True,True,1,1,0,0,1,0,found
欧洲研究,161,政治学,CSSCI,1995,1,1995年第1期,True,False,0,0,0,0,0,0,not_found_in_public_sources
欧洲研究,161,政治学,CSSCI,1995,2,1995年第2期,True,False,0,0,0,0,0,0,not_found_in_public_sources
欧洲研究,161,政治学,CSSCI,1995,3,1995年第3期,True,True,3,3,0,0,3,0,found
欧洲研究,161,政治学,CSSCI,1995,4,1995年第4期,True,True,3,3,0,0,3,0,found
欧洲研究,161,政治学,CSSCI,1995,5,1995年第5期,True,True,1,1,0,0,1,0,found
欧洲研究,161,政治学,CSSCI,1995,6,1995年第6期,True,True,2,2,0,0,2,0,found
欧洲研究,161,政治学,CSSCI,1996,1,1996年第1期,True,True,2,2,0,0,2,0,found
欧洲研究,161,政治学,CSSCI,1996,2,1996年第2期,True,False,0,0,0,0,0,0,not_found_in_public_sources
欧洲研究,161,政治学,CSSCI,1996,3,1996年第3期,True,False,0,0,0,0,0,0,not_found_in_public_sources
欧洲研究,161,政治学,CSSCI,1996,4,1996年第4期,True,False,0,0,0,0,0,0,not_found_in_public_sources
欧洲研究,161,政治学,CSSCI,1996,5,1996年第5期,True,False,0,0,0,0,0,0,not_found_in_public_sources
欧洲研究,161,政治学,CSSCI,1996,6,1996年第6期,True,True,1,1,0,0,1,0,found
欧洲研究,161,政治学,CSSCI,1997,1,1997年第1期,True,True,1,1,0,0,1,0,found
欧洲研究,161,政治学,CSSCI,1997,2,1997年第2期,True,True,2,2,0,0,2,0,found
欧洲研究,161,政治学,CSSCI,1997,3,1997年第3期,True,True,1,1,0,0,1,0,found
欧洲研究,161,政治学,CSSCI,1997,4,1997年第4期,True,False,0,0,0,0,0,0,not_found_in_public_sources
欧洲研究,161,政治学,CSSCI,1997,5,1997年第5期,True,True,2,2,0,0,2,0,found
欧洲研究,161,政治学,CSSCI,1997,6,1997年第6期,True,False,0,0,0,0,0,0,not_found_in_public_sources
欧洲研究,161,政治学,CSSCI,1998,1,1998年第1期,True,True,1,1,0,0,1,0,found
欧洲研究,161,政治学,CSSCI,1998,2,1998年第2期,True,False,0,0,0,0,0,0,not_found_in_public_sources
欧洲研究,161,政治学,CSSCI,1998,3,1998年第3期,True,True,2,2,0,0,2,0,found
欧洲研究,161,政治学,CSSCI,1998,4,1998年第4期,True,True,2,2,0,0,2,0,found
欧洲研究,161,政治学,CSSCI,1998,5,1998年第5期,True,False,0,0,0,0,0,0,not_found_in_public_sources
欧洲研究,161,政治学,CSSCI,1998,6,1998年第6期,True,True,3,3,0,0,3,0,found
欧洲研究,161,政治学,CSSCI,1999,1,1999年第1期,True,True,2,2,0,0,2,0,found
欧洲研究,161,政治学,CSSCI,1999,2,1999年第2期,True,True,2,2,0,0,2,0,found
欧洲研究,161,政治学,CSSCI,1999,3,1999年第3期,True,True,3,3,0,0,3,0,found
欧洲研究,161,政治学,CSSCI,1999,4,1999年第4期,True,True,2,2,0,0,2,0,found
欧洲研究,161,政治学,CSSCI,1999,5,1999年第5期,True,True,2,2,0,0,2,0,found
欧洲研究,161,政治学,CSSCI,1999,6,1999年第6期,True,True,1,1,0,0,1,0,found
欧洲研究,161,政治学,CSSCI,2000,1,2000年第1期,True,False,0,0,0,0,0,0,not_found_in_public_sources
欧洲研究,161,政治学,CSSCI,2000,2,2000年第2期,True,False,0,0,0,0,0,0,not_found_in_public_sources
欧洲研究,161,政治学,CSSCI,2000,3,2000年第3期,True,False,0,0,0,0,0,0,not_found_in_public_sources
欧洲研究,161,政治学,CSSCI,2000,4,2000年第4期,True,False,0,0,0,0,0,0,not_found_in_public_sources
欧洲研究,161,政治学,CSSCI,2000,5,2000年第5期,True,False,0,0,0,0,0,0,not_found_in_public_sources
欧洲研究,161,政治学,CSSCI,2000,6,2000年第6期,True,False,0,0,0,0,0,0,not_found_in_public_sources
欧洲研究,161,政治学,CSSCI,2001,1,2001年第1期,True,False,0,0,0,0,0,0,not_found_in_public_sources
欧洲研究,161,政治学,CSSCI,2001,2,2001年第2期,True,False,0,0,0,0,0,0,not_found_in_public_sources
欧洲研究,161,政治学,CSSCI,2001,3,2001年第3期,True,False,0,0,0,0,0,0,not_found_in_public_sources
欧洲研究,161,政治学,CSSCI,2001,4,2001年第4期,True,False,0,0,0,0,0,0,not_found_in_public_sources
欧洲研究,161,政治学,CSSCI,2001,5,2001年第5期,True,False,0,0,0,0,0,0,not_found_in_public_sources
欧洲研究,161,政治学,CSSCI,2001,6,2001年第6期,True,False,0,0,0,0,0,0,not_found_in_public_sources
欧洲研究,161,政治学,CSSCI,2002,1,2002年第1期,True,False,0,0,0,0,0,0,not_found_in_public_sources
欧洲研究,161,政治学,CSSCI,2002,2,2002年第2期,True,False,0,0,0,0,0,0,not_found_in_public_sources
欧洲研究,161,政治学,CSSCI,2002,3,2002年第3期,True,False,0,0,0,0,0,0,not_found_in_public_sources
欧洲研究,161,政治学,CSSCI,2002,4,2002年第4期,True,False,0,0,0,0,0,0,not_found_in_public_sources
欧洲研究,161,政治学,CSSCI,2002,5,2002年第5期,True,False,0,0,0,0,0,0,not_found_in_public_sources
欧洲研究,161,政治学,CSSCI,2002,6,2002年第6期,True,False,0,0,0,0,0,0,not_found_in_public_sources
欧洲研究,161,政治学,CSSCI,2003,1,2003年第1期,True,True,2,2,0,0,2,0,found
欧洲研究,161,政治学,CSSCI,2003,2,2003年第2期,True,True,5,5,0,0,5,0,found
欧洲研究,161,政治学,CSSCI,2003,3,2003年第3期,True,True,4,4,0,0,4,0,found
欧洲研究,161,政治学,CSSCI,2003,4,2003年第4期,True,True,3,3,0,0,3,0,found
欧洲研究,161,政治学,CSSCI,2003,5,2003年第5期,True,True,5,5,0,0,5,0,found
欧洲研究,161,政治学,CSSCI,2003,6,2003年第6期,True,True,2,2,0,0,2,0,found
欧洲研究,161,政治学,CSSCI,2004,1,2004年第1期,True,True,4,4,0,0,4,0,found
欧洲研究,161,政治学,CSSCI,2004,2,2004年第2期,True,True,3,3,0,0,3,0,found
欧洲研究,161,政治学,CSSCI,2004,3,2004年第3期,True,True,5,5,0,0,5,0,found
欧洲研究,161,政治学,CSSCI,2004,4,2004年第4期,True,True,7,7,0,0,7,0,found
欧洲研究,161,政治学,CSSCI,2004,5,2004年第5期,True,True,3,3,0,0,3,0,found
欧洲研究,161,政治学,CSSCI,2004,6,2004年第6期,True,True,1,1,0,0,1,0,found
欧洲研究,161,政治学,CSSCI,2005,1,2005年第1期,True,True,3,3,0,0,3,0,found
欧洲研究,161,政治学,CSSCI,2005,2,2005年第2期,True,True,4,4,0,0,4,0,found
欧洲研究,161,政治学,CSSCI,2005,3,2005年第3期,True,True,4,4,0,0,4,0,found
欧洲研究,161,政治学,CSSCI,2005,4,2005年第4期,True,True,5,5,0,0,5,0,found
欧洲研究,161,政治学,CSSCI,2005,5,2005年第5期,True,True,2,2,0,0,2,0,found
欧洲研究,161,政治学,CSSCI,2005,6,2005年第6期,True,True,3,3,0,0,3,0,found
欧洲研究,161,政治学,CSSCI,2006,1,2006年第1期,True,True,2,2,0,0,2,0,found
欧洲研究,161,政治学,CSSCI,2006,2,2006年第2期,True,True,2,2,0,0,2,0,found
欧洲研究,161,政治学,CSSCI,2006,3,2006年第3期,True,False,0,0,0,0,0,0,not_found_in_public_sources
欧洲研究,161,政治学,CSSCI,2006,4,2006年第4期,True,True,1,1,0,0,1,0,found
欧洲研究,161,政治学,CSSCI,2006,5,2006年第5期,True,True,4,4,0,0,4,0,found
欧洲研究,161,政治学,CSSCI,2006,6,2006年第6期,True,True,7,7,0,0,7,0,found
欧洲研究,161,政治学,CSSCI,2007,1,2007年第1期,True,True,3,3,0,0,3,0,found
欧洲研究,161,政治学,CSSCI,2007,2,2007年第2期,True,True,3,3,0,0,3,0,found
欧洲研究,161,政治学,CSSCI,2007,3,2007年第3期,True,True,4,4,0,0,4,0,found
欧洲研究,161,政治学,CSSCI,2007,4,2007年第4期,True,False,0,0,0,0,0,0,not_found_in_public_sources
欧洲研究,161,政治学,CSSCI,2007,5,2007年第5期,True,True,1,1,0,0,1,0,found
欧洲研究,161,政治学,CSSCI,2007,6,2007年第6期,True,True,2,2,0,0,2,0,found
欧洲研究,161,政治学,CSSCI,2008,1,2008年第1期,True,True,5,5,0,0,5,0,found
欧洲研究,161,政治学,CSSCI,2008,2,2008年第2期,True,True,1,1,0,0,1,0,found
欧洲研究,161,政治学,CSSCI,2008,3,2008年第3期,True,True,2,2,0,0,2,0,found
欧洲研究,161,政治学,CSSCI,2008,4,2008年第4期,True,True,3,3,0,0,3,0,found
欧洲研究,161,政治学,CSSCI,2008,5,2008年第5期,True,True,2,2,0,0,2,0,found
欧洲研究,161,政治学,CSSCI,2008,6,2008年第6期,True,False,0,0,0,0,0,0,not_found_in_public_sources
欧洲研究,161,政治学,CSSCI,2009,1,2009年第1期,True,True,1,1,0,0,1,0,found
欧洲研究,161,政治学,CSSCI,2009,2,2009年第2期,True,True,3,3,0,0,3,0,found
欧洲研究,161,政治学,CSSCI,2009,3,2009年第3期,True,True,2,2,0,0,2,0,found
欧洲研究,161,政治学,CSSCI,2009,4,2009年第4期,True,True,4,4,0,0,4,0,found
欧洲研究,161,政治学,CSSCI,2009,5,2009年第5期,True,True,2,2,0,0,2,0,found
欧洲研究,161,政治学,CSSCI,2009,6,2009年第6期,True,True,3,3,0,0,3,0,found
欧洲研究,161,政治学,CSSCI,2010,1,2010年第1期,True,True,2,2,0,0,2,0,found
欧洲研究,161,政治学,CSSCI,2010,2,2010年第2期,True,True,5,5,0,0,5,0,found
欧洲研究,161,政治学,CSSCI,2010,3,2010年第3期,True,True,4,4,0,0,4,0,found
欧洲研究,161,政治学,CSSCI,2010,4,2010年第4期,True,True,5,5,0,0,5,0,found
欧洲研究,161,政治学,CSSCI,2010,5,2010年第5期,True,True,1,1,0,0,1,0,found
欧洲研究,161,政治学,CSSCI,2010,6,2010年第6期,True,True,2,2,0,0,2,0,found
欧洲研究,161,政治学,CSSCI,2011,1,2011年第1期,True,True,1,1,0,0,1,0,found
欧洲研究,161,政治学,CSSCI,2011,2,2011年第2期,True,True,4,4,0,0,4,0,found
欧洲研究,161,政治学,CSSCI,2011,3,2011年第3期,True,True,2,2,0,0,2,0,found
欧洲研究,161,政治学,CSSCI,2011,4,2011年第4期,True,True,1,1,0,0,1,0,found
欧洲研究,161,政治学,CSSCI,2011,5,2011年第5期,True,True,2,2,0,0,2,0,found
欧洲研究,161,政治学,CSSCI,2011,6,2011年第6期,True,True,3,3,0,0,3,0,found
欧洲研究,161,政治学,CSSCI,2012,1,2012年第1期,True,True,1,1,0,0,1,0,found
欧洲研究,161,政治学,CSSCI,2012,2,2012年第2期,True,True,2,2,0,0,2,0,found
欧洲研究,161,政治学,CSSCI,2012,3,2012年第3期,True,True,1,1,0,0,1,0,found
欧洲研究,161,政治学,CSSCI,2012,4,2012年第4期,True,True,3,3,0,0,3,0,found
欧洲研究,161,政治学,CSSCI,2012,5,2012年第5期,True,True,4,4,0,0,4,0,found
欧洲研究,161,政治学,CSSCI,2012,6,2012年第6期,True,True,4,4,0,0,4,0,found
欧洲研究,161,政治学,CSSCI,2013,1,2013年第1期,True,True,4,4,0,0,4,0,found
欧洲研究,161,政治学,CSSCI,2013,2,2013年第2期,True,True,3,3,0,0,3,0,found
欧洲研究,161,政治学,CSSCI,2013,3,2013年第3期,True,True,1,1,0,0,1,0,found
欧洲研究,161,政治学,CSSCI,2013,4,2013年第4期,True,False,0,0,0,0,0,0,not_found_in_public_sources
欧洲研究,161,政治学,CSSCI,2013,5,2013年第5期,True,True,3,3,0,0,3,0,found
欧洲研究,161,政治学,CSSCI,2013,6,2013年第6期,True,True,2,2,0,0,2,0,found
欧洲研究,161,政治学,CSSCI,2014,1,2014年第1期,True,True,2,2,0,0,2,0,found
欧洲研究,161,政治学,CSSCI,2014,2,2014年第2期,True,True,2,2,0,0,2,0,found
欧洲研究,161,政治学,CSSCI,2014,3,2014年第3期,True,True,2,2,0,0,2,0,found
欧洲研究,161,政治学,CSSCI,2014,4,2014年第4期,True,True,2,2,0,0,2,0,found
欧洲研究,161,政治学,CSSCI,2014,5,2014年第5期,True,True,2,2,0,0,2,0,found
欧洲研究,161,政治学,CSSCI,2014,6,2014年第6期,True,True,2,2,0,0,2,0,found
欧洲研究,161,政治学,CSSCI,2015,1,2015年第1期,True,True,4,4,0,0,4,0,found
欧洲研究,161,政治学,CSSCI,2015,2,2015年第2期,True,True,4,4,0,0,4,0,found
欧洲研究,161,政治学,CSSCI,2015,3,2015年第3期,True,True,1,1,0,0,1,0,found
欧洲研究,161,政治学,CSSCI,2015,4,2015年第4期,True,True,6,6,0,0,6,0,found
欧洲研究,161,政治学,CSSCI,2015,5,2015年第5期,True,True,3,3,0,0,3,0,found
欧洲研究,161,政治学,CSSCI,2015,6,2015年第6期,True,True,9,9,0,0,9,0,found
欧洲研究,161,政治学,CSSCI,2016,1,2016年第1期,True,True,4,4,0,0,4,0,found
欧洲研究,161,政治学,CSSCI,2016,2,2016年第2期,True,True,3,3,0,0,3,0,found
欧洲研究,161,政治学,CSSCI,2016,3,2016年第3期,True,True,3,3,0,0,3,0,found
欧洲研究,161,政治学,CSSCI,2016,4,2016年第4期,True,True,1,1,0,0,1,0,found
欧洲研究,161,政治学,CSSCI,2016,5,2016年第5期,True,False,0,0,0,0,0,0,not_found_in_public_sources
欧洲研究,161,政治学,CSSCI,2016,6,2016年第6期,True,False,0,0,0,0,0,0,not_found_in_public_sources
欧洲研究,161,政治学,CSSCI,2017,1,2017年第1期,True,True,2,2,0,0,2,0,found
欧洲研究,161,政治学,CSSCI,2017,2,2017年第2期,True,True,1,1,0,0,1,0,found
欧洲研究,161,政治学,CSSCI,2017,3,2017年第3期,True,False,0,0,0,0,0,0,not_found_in_public_sources
欧洲研究,161,政治学,CSSCI,2017,4,2017年第4期,True,True,2,2,0,0,2,0,found
欧洲研究,161,政治学,CSSCI,2017,5,2017年第5期,True,True,1,1,0,0,1,0,found
欧洲研究,161,政治学,CSSCI,2017,6,2017年第6期,True,False,0,0,0,0,0,0,not_found_in_public_sources
欧洲研究,161,政治学,CSSCI,2018,1,2018年第1期,True,True,1,1,0,0,1,0,found
欧洲研究,161,政治学,CSSCI,2018,2,2018年第2期,True,True,1,1,0,0,1,0,found
欧洲研究,161,政治学,CSSCI,2018,3,2018年第3期,True,False,0,0,0,0,0,0,not_found_in_public_sources
欧洲研究,161,政治学,CSSCI,2018,4,2018年第4期,True,False,0,0,0,0,0,0,not_found_in_public_sources
欧洲研究,161,政治学,CSSCI,2018,5,2018年第5期,True,False,0,0,0,0,0,0,not_found_in_public_sources
欧洲研究,161,政治学,CSSCI,2018,6,2018年第6期,True,False,0,0,0,0,0,0,not_found_in_public_sources
欧洲研究,161,政治学,CSSCI,2019,1,2019年第1期,True,False,0,0,0,0,0,0,not_found_in_public_sources
欧洲研究,161,政治学,CSSCI,2019,2,2019年第2期,True,False,0,0,0,0,0,0,not_found_in_public_sources
欧洲研究,161,政治学,CSSCI,2019,3,2019年第3期,True,True,1,1,0,0,1,0,found
欧洲研究,161,政治学,CSSCI,2019,4,2019年第4期,True,True,3,3,0,0,3,0,found
欧洲研究,161,政治学,CSSCI,2019,5,2019年第5期,True,True,3,3,0,0,3,0,found
欧洲研究,161,政治学,CSSCI,2019,6,2019年第6期,True,False,0,0,0,0,0,0,not_found_in_public_sources
欧洲研究,161,政治学,CSSCI,2020,1,2020年第1期,True,True,1,1,0,0,1,0,found
欧洲研究,161,政治学,CSSCI,2020,2,2020年第2期,True,False,0,0,0,0,0,0,not_found_in_public_sources
欧洲研究,161,政治学,CSSCI,2020,3,2020年第3期,True,False,0,0,0,0,0,0,not_found_in_public_sources
欧洲研究,161,政治学,CSSCI,2020,4,2020年第4期,True,False,0,0,0,0,0,0,not_found_in_public_sources
欧洲研究,161,政治学,CSSCI,2020,5,2020年第5期,True,False,0,0,0,0,0,0,not_found_in_public_sources
欧洲研究,161,政治学,CSSCI,2020,6,2020年第6期,True,False,0,0,0,0,0,0,not_found_in_public_sources
欧洲研究,161,政治学,CSSCI,2021,1,2021年第1期,True,False,0,0,0,0,0,0,not_found_in_public_sources
欧洲研究,161,政治学,CSSCI,2021,2,2021年第2期,True,False,0,0,0,0,0,0,not_found_in_public_sources
欧洲研究,161,政治学,CSSCI,2021,3,2021年第3期,True,False,0,0,0,0,0,0,not_found_in_public_sources
欧洲研究,161,政治学,CSSCI,2021,4,2021年第4期,True,False,0,0,0,0,0,0,not_found_in_public_sources
欧洲研究,161,政治学,CSSCI,2021,5,2021年第5期,True,False,0,0,0,0,0,0,not_found_in_public_sources
欧洲研究,161,政治学,CSSCI,2021,6,2021年第6期,True,False,0,0,0,0,0,0,not_found_in_public_sources
欧洲研究,161,政治学,CSSCI,2022,1,2022年第1期,True,False,0,0,0,0,0,0,not_found_in_public_sources
欧洲研究,161,政治学,CSSCI,2022,2,2022年第2期,True,False,0,0,0,0,0,0,not_found_in_public_sources
欧洲研究,161,政治学,CSSCI,2022,3,2022年第3期,True,False,0,0,0,0,0,0,not_found_in_public_sources
欧洲研究,161,政治学,CSSCI,2022,4,2022年第4期,True,False,0,0,0,0,0,0,not_found_in_public_sources
欧洲研究,161,政治学,CSSCI,2022,5,2022年第5期,True,False,0,0,0,0,0,0,not_found_in_public_sources
欧洲研究,161,政治学,CSSCI,2022,6,2022年第6期,True,False,0,0,0,0,0,0,not_found_in_public_sources
欧洲研究,161,政治学,CSSCI,2023,1,2023年第1期,True,False,0,0,0,0,0,0,not_found_in_public_sources
欧洲研究,161,政治学,CSSCI,2023,2,2023年第2期,True,False,0,0,0,0,0,0,not_found_in_public_sources
欧洲研究,161,政治学,CSSCI,2023,3,2023年第3期,True,False,0,0,0,0,0,0,not_found_in_public_sources
欧洲研究,161,政治学,CSSCI,2023,4,2023年第4期,True,False,0,0,0,0,0,0,not_found_in_public_sources
欧洲研究,161,政治学,CSSCI,2023,5,2023年第5期,True,False,0,0,0,0,0,0,not_found_in_public_sources
欧洲研究,161,政治学,CSSCI,2023,6,2023年第6期,True,False,0,0,0,0,0,0,not_found_in_public_sources
欧洲研究,161,政治学,CSSCI,2024,1,2024年第1期,True,False,0,0,0,0,0,0,not_found_in_public_sources
欧洲研究,161,政治学,CSSCI,2024,2,2024年第2期,True,False,0,0,0,0,0,0,not_found_in_public_sources
欧洲研究,161,政治学,CSSCI,2024,3,2024年第3期,True,False,0,0,0,0,0,0,not_found_in_public_sources
欧洲研究,161,政治学,CSSCI,2024,4,2024年第4期,True,False,0,0,0,0,0,0,not_found_in_public_sources
欧洲研究,161,政治学,CSSCI,2024,5,2024年第5期,True,False,0,0,0,0,0,0,not_found_in_public_sources
欧洲研究,161,政治学,CSSCI,2024,6,2024年第6期,True,False,0,0,0,0,0,0,not_found_in_public_sources
欧洲研究,161,政治学,CSSCI,2025,1,2025年第1期,True,False,0,0,0,0,0,0,not_found_in_public_sources
欧洲研究,161,政治学,CSSCI,2025,2,2025年第2期,True,False,0,0,0,0,0,0,not_found_in_public_sources
欧洲研究,161,政治学,CSSCI,2025,3,2025年第3期,True,False,0,0,0,0,0,0,not_found_in_public_sources
欧洲研究,161,政治学,CSSCI,2025,4,2025年第4期,True,False,0,0,0,0,0,0,not_found_in_public_sources
欧洲研究,161,政治学,CSSCI,2025,5,2025年第5期,True,False,0,0,0,0,0,0,not_found_in_public_sources
欧洲研究,161,政治学,CSSCI,2025,6,2025年第6期,True,False,0,0,0,0,0,0,not_found_in_public_sources
美国研究,162,政治学,CSSCI,1987,1,1987年第1期,True,False,0,0,0,0,0,0,not_found_in_public_sources
美国研究,162,政治学,CSSCI,1987,2,1987年第2期,True,False,0,0,0,0,0,0,not_found_in_public_sources
美国研究,162,政治学,CSSCI,1987,3,1987年第3期,True,True,1,1,0,0,1,0,found
美国研究,162,政治学,CSSCI,1987,4,1987年第4期,True,True,1,1,0,0,1,0,found
美国研究,162,政治学,CSSCI,1987,5,1987年第5期,True,False,0,0,0,0,0,0,not_found_in_public_sources
美国研究,162,政治学,CSSCI,1987,6,1987年第6期,True,False,0,0,0,0,0,0,not_found_in_public_sources
美国研究,162,政治学,CSSCI,1988,1,1988年第1期,True,True,1,1,0,0,1,0,found
美国研究,162,政治学,CSSCI,1988,2,1988年第2期,True,True,1,1,0,0,1,0,found
美国研究,162,政治学,CSSCI,1988,3,1988年第3期,True,True,3,3,0,0,3,0,found
美国研究,162,政治学,CSSCI,1988,4,1988年第4期,True,True,2,2,0,0,2,0,found
美国研究,162,政治学,CSSCI,1988,5,1988年第5期,True,True,1,1,0,0,1,0,found
美国研究,162,政治学,CSSCI,1988,6,1988年第6期,True,False,0,0,0,0,0,0,not_found_in_public_sources
美国研究,162,政治学,CSSCI,1989,1,1989年第1期,True,True,2,2,0,0,2,0,found
美国研究,162,政治学,CSSCI,1989,2,1989年第2期,True,True,2,2,0,0,2,0,found
美国研究,162,政治学,CSSCI,1989,3,1989年第3期,True,False,0,0,0,0,0,0,not_found_in_public_sources
美国研究,162,政治学,CSSCI,1989,4,1989年第4期,True,False,0,0,0,0,0,0,not_found_in_public_sources
美国研究,162,政治学,CSSCI,1989,5,1989年第5期,True,False,0,0,0,0,0,0,not_found_in_public_sources
美国研究,162,政治学,CSSCI,1989,6,1989年第6期,True,False,0,0,0,0,0,0,not_found_in_public_sources
美国研究,162,政治学,CSSCI,1990,1,1990年第1期,True,False,0,0,0,0,0,0,not_found_in_public_sources
美国研究,162,政治学,CSSCI,1990,2,1990年第2期,True,False,0,0,0,0,0,0,not_found_in_public_sources
美国研究,162,政治学,CSSCI,1990,3,1990年第3期,True,False,0,0,0,0,0,0,not_found_in_public_sources
美国研究,162,政治学,CSSCI,1990,4,1990年第4期,True,False,0,0,0,0,0,0,not_found_in_public_sources
美国研究,162,政治学,CSSCI,1990,5,1990年第5期,True,False,0,0,0,0,0,0,not_found_in_public_sources
美国研究,162,政治学,CSSCI,1990,6,1990年第6期,True,False,0,0,0,0,0,0,not_found_in_public_sources
美国研究,162,政治学,CSSCI,1991,1,1991年第1期,True,True,1,1,0,0,1,0,found
美国研究,162,政治学,CSSCI,1991,2,1991年第2期,True,True,2,2,0,0,2,0,found
美国研究,162,政治学,CSSCI,1991,3,1991年第3期,True,False,0,0,0,0,0,0,not_found_in_public_sources
美国研究,162,政治学,CSSCI,1991,4,1991年第4期,True,True,2,2,0,0,2,0,found
美国研究,162,政治学,CSSCI,1991,5,1991年第5期,True,False,0,0,0,0,0,0,not_found_in_public_sources
美国研究,162,政治学,CSSCI,1991,6,1991年第6期,True,False,0,0,0,0,0,0,not_found_in_public_sources
美国研究,162,政治学,CSSCI,1992,1,1992年第1期,True,True,2,2,0,0,2,0,found
美国研究,162,政治学,CSSCI,1992,2,1992年第2期,True,True,1,1,0,0,1,0,found
美国研究,162,政治学,CSSCI,1992,3,1992年第3期,True,False,0,0,0,0,0,0,not_found_in_public_sources
美国研究,162,政治学,CSSCI,1992,4,1992年第4期,True,False,0,0,0,0,0,0,not_found_in_public_sources
美国研究,162,政治学,CSSCI,1992,5,1992年第5期,True,False,0,0,0,0,0,0,not_found_in_public_sources
美国研究,162,政治学,CSSCI,1992,6,1992年第6期,True,False,0,0,0,0,0,0,not_found_in_public_sources
美国研究,162,政治学,CSSCI,1993,1,1993年第1期,True,True,3,3,0,0,3,0,found
美国研究,162,政治学,CSSCI,1993,2,1993年第2期,True,True,3,3,0,0,3,0,found
美国研究,162,政治学,CSSCI,1993,3,1993年第3期,True,True,1,1,0,0,1,0,found
美国研究,162,政治学,CSSCI,1993,4,1993年第4期,True,False,0,0,0,0,0,0,not_found_in_public_sources
美国研究,162,政治学,CSSCI,1993,5,1993年第5期,True,False,0,0,0,0,0,0,not_found_in_public_sources
美国研究,162,政治学,CSSCI,1993,6,1993年第6期,True,False,0,0,0,0,0,0,not_found_in_public_sources
美国研究,162,政治学,CSSCI,1994,1,1994年第1期,True,True,5,5,0,0,5,0,found
美国研究,162,政治学,CSSCI,1994,2,1994年第2期,True,False,0,0,0,0,0,0,not_found_in_public_sources
美国研究,162,政治学,CSSCI,1994,3,1994年第3期,True,True,4,4,0,0,4,0,found
美国研究,162,政治学,CSSCI,1994,4,1994年第4期,True,False,0,0,0,0,0,0,not_found_in_public_sources
美国研究,162,政治学,CSSCI,1994,5,1994年第5期,True,False,0,0,0,0,0,0,not_found_in_public_sources
美国研究,162,政治学,CSSCI,1994,6,1994年第6期,True,False,0,0,0,0,0,0,not_found_in_public_sources
美国研究,162,政治学,CSSCI,1995,1,1995年第1期,True,True,1,1,0,0,1,0,found
美国研究,162,政治学,CSSCI,1995,2,1995年第2期,True,True,4,4,0,0,4,0,found
美国研究,162,政治学,CSSCI,1995,3,1995年第3期,True,True,5,5,0,0,5,0,found
美国研究,162,政治学,CSSCI,1995,4,1995年第4期,True,True,2,2,0,0,2,0,found
美国研究,162,政治学,CSSCI,1995,5,1995年第5期,True,False,0,0,0,0,0,0,not_found_in_public_sources
美国研究,162,政治学,CSSCI,1995,6,1995年第6期,True,False,0,0,0,0,0,0,not_found_in_public_sources
美国研究,162,政治学,CSSCI,1996,1,1996年第1期,True,False,0,0,0,0,0,0,not_found_in_public_sources
美国研究,162,政治学,CSSCI,1996,2,1996年第2期,True,True,3,3,0,0,3,0,found
美国研究,162,政治学,CSSCI,1996,3,1996年第3期,True,True,2,2,0,0,2,0,found
美国研究,162,政治学,CSSCI,1996,4,1996年第4期,True,True,1,1,0,0,1,0,found
美国研究,162,政治学,CSSCI,1996,5,1996年第5期,True,False,0,0,0,0,0,0,not_found_in_public_sources
美国研究,162,政治学,CSSCI,1996,6,1996年第6期,True,False,0,0,0,0,0,0,not_found_in_public_sources
美国研究,162,政治学,CSSCI,1997,1,1997年第1期,True,True,1,1,0,0,1,0,found
美国研究,162,政治学,CSSCI,1997,2,1997年第2期,True,True,4,4,0,0,4,0,found
美国研究,162,政治学,CSSCI,1997,3,1997年第3期,True,True,2,2,0,0,2,0,found
美国研究,162,政治学,CSSCI,1997,4,1997年第4期,True,True,5,5,0,0,5,0,found
美国研究,162,政治学,CSSCI,1997,5,1997年第5期,True,False,0,0,0,0,0,0,not_found_in_public_sources
美国研究,162,政治学,CSSCI,1997,6,1997年第6期,True,False,0,0,0,0,0,0,not_found_in_public_sources
美国研究,162,政治学,CSSCI,1998,1,1998年第1期,True,True,2,2,0,0,2,0,found
美国研究,162,政治学,CSSCI,1998,2,1998年第2期,True,True,3,3,0,0,3,0,found
美国研究,162,政治学,CSSCI,1998,3,1998年第3期,True,True,2,2,0,0,2,0,found
美国研究,162,政治学,CSSCI,1998,4,1998年第4期,True,True,4,4,0,0,4,0,found
美国研究,162,政治学,CSSCI,1998,5,1998年第5期,True,False,0,0,0,0,0,0,not_found_in_public_sources
美国研究,162,政治学,CSSCI,1998,6,1998年第6期,True,False,0,0,0,0,0,0,not_found_in_public_sources
美国研究,162,政治学,CSSCI,1999,1,1999年第1期,True,True,2,2,0,0,2,0,found
美国研究,162,政治学,CSSCI,1999,2,1999年第2期,True,True,2,2,0,0,2,0,found
美国研究,162,政治学,CSSCI,1999,3,1999年第3期,True,True,3,3,0,0,3,0,found
美国研究,162,政治学,CSSCI,1999,4,1999年第4期,True,False,0,0,0,0,0,0,not_found_in_public_sources
美国研究,162,政治学,CSSCI,1999,5,1999年第5期,True,False,0,0,0,0,0,0,not_found_in_public_sources
美国研究,162,政治学,CSSCI,1999,6,1999年第6期,True,False,0,0,0,0,0,0,not_found_in_public_sources
美国研究,162,政治学,CSSCI,2000,1,2000年第1期,True,True,1,1,0,0,1,0,found
美国研究,162,政治学,CSSCI,2000,2,2000年第2期,True,False,0,0,0,0,0,0,not_found_in_public_sources
美国研究,162,政治学,CSSCI,2000,3,2000年第3期,True,True,1,1,0,0,1,0,found
美国研究,162,政治学,CSSCI,2000,4,2000年第4期,True,False,0,0,0,0,0,0,not_found_in_public_sources
美国研究,162,政治学,CSSCI,2000,5,2000年第5期,True,False,0,0,0,0,0,0,not_found_in_public_sources
美国研究,162,政治学,CSSCI,2000,6,2000年第6期,True,False,0,0,0,0,0,0,not_found_in_public_sources
美国研究,162,政治学,CSSCI,2001,1,2001年第1期,True,True,2,2,0,0,2,0,found
美国研究,162,政治学,CSSCI,2001,2,2001年第2期,True,True,3,3,0,0,3,0,found
美国研究,162,政治学,CSSCI,2001,3,2001年第3期,True,True,4,4,0,0,4,0,found
美国研究,162,政治学,CSSCI,2001,4,2001年第4期,True,True,5,5,0,0,5,0,found
美国研究,162,政治学,CSSCI,2001,5,2001年第5期,True,False,0,0,0,0,0,0,not_found_in_public_sources
美国研究,162,政治学,CSSCI,2001,6,2001年第6期,True,False,0,0,0,0,0,0,not_found_in_public_sources
美国研究,162,政治学,CSSCI,2002,1,2002年第1期,True,True,7,7,0,0,7,0,found
美国研究,162,政治学,CSSCI,2002,2,2002年第2期,True,True,3,3,0,0,3,0,found
美国研究,162,政治学,CSSCI,2002,3,2002年第3期,True,True,4,4,0,0,4,0,found
美国研究,162,政治学,CSSCI,2002,4,2002年第4期,True,True,1,1,0,0,1,0,found
美国研究,162,政治学,CSSCI,2002,5,2002年第5期,True,False,0,0,0,0,0,0,not_found_in_public_sources
美国研究,162,政治学,CSSCI,2002,6,2002年第6期,True,False,0,0,0,0,0,0,not_found_in_public_sources
美国研究,162,政治学,CSSCI,2003,1,2003年第1期,True,True,3,3,0,0,3,0,found
美国研究,162,政治学,CSSCI,2003,2,2003年第2期,True,True,5,5,0,0,5,0,found
美国研究,162,政治学,CSSCI,2003,3,2003年第3期,True,True,4,4,0,0,4,0,found
美国研究,162,政治学,CSSCI,2003,4,2003年第4期,True,True,4,4,0,0,4,0,found
美国研究,162,政治学,CSSCI,2003,5,2003年第5期,True,False,0,0,0,0,0,0,not_found_in_public_sources
美国研究,162,政治学,CSSCI,2003,6,2003年第6期,True,False,0,0,0,0,0,0,not_found_in_public_sources
美国研究,162,政治学,CSSCI,2004,1,2004年第1期,True,True,4,4,0,0,4,0,found
美国研究,162,政治学,CSSCI,2004,2,2004年第2期,True,True,3,3,0,0,3,0,found
美国研究,162,政治学,CSSCI,2004,3,2004年第3期,True,True,2,2,0,0,2,0,found
美国研究,162,政治学,CSSCI,2004,4,2004年第4期,True,True,3,3,0,0,3,0,found
美国研究,162,政治学,CSSCI,2004,5,2004年第5期,True,False,0,0,0,0,0,0,not_found_in_public_sources
美国研究,162,政治学,CSSCI,2004,6,2004年第6期,True,False,0,0,0,0,0,0,not_found_in_public_sources
美国研究,162,政治学,CSSCI,2005,1,2005年第1期,True,True,7,7,0,0,7,0,found
美国研究,162,政治学,CSSCI,2005,2,2005年第2期,True,True,2,2,0,0,2,0,found
美国研究,162,政治学,CSSCI,2005,3,2005年第3期,True,True,4,4,0,0,4,0,found
美国研究,162,政治学,CSSCI,2005,4,2005年第4期,True,True,1,1,0,0,1,0,found
美国研究,162,政治学,CSSCI,2005,5,2005年第5期,True,False,0,0,0,0,0,0,not_found_in_public_sources
美国研究,162,政治学,CSSCI,2005,6,2005年第6期,True,False,0,0,0,0,0,0,not_found_in_public_sources
美国研究,162,政治学,CSSCI,2006,1,2006年第1期,True,True,2,2,0,0,2,0,found
美国研究,162,政治学,CSSCI,2006,2,2006年第2期,True,True,2,2,0,0,2,0,found
美国研究,162,政治学,CSSCI,2006,3,2006年第3期,True,True,5,5,0,0,5,0,found
美国研究,162,政治学,CSSCI,2006,4,2006年第4期,True,True,2,2,0,0,2,0,found
美国研究,162,政治学,CSSCI,2006,5,2006年第5期,True,False,0,0,0,0,0,0,not_found_in_public_sources
美国研究,162,政治学,CSSCI,2006,6,2006年第6期,True,False,0,0,0,0,0,0,not_found_in_public_sources
美国研究,162,政治学,CSSCI,2007,1,2007年第1期,True,True,5,5,0,0,5,0,found
美国研究,162,政治学,CSSCI,2007,2,2007年第2期,True,False,0,0,0,0,0,0,not_found_in_public_sources
美国研究,162,政治学,CSSCI,2007,3,2007年第3期,True,True,4,4,0,0,4,0,found
美国研究,162,政治学,CSSCI,2007,4,2007年第4期,True,True,2,2,0,0,2,0,found
美国研究,162,政治学,CSSCI,2007,5,2007年第5期,True,False,0,0,0,0,0,0,not_found_in_public_sources
美国研究,162,政治学,CSSCI,2007,6,2007年第6期,True,False,0,0,0,0,0,0,not_found_in_public_sources
美国研究,162,政治学,CSSCI,2008,1,2008年第1期,True,True,6,6,0,0,6,0,found
美国研究,162,政治学,CSSCI,2008,2,2008年第2期,True,True,3,3,0,0,3,0,found
美国研究,162,政治学,CSSCI,2008,3,2008年第3期,True,True,4,4,0,0,4,0,found
美国研究,162,政治学,CSSCI,2008,4,2008年第4期,True,True,1,1,0,0,1,0,found
美国研究,162,政治学,CSSCI,2008,5,2008年第5期,True,False,0,0,0,0,0,0,not_found_in_public_sources
美国研究,162,政治学,CSSCI,2008,6,2008年第6期,True,False,0,0,0,0,0,0,not_found_in_public_sources
美国研究,162,政治学,CSSCI,2009,1,2009年第1期,True,True,4,4,0,0,4,0,found
美国研究,162,政治学,CSSCI,2009,2,2009年第2期,True,True,3,3,0,0,3,0,found
美国研究,162,政治学,CSSCI,2009,3,2009年第3期,True,True,1,1,0,0,1,0,found
美国研究,162,政治学,CSSCI,2009,4,2009年第4期,True,True,4,4,0,0,4,0,found
美国研究,162,政治学,CSSCI,2009,5,2009年第5期,True,False,0,0,0,0,0,0,not_found_in_public_sources
美国研究,162,政治学,CSSCI,2009,6,2009年第6期,True,False,0,0,0,0,0,0,not_found_in_public_sources
美国研究,162,政治学,CSSCI,2010,1,2010年第1期,True,True,3,3,0,0,3,0,found
美国研究,162,政治学,CSSCI,2010,2,2010年第2期,True,True,1,1,0,0,1,0,found
美国研究,162,政治学,CSSCI,2010,3,2010年第3期,True,True,2,2,0,0,2,0,found
美国研究,162,政治学,CSSCI,2010,4,2010年第4期,True,True,2,2,0,0,2,0,found
美国研究,162,政治学,CSSCI,2010,5,2010年第5期,True,False,0,0,0,0,0,0,not_found_in_public_sources
美国研究,162,政治学,CSSCI,2010,6,2010年第6期,True,False,0,0,0,0,0,0,not_found_in_public_sources
美国研究,162,政治学,CSSCI,2011,1,2011年第1期,True,True,2,2,0,0,2,0,found
美国研究,162,政治学,CSSCI,2011,2,2011年第2期,True,True,3,3,0,0,3,0,found
美国研究,162,政治学,CSSCI,2011,3,2011年第3期,True,True,3,3,0,0,3,0,found
美国研究,162,政治学,CSSCI,2011,4,2011年第4期,True,True,1,1,0,0,1,0,found
美国研究,162,政治学,CSSCI,2011,5,2011年第5期,True,False,0,0,0,0,0,0,not_found_in_public_sources
美国研究,162,政治学,CSSCI,2011,6,2011年第6期,True,False,0,0,0,0,0,0,not_found_in_public_sources
美国研究,162,政治学,CSSCI,2012,1,2012年第1期,True,True,3,3,0,0,3,0,found
美国研究,162,政治学,CSSCI,2012,2,2012年第2期,True,True,3,3,0,0,3,0,found
美国研究,162,政治学,CSSCI,2012,3,2012年第3期,True,True,7,7,0,0,7,0,found
美国研究,162,政治学,CSSCI,2012,4,2012年第4期,True,True,4,4,0,0,4,0,found
美国研究,162,政治学,CSSCI,2012,5,2012年第5期,True,False,0,0,0,0,0,0,not_found_in_public_sources
美国研究,162,政治学,CSSCI,2012,6,2012年第6期,True,False,0,0,0,0,0,0,not_found_in_public_sources
美国研究,162,政治学,CSSCI,2013,1,2013年第1期,True,True,2,2,0,0,2,0,found
美国研究,162,政治学,CSSCI,2013,2,2013年第2期,True,True,6,6,0,0,6,0,found
美国研究,162,政治学,CSSCI,2013,3,2013年第3期,True,True,1,1,0,0,1,0,found
美国研究,162,政治学,CSSCI,2013,4,2013年第4期,True,True,5,5,0,0,5,0,found
美国研究,162,政治学,CSSCI,2013,5,2013年第5期,True,False,0,0,0,0,0,0,not_found_in_public_sources
美国研究,162,政治学,CSSCI,2013,6,2013年第6期,True,False,0,0,0,0,0,0,not_found_in_public_sources
美国研究,162,政治学,CSSCI,2014,1,2014年第1期,True,True,2,2,0,0,2,0,found
美国研究,162,政治学,CSSCI,2014,2,2014年第2期,True,True,2,2,0,0,2,0,found
美国研究,162,政治学,CSSCI,2014,3,2014年第3期,True,True,4,4,0,0,4,0,found
美国研究,162,政治学,CSSCI,2014,4,2014年第4期,True,True,3,3,0,0,3,0,found
美国研究,162,政治学,CSSCI,2014,5,2014年第5期,True,True,3,3,0,0,3,0,found
美国研究,162,政治学,CSSCI,2014,6,2014年第6期,True,True,2,2,0,0,2,0,found
美国研究,162,政治学,CSSCI,2015,1,2015年第1期,True,True,3,3,0,0,3,0,found
美国研究,162,政治学,CSSCI,2015,2,2015年第2期,True,True,4,4,0,0,4,0,found
美国研究,162,政治学,CSSCI,2015,3,2015年第3期,True,True,4,4,0,0,4,0,found
美国研究,162,政治学,CSSCI,2015,4,2015年第4期,True,True,1,1,0,0,1,0,found
美国研究,162,政治学,CSSCI,2015,5,2015年第5期,True,True,4,4,0,0,4,0,found
美国研究,162,政治学,CSSCI,2015,6,2015年第6期,True,True,5,5,0,0,5,0,found
美国研究,162,政治学,CSSCI,2016,1,2016年第1期,True,True,3,3,0,0,3,0,found
美国研究,162,政治学,CSSCI,2016,2,2016年第2期,True,True,2,2,0,0,2,0,found
美国研究,162,政治学,CSSCI,2016,3,2016年第3期,True,True,6,6,0,0,6,0,found
美国研究,162,政治学,CSSCI,2016,4,2016年第4期,True,True,3,3,0,0,3,0,found
美国研究,162,政治学,CSSCI,2016,5,2016年第5期,True,False,0,0,0,0,0,0,not_found_in_public_sources
美国研究,162,政治学,CSSCI,2016,6,2016年第6期,True,True,1,1,0,0,1,0,found
美国研究,162,政治学,CSSCI,2017,1,2017年第1期,True,False,0,0,0,0,0,0,not_found_in_public_sources
美国研究,162,政治学,CSSCI,2017,2,2017年第2期,True,False,0,0,0,0,0,0,not_found_in_public_sources
美国研究,162,政治学,CSSCI,2017,3,2017年第3期,True,True,1,1,0,0,1,0,found
美国研究,162,政治学,CSSCI,2017,4,2017年第4期,True,False,0,0,0,0,0,0,not_found_in_public_sources
美国研究,162,政治学,CSSCI,2017,5,2017年第5期,True,False,0,0,0,0,0,0,not_found_in_public_sources
美国研究,162,政治学,CSSCI,2017,6,2017年第6期,True,False,0,0,0,0,0,0,not_found_in_public_sources
美国研究,162,政治学,CSSCI,2018,1,2018年第1期,True,False,0,0,0,0,0,0,not_found_in_public_sources
美国研究,162,政治学,CSSCI,2018,2,2018年第2期,True,False,0,0,0,0,0,0,not_found_in_public_sources
美国研究,162,政治学,CSSCI,2018,3,2018年第3期,True,False,0,0,0,0,0,0,not_found_in_public_sources
美国研究,162,政治学,CSSCI,2018,4,2018年第4期,True,False,0,0,0,0,0,0,not_found_in_public_sources
美国研究,162,政治学,CSSCI,2018,5,2018年第5期,True,False,0,0,0,0,0,0,not_found_in_public_sources
美国研究,162,政治学,CSSCI,2018,6,2018年第6期,True,False,0,0,0,0,0,0,not_found_in_public_sources
美国研究,162,政治学,CSSCI,2019,1,2019年第1期,True,False,0,0,0,0,0,0,not_found_in_public_sources
美国研究,162,政治学,CSSCI,2019,2,2019年第2期,True,False,0,0,0,0,0,0,not_found_in_public_sources
美国研究,162,政治学,CSSCI,2019,3,2019年第3期,True,False,0,0,0,0,0,0,not_found_in_public_sources
美国研究,162,政治学,CSSCI,2019,4,2019年第4期,True,False,0,0,0,0,0,0,not_found_in_public_sources
美国研究,162,政治学,CSSCI,2019,5,2019年第5期,True,False,0,0,0,0,0,0,not_found_in_public_sources
美国研究,162,政治学,CSSCI,2019,6,2019年第6期,True,True,1,1,0,0,1,0,found
美国研究,162,政治学,CSSCI,2020,1,2020年第1期,True,False,0,0,0,0,0,0,not_found_in_public_sources
美国研究,162,政治学,CSSCI,2020,2,2020年第2期,True,False,0,0,0,0,0,0,not_found_in_public_sources
美国研究,162,政治学,CSSCI,2020,3,2020年第3期,True,False,0,0,0,0,0,0,not_found_in_public_sources
美国研究,162,政治学,CSSCI,2020,4,2020年第4期,True,False,0,0,0,0,0,0,not_found_in_public_sources
美国研究,162,政治学,CSSCI,2020,5,2020年第5期,True,False,0,0,0,0,0,0,not_found_in_public_sources
美国研究,162,政治学,CSSCI,2020,6,2020年第6期,True,False,0,0,0,0,0,0,not_found_in_public_sources
美国研究,162,政治学,CSSCI,2021,1,2021年第1期,True,False,0,0,0,0,0,0,not_found_in_public_sources
美国研究,162,政治学,CSSCI,2021,2,2021年第2期,True,False,0,0,0,0,0,0,not_found_in_public_sources
美国研究,162,政治学,CSSCI,2021,3,2021年第3期,True,False,0,0,0,0,0,0,not_found_in_public_sources
美国研究,162,政治学,CSSCI,2021,4,2021年第4期,True,False,0,0,0,0,0,0,not_found_in_public_sources
美国研究,162,政治学,CSSCI,2021,5,2021年第5期,True,False,0,0,0,0,0,0,not_found_in_public_sources
美国研究,162,政治学,CSSCI,2021,6,2021年第6期,True,False,0,0,0,0,0,0,not_found_in_public_sources
美国研究,162,政治学,CSSCI,2022,1,2022年第1期,True,False,0,0,0,0,0,0,not_found_in_public_sources
美国研究,162,政治学,CSSCI,2022,2,2022年第2期,True,False,0,0,0,0,0,0,not_found_in_public_sources
美国研究,162,政治学,CSSCI,2022,3,2022年第3期,True,False,0,0,0,0,0,0,not_found_in_public_sources
美国研究,162,政治学,CSSCI,2022,4,2022年第4期,True,False,0,0,0,0,0,0,not_found_in_public_sources
美国研究,162,政治学,CSSCI,2022,5,2022年第5期,True,False,0,0,0,0,0,0,not_found_in_public_sources
美国研究,162,政治学,CSSCI,2022,6,2022年第6期,True,False,0,0,0,0,0,0,not_found_in_public_sources
美国研究,162,政治学,CSSCI,2023,1,2023年第1期,True,False,0,0,0,0,0,0,not_found_in_public_sources
美国研究,162,政治学,CSSCI,2023,2,2023年第2期,True,False,0,0,0,0,0,0,not_found_in_public_sources
美国研究,162,政治学,CSSCI,2023,3,2023年第3期,True,False,0,0,0,0,0,0,not_found_in_public_sources
美国研究,162,政治学,CSSCI,2023,4,2023年第4期,True,False,0,0,0,0,0,0,not_found_in_public_sources
美国研究,162,政治学,CSSCI,2023,5,2023年第5期,True,False,0,0,0,0,0,0,not_found_in_public_sources
美国研究,162,政治学,CSSCI,2023,6,2023年第6期,True,False,0,0,0,0,0,0,not_found_in_public_sources
美国研究,162,政治学,CSSCI,2024,1,2024年第1期,True,False,0,0,0,0,0,0,not_found_in_public_sources
美国研究,162,政治学,CSSCI,2024,2,2024年第2期,True,False,0,0,0,0,0,0,not_found_in_public_sources
美国研究,162,政治学,CSSCI,2024,3,2024年第3期,True,False,0,0,0,0,0,0,not_found_in_public_sources
美国研究,162,政治学,CSSCI,2024,4,2024年第4期,True,False,0,0,0,0,0,0,not_found_in_public_sources
美国研究,162,政治学,CSSCI,2024,5,2024年第5期,True,False,0,0,0,0,0,0,not_found_in_public_sources
美国研究,162,政治学,CSSCI,2024,6,2024年第6期,True,False,0,0,0,0,0,0,not_found_in_public_sources
美国研究,162,政治学,CSSCI,2025,1,2025年第1期,True,False,0,0,0,0,0,0,not_found_in_public_sources
美国研究,162,政治学,CSSCI,2025,2,2025年第2期,True,False,0,0,0,0,0,0,not_found_in_public_sources
美国研究,162,政治学,CSSCI,2025,3,2025年第3期,True,False,0,0,0,0,0,0,not_found_in_public_sources
美国研究,162,政治学,CSSCI,2025,4,2025年第4期,True,False,0,0,0,0,0,0,not_found_in_public_sources
美国研究,162,政治学,CSSCI,2025,5,2025年第5期,True,False,0,0,0,0,0,0,not_found_in_public_sources
美国研究,162,政治学,CSSCI,2025,6,2025年第6期,True,False,0,0,0,0,0,0,not_found_in_public_sources
日本学刊,163,政治学,CSSCI,1961,1,1961年第1期,True,True,2,2,0,0,2,0,found
日本学刊,163,政治学,CSSCI,1961,2,1961年第2期,True,False,0,0,0,0,0,0,not_found_in_public_sources
日本学刊,163,政治学,CSSCI,1962,1,1962年第1期,True,False,0,0,0,0,0,0,not_found_in_public_sources
日本学刊,163,政治学,CSSCI,1962,2,1962年第2期,True,True,1,1,0,0,1,0,found
日本学刊,163,政治学,CSSCI,1963,1,1963年第1期,True,False,0,0,0,0,0,0,not_found_in_public_sources
日本学刊,163,政治学,CSSCI,1963,2,1963年第2期,True,False,0,0,0,0,0,0,not_found_in_public_sources
日本学刊,163,政治学,CSSCI,1964,1,1964年第1期,True,False,0,0,0,0,0,0,not_found_in_public_sources
日本学刊,163,政治学,CSSCI,1964,2,1964年第2期,True,False,0,0,0,0,0,0,not_found_in_public_sources
日本学刊,163,政治学,CSSCI,1965,1,1965年第1期,True,False,0,0,0,0,0,0,not_found_in_public_sources
日本学刊,163,政治学,CSSCI,1965,2,1965年第2期,True,False,0,0,0,0,0,0,not_found_in_public_sources
日本学刊,163,政治学,CSSCI,1966,1,1966年第1期,True,False,0,0,0,0,0,0,not_found_in_public_sources
日本学刊,163,政治学,CSSCI,1966,2,1966年第2期,True,False,0,0,0,0,0,0,not_found_in_public_sources
日本学刊,163,政治学,CSSCI,1967,1,1967年第1期,True,False,0,0,0,0,0,0,not_found_in_public_sources
日本学刊,163,政治学,CSSCI,1967,2,1967年第2期,True,False,0,0,0,0,0,0,not_found_in_public_sources
日本学刊,163,政治学,CSSCI,1968,1,1968年第1期,True,False,0,0,0,0,0,0,not_found_in_public_sources
日本学刊,163,政治学,CSSCI,1968,2,1968年第2期,True,False,0,0,0,0,0,0,not_found_in_public_sources
日本学刊,163,政治学,CSSCI,1969,1,1969年第1期,True,False,0,0,0,0,0,0,not_found_in_public_sources
日本学刊,163,政治学,CSSCI,1969,2,1969年第2期,True,False,0,0,0,0,0,0,not_found_in_public_sources
日本学刊,163,政治学,CSSCI,1970,1,1970年第1期,True,False,0,0,0,0,0,0,not_found_in_public_sources
日本学刊,163,政治学,CSSCI,1970,2,1970年第2期,True,True,1,1,0,0,1,0,found
日本学刊,163,政治学,CSSCI,1971,1,1971年第1期,True,False,0,0,0,0,0,0,not_found_in_public_sources
日本学刊,163,政治学,CSSCI,1971,2,1971年第2期,True,False,0,0,0,0,0,0,not_found_in_public_sources
日本学刊,163,政治学,CSSCI,1972,1,1972年第1期,True,False,0,0,0,0,0,0,not_found_in_public_sources
日本学刊,163,政治学,CSSCI,1972,2,1972年第2期,True,False,0,0,0,0,0,0,not_found_in_public_sources
日本学刊,163,政治学,CSSCI,1973,1,1973年第1期,True,False,0,0,0,0,0,0,not_found_in_public_sources
日本学刊,163,政治学,CSSCI,1973,2,1973年第2期,True,False,0,0,0,0,0,0,not_found_in_public_sources
日本学刊,163,政治学,CSSCI,1974,1,1974年第1期,True,False,0,0,0,0,0,0,not_found_in_public_sources
日本学刊,163,政治学,CSSCI,1974,2,1974年第2期,True,False,0,0,0,0,0,0,not_found_in_public_sources
日本学刊,163,政治学,CSSCI,1975,1,1975年第1期,True,False,0,0,0,0,0,0,not_found_in_public_sources
日本学刊,163,政治学,CSSCI,1975,2,1975年第2期,True,False,0,0,0,0,0,0,not_found_in_public_sources
日本学刊,163,政治学,CSSCI,1976,1,1976年第1期,True,True,1,1,0,0,1,0,found
日本学刊,163,政治学,CSSCI,1976,2,1976年第2期,True,False,0,0,0,0,0,0,not_found_in_public_sources
日本学刊,163,政治学,CSSCI,1977,1,1977年第1期,True,False,0,0,0,0,0,0,not_found_in_public_sources
日本学刊,163,政治学,CSSCI,1977,2,1977年第2期,True,False,0,0,0,0,0,0,not_found_in_public_sources
日本学刊,163,政治学,CSSCI,1978,1,1978年第1期,True,False,0,0,0,0,0,0,not_found_in_public_sources
日本学刊,163,政治学,CSSCI,1978,2,1978年第2期,True,False,0,0,0,0,0,0,not_found_in_public_sources
日本学刊,163,政治学,CSSCI,1979,1,1979年第1期,True,False,0,0,0,0,0,0,not_found_in_public_sources
日本学刊,163,政治学,CSSCI,1979,2,1979年第2期,True,False,0,0,0,0,0,0,not_found_in_public_sources
日本学刊,163,政治学,CSSCI,1980,1,1980年第1期,True,True,2,2,0,0,2,0,found
日本学刊,163,政治学,CSSCI,1980,2,1980年第2期,True,False,0,0,0,0,0,0,not_found_in_public_sources
日本学刊,163,政治学,CSSCI,1981,1,1981年第1期,True,False,0,0,0,0,0,0,not_found_in_public_sources
日本学刊,163,政治学,CSSCI,1981,2,1981年第2期,True,False,0,0,0,0,0,0,not_found_in_public_sources
日本学刊,163,政治学,CSSCI,1982,1,1982年第1期,True,False,0,0,0,0,0,0,not_found_in_public_sources
日本学刊,163,政治学,CSSCI,1982,2,1982年第2期,True,False,0,0,0,0,0,0,not_found_in_public_sources
日本学刊,163,政治学,CSSCI,1983,1,1983年第1期,True,True,1,1,0,0,1,0,found
日本学刊,163,政治学,CSSCI,1983,2,1983年第2期,True,False,0,0,0,0,0,0,not_found_in_public_sources
日本学刊,163,政治学,CSSCI,1984,1,1984年第1期,True,True,3,3,0,0,3,0,found
日本学刊,163,政治学,CSSCI,1984,2,1984年第2期,True,False,0,0,0,0,0,0,not_found_in_public_sources
日本学刊,163,政治学,CSSCI,1985,1,1985年第1期,True,True,2,2,0,0,2,0,found
日本学刊,163,政治学,CSSCI,1985,2,1985年第2期,True,False,0,0,0,0,0,0,not_found_in_public_sources
日本学刊,163,政治学,CSSCI,1986,1,1986年第1期,True,True,1,1,0,0,1,0,found
日本学刊,163,政治学,CSSCI,1986,2,1986年第2期,True,False,0,0,0,0,0,0,not_found_in_public_sources
日本学刊,163,政治学,CSSCI,1987,1,1987年第1期,True,True,2,2,0,0,2,0,found
日本学刊,163,政治学,CSSCI,1987,2,1987年第2期,True,False,0,0,0,0,0,0,not_found_in_public_sources
日本学刊,163,政治学,CSSCI,1988,1,1988年第1期,True,True,1,1,0,0,1,0,found
日本学刊,163,政治学,CSSCI,1988,2,1988年第2期,True,False,0,0,0,0,0,0,not_found_in_public_sources
日本学刊,163,政治学,CSSCI,1989,1,1989年第1期,True,True,3,3,0,0,3,0,found
日本学刊,163,政治学,CSSCI,1989,2,1989年第2期,True,False,0,0,0,0,0,0,not_found_in_public_sources
日本学刊,163,政治学,CSSCI,1990,1,1990年第1期,True,True,23,23,0,0,23,0,found
日本学刊,163,政治学,CSSCI,1990,2,1990年第2期,True,False,0,0,0,0,0,0,not_found_in_public_sources
日本学刊,163,政治学,CSSCI,1991,1,1991年第1期,True,False,0,0,0,0,0,0,not_found_in_public_sources
日本学刊,163,政治学,CSSCI,1991,2,1991年第2期,True,False,0,0,0,0,0,0,not_found_in_public_sources
日本学刊,163,政治学,CSSCI,1992,1,1992年第1期,True,False,0,0,0,0,0,0,not_found_in_public_sources
日本学刊,163,政治学,CSSCI,1992,2,1992年第2期,True,False,0,0,0,0,0,0,not_found_in_public_sources
日本学刊,163,政治学,CSSCI,1993,1,1993年第1期,True,True,33,33,0,0,33,0,found
日本学刊,163,政治学,CSSCI,1993,2,1993年第2期,True,False,0,0,0,0,0,0,not_found_in_public_sources
日本学刊,163,政治学,CSSCI,1994,1,1994年第1期,True,False,0,0,0,0,0,0,not_found_in_public_sources
日本学刊,163,政治学,CSSCI,1994,2,1994年第2期,True,False,0,0,0,0,0,0,not_found_in_public_sources
日本学刊,163,政治学,CSSCI,1995,1,1995年第1期,True,True,1,1,0,0,1,0,found
日本学刊,163,政治学,CSSCI,1995,2,1995年第2期,True,False,0,0,0,0,0,0,not_found_in_public_sources
日本学刊,163,政治学,CSSCI,1996,1,1996年第1期,True,False,0,0,0,0,0,0,not_found_in_public_sources
日本学刊,163,政治学,CSSCI,1996,2,1996年第2期,True,False,0,0,0,0,0,0,not_found_in_public_sources
日本学刊,163,政治学,CSSCI,1997,1,1997年第1期,True,True,2,2,0,0,2,0,found
日本学刊,163,政治学,CSSCI,1997,2,1997年第2期,True,False,0,0,0,0,0,0,not_found_in_public_sources
日本学刊,163,政治学,CSSCI,1998,1,1998年第1期,True,True,2,2,0,0,2,0,found
日本学刊,163,政治学,CSSCI,1998,2,1998年第2期,True,False,0,0,0,0,0,0,not_found_in_public_sources
日本学刊,163,政治学,CSSCI,1999,1,1999年第1期,True,False,0,0,0,0,0,0,not_found_in_public_sources
日本学刊,163,政治学,CSSCI,1999,2,1999年第2期,True,False,0,0,0,0,0,0,not_found_in_public_sources
日本学刊,163,政治学,CSSCI,2000,1,2000年第1期,True,True,1,1,0,0,1,0,found
日本学刊,163,政治学,CSSCI,2000,2,2000年第2期,True,False,0,0,0,0,0,0,not_found_in_public_sources
日本学刊,163,政治学,CSSCI,2001,1,2001年第1期,True,True,38,38,0,0,38,0,found
日本学刊,163,政治学,CSSCI,2001,2,2001年第2期,True,False,0,0,0,0,0,0,not_found_in_public_sources
日本学刊,163,政治学,CSSCI,2002,1,2002年第1期,True,True,58,58,0,0,58,0,found
日本学刊,163,政治学,CSSCI,2002,2,2002年第2期,True,False,0,0,0,0,0,0,not_found_in_public_sources
日本学刊,163,政治学,CSSCI,2003,1,2003年第1期,True,True,21,21,0,0,21,0,found
日本学刊,163,政治学,CSSCI,2003,2,2003年第2期,True,False,0,0,0,0,0,0,not_found_in_public_sources
日本学刊,163,政治学,CSSCI,2004,1,2004年第1期,True,True,12,12,0,0,12,0,found
日本学刊,163,政治学,CSSCI,2004,2,2004年第2期,True,False,0,0,0,0,0,0,not_found_in_public_sources
日本学刊,163,政治学,CSSCI,2005,1,2005年第1期,True,True,51,51,0,0,51,0,found
日本学刊,163,政治学,CSSCI,2005,2,2005年第2期,True,False,0,0,0,0,0,0,not_found_in_public_sources
日本学刊,163,政治学,CSSCI,2006,1,2006年第1期,True,True,81,81,0,0,81,0,found
日本学刊,163,政治学,CSSCI,2006,2,2006年第2期,True,False,0,0,0,0,0,0,not_found_in_public_sources
日本学刊,163,政治学,CSSCI,2007,1,2007年第1期,True,True,84,84,0,0,84,0,found
日本学刊,163,政治学,CSSCI,2007,2,2007年第2期,True,False,0,0,0,0,0,0,not_found_in_public_sources
日本学刊,163,政治学,CSSCI,2008,1,2008年第1期,True,True,52,52,0,0,52,0,found
日本学刊,163,政治学,CSSCI,2008,2,2008年第2期,True,False,0,0,0,0,0,0,not_found_in_public_sources
日本学刊,163,政治学,CSSCI,2009,1,2009年第1期,True,True,15,15,0,0,15,0,found
日本学刊,163,政治学,CSSCI,2009,2,2009年第2期,True,False,0,0,0,0,0,0,not_found_in_public_sources
日本学刊,163,政治学,CSSCI,2010,1,2010年第1期,True,True,2,2,0,0,2,0,found
日本学刊,163,政治学,CSSCI,2010,2,2010年第2期,True,True,20,20,0,0,20,0,found
日本学刊,163,政治学,CSSCI,2011,1,2011年第1期,True,False,0,0,0,0,0,0,not_found_in_public_sources
日本学刊,163,政治学,CSSCI,2011,2,2011年第2期,True,True,4,4,0,0,4,0,found
日本学刊,163,政治学,CSSCI,2012,1,2012年第1期,True,False,0,0,0,0,0,0,not_found_in_public_sources
日本学刊,163,政治学,CSSCI,2012,2,2012年第2期,True,True,17,17,0,0,17,0,found
日本学刊,163,政治学,CSSCI,2013,1,2013年第1期,True,False,0,0,0,0,0,0,not_found_in_public_sources
日本学刊,163,政治学,CSSCI,2013,2,2013年第2期,True,False,0,0,0,0,0,0,not_found_in_public_sources
日本学刊,163,政治学,CSSCI,2014,1,2014年第1期,True,False,0,0,0,0,0,0,not_found_in_public_sources
日本学刊,163,政治学,CSSCI,2014,2,2014年第2期,True,False,0,0,0,0,0,0,not_found_in_public_sources
日本学刊,163,政治学,CSSCI,2015,1,2015年第1期,True,False,0,0,0,0,0,0,not_found_in_public_sources
日本学刊,163,政治学,CSSCI,2015,2,2015年第2期,True,False,0,0,0,0,0,0,not_found_in_public_sources
日本学刊,163,政治学,CSSCI,2016,1,2016年第1期,True,True,14,14,0,0,14,0,found
日本学刊,163,政治学,CSSCI,2016,2,2016年第2期,True,False,0,0,0,0,0,0,not_found_in_public_sources
日本学刊,163,政治学,CSSCI,2017,1,2017年第1期,True,False,0,0,0,0,0,0,not_found_in_public_sources
日本学刊,163,政治学,CSSCI,2017,2,2017年第2期,True,False,0,0,0,0,0,0,not_found_in_public_sources
日本学刊,163,政治学,CSSCI,2018,1,2018年第1期,True,False,0,0,0,0,0,0,not_found_in_public_sources
日本学刊,163,政治学,CSSCI,2018,2,2018年第2期,True,False,0,0,0,0,0,0,not_found_in_public_sources
日本学刊,163,政治学,CSSCI,2019,1,2019年第1期,True,False,0,0,0,0,0,0,not_found_in_public_sources
日本学刊,163,政治学,CSSCI,2019,2,2019年第2期,True,False,0,0,0,0,0,0,not_found_in_public_sources
日本学刊,163,政治学,CSSCI,2020,1,2020年第1期,True,False,0,0,0,0,0,0,not_found_in_public_sources
日本学刊,163,政治学,CSSCI,2020,2,2020年第2期,True,False,0,0,0,0,0,0,not_found_in_public_sources
日本学刊,163,政治学,CSSCI,2021,1,2021年第1期,True,False,0,0,0,0,0,0,not_found_in_public_sources
日本学刊,163,政治学,CSSCI,2021,2,2021年第2期,True,False,0,0,0,0,0,0,not_found_in_public_sources
日本学刊,163,政治学,CSSCI,2022,1,2022年第1期,True,False,0,0,0,0,0,0,not_found_in_public_sources
日本学刊,163,政治学,CSSCI,2022,2,2022年第2期,True,False,0,0,0,0,0,0,not_found_in_public_sources
日本学刊,163,政治学,CSSCI,2023,1,2023年第1期,True,False,0,0,0,0,0,0,not_found_in_public_sources
日本学刊,163,政治学,CSSCI,2023,2,2023年第2期,True,False,0,0,0,0,0,0,not_found_in_public_sources
日本学刊,163,政治学,CSSCI,2024,1,2024年第1期,True,False,0,0,0,0,0,0,not_found_in_public_sources
日本学刊,163,政治学,CSSCI,2024,2,2024年第2期,True,False,0,0,0,0,0,0,not_found_in_public_sources
日本学刊,163,政治学,CSSCI,2025,1,2025年第1期,True,False,0,0,0,0,0,0,not_found_in_public_sources
日本学刊,163,政治学,CSSCI,2025,2,2025年第2期,True,False,0,0,0,0,0,0,not_found_in_public_sources
日本学刊,163,政治学,CSSCI,2026,,2026年,False,False,0,0,0,0,0,0,2026_no_public_issue_found
当代亚太,164,政治学,CSSCI,1992,1,1992年第1期,True,True,1,1,0,0,1,0,found
当代亚太,164,政治学,CSSCI,1992,2,1992年第2期,True,False,0,0,0,0,0,0,not_found_in_public_sources
当代亚太,164,政治学,CSSCI,1992,3,1992年第3期,True,False,0,0,0,0,0,0,not_found_in_public_sources
当代亚太,164,政治学,CSSCI,1992,4,1992年第4期,True,False,0,0,0,0,0,0,not_found_in_public_sources
当代亚太,164,政治学,CSSCI,1992,5,1992年第5期,True,True,2,2,0,0,2,0,found
当代亚太,164,政治学,CSSCI,1992,6,1992年第6期,True,True,2,2,0,0,2,0,found
当代亚太,164,政治学,CSSCI,1992,7,1992年第7期,True,False,0,0,0,0,0,0,not_found_in_public_sources
当代亚太,164,政治学,CSSCI,1992,8,1992年第8期,True,False,0,0,0,0,0,0,not_found_in_public_sources
当代亚太,164,政治学,CSSCI,1992,9,1992年第9期,True,False,0,0,0,0,0,0,not_found_in_public_sources
当代亚太,164,政治学,CSSCI,1992,10,1992年第10期,True,False,0,0,0,0,0,0,not_found_in_public_sources
当代亚太,164,政治学,CSSCI,1992,11,1992年第11期,True,False,0,0,0,0,0,0,not_found_in_public_sources
当代亚太,164,政治学,CSSCI,1992,12,1992年第12期,True,False,0,0,0,0,0,0,not_found_in_public_sources
当代亚太,164,政治学,CSSCI,1993,1,1993年第1期,True,False,0,0,0,0,0,0,not_found_in_public_sources
当代亚太,164,政治学,CSSCI,1993,2,1993年第2期,True,False,0,0,0,0,0,0,not_found_in_public_sources
当代亚太,164,政治学,CSSCI,1993,3,1993年第3期,True,False,0,0,0,0,0,0,not_found_in_public_sources
当代亚太,164,政治学,CSSCI,1993,4,1993年第4期,True,False,0,0,0,0,0,0,not_found_in_public_sources
当代亚太,164,政治学,CSSCI,1993,5,1993年第5期,True,False,0,0,0,0,0,0,not_found_in_public_sources
当代亚太,164,政治学,CSSCI,1993,6,1993年第6期,True,False,0,0,0,0,0,0,not_found_in_public_sources
当代亚太,164,政治学,CSSCI,1993,7,1993年第7期,True,False,0,0,0,0,0,0,not_found_in_public_sources
当代亚太,164,政治学,CSSCI,1993,8,1993年第8期,True,False,0,0,0,0,0,0,not_found_in_public_sources
当代亚太,164,政治学,CSSCI,1993,9,1993年第9期,True,False,0,0,0,0,0,0,not_found_in_public_sources
当代亚太,164,政治学,CSSCI,1993,10,1993年第10期,True,False,0,0,0,0,0,0,not_found_in_public_sources
当代亚太,164,政治学,CSSCI,1993,11,1993年第11期,True,False,0,0,0,0,0,0,not_found_in_public_sources
当代亚太,164,政治学,CSSCI,1993,12,1993年第12期,True,False,0,0,0,0,0,0,not_found_in_public_sources
当代亚太,164,政治学,CSSCI,1994,1,1994年第1期,True,False,0,0,0,0,0,0,not_found_in_public_sources
当代亚太,164,政治学,CSSCI,1994,2,1994年第2期,True,True,1,1,0,0,1,0,found
当代亚太,164,政治学,CSSCI,1994,3,1994年第3期,True,True,1,1,0,0,1,0,found
当代亚太,164,政治学,CSSCI,1994,4,1994年第4期,True,True,2,2,0,0,2,0,found
当代亚太,164,政治学,CSSCI,1994,5,1994年第5期,True,True,5,5,0,0,5,0,found
当代亚太,164,政治学,CSSCI,1994,6,1994年第6期,True,True,5,5,0,0,5,0,found
当代亚太,164,政治学,CSSCI,1994,7,1994年第7期,True,False,0,0,0,0,0,0,not_found_in_public_sources
当代亚太,164,政治学,CSSCI,1994,8,1994年第8期,True,False,0,0,0,0,0,0,not_found_in_public_sources
当代亚太,164,政治学,CSSCI,1994,9,1994年第9期,True,False,0,0,0,0,0,0,not_found_in_public_sources
当代亚太,164,政治学,CSSCI,1994,10,1994年第10期,True,False,0,0,0,0,0,0,not_found_in_public_sources
当代亚太,164,政治学,CSSCI,1994,11,1994年第11期,True,False,0,0,0,0,0,0,not_found_in_public_sources
当代亚太,164,政治学,CSSCI,1994,12,1994年第12期,True,False,0,0,0,0,0,0,not_found_in_public_sources
当代亚太,164,政治学,CSSCI,1995,1,1995年第1期,True,True,1,1,0,0,1,0,found
当代亚太,164,政治学,CSSCI,1995,2,1995年第2期,True,True,4,4,0,0,4,0,found
当代亚太,164,政治学,CSSCI,1995,3,1995年第3期,True,True,2,2,0,0,2,0,found
当代亚太,164,政治学,CSSCI,1995,4,1995年第4期,True,True,4,4,0,0,4,0,found
当代亚太,164,政治学,CSSCI,1995,5,1995年第5期,True,True,3,3,0,0,3,0,found
当代亚太,164,政治学,CSSCI,1995,6,1995年第6期,True,False,0,0,0,0,0,0,not_found_in_public_sources
当代亚太,164,政治学,CSSCI,1995,7,1995年第7期,True,False,0,0,0,0,0,0,not_found_in_public_sources
当代亚太,164,政治学,CSSCI,1995,8,1995年第8期,True,False,0,0,0,0,0,0,not_found_in_public_sources
当代亚太,164,政治学,CSSCI,1995,9,1995年第9期,True,False,0,0,0,0,0,0,not_found_in_public_sources
当代亚太,164,政治学,CSSCI,1995,10,1995年第10期,True,False,0,0,0,0,0,0,not_found_in_public_sources
当代亚太,164,政治学,CSSCI,1995,11,1995年第11期,True,False,0,0,0,0,0,0,not_found_in_public_sources
当代亚太,164,政治学,CSSCI,1995,12,1995年第12期,True,False,0,0,0,0,0,0,not_found_in_public_sources
当代亚太,164,政治学,CSSCI,1996,1,1996年第1期,True,True,1,1,0,0,1,0,found
当代亚太,164,政治学,CSSCI,1996,2,1996年第2期,True,True,1,1,0,0,1,0,found
当代亚太,164,政治学,CSSCI,1996,3,1996年第3期,True,False,0,0,0,0,0,0,not_found_in_public_sources
当代亚太,164,政治学,CSSCI,1996,4,1996年第4期,True,True,2,2,0,0,2,0,found
当代亚太,164,政治学,CSSCI,1996,5,1996年第5期,True,False,0,0,0,0,0,0,not_found_in_public_sources
当代亚太,164,政治学,CSSCI,1996,6,1996年第6期,True,True,3,3,0,0,3,0,found
当代亚太,164,政治学,CSSCI,1996,7,1996年第7期,True,False,0,0,0,0,0,0,not_found_in_public_sources
当代亚太,164,政治学,CSSCI,1996,8,1996年第8期,True,False,0,0,0,0,0,0,not_found_in_public_sources
当代亚太,164,政治学,CSSCI,1996,9,1996年第9期,True,False,0,0,0,0,0,0,not_found_in_public_sources
当代亚太,164,政治学,CSSCI,1996,10,1996年第10期,True,False,0,0,0,0,0,0,not_found_in_public_sources
当代亚太,164,政治学,CSSCI,1996,11,1996年第11期,True,False,0,0,0,0,0,0,not_found_in_public_sources
当代亚太,164,政治学,CSSCI,1996,12,1996年第12期,True,False,0,0,0,0,0,0,not_found_in_public_sources
当代亚太,164,政治学,CSSCI,1997,1,1997年第1期,True,False,0,0,0,0,0,0,not_found_in_public_sources
当代亚太,164,政治学,CSSCI,1997,2,1997年第2期,True,True,2,2,0,0,2,0,found
当代亚太,164,政治学,CSSCI,1997,3,1997年第3期,True,True,1,1,0,0,1,0,found
当代亚太,164,政治学,CSSCI,1997,4,1997年第4期,True,True,1,1,0,0,1,0,found
当代亚太,164,政治学,CSSCI,1997,5,1997年第5期,True,True,3,3,0,0,3,0,found
当代亚太,164,政治学,CSSCI,1997,6,1997年第6期,True,True,1,1,0,0,1,0,found
当代亚太,164,政治学,CSSCI,1997,7,1997年第7期,True,False,0,0,0,0,0,0,not_found_in_public_sources
当代亚太,164,政治学,CSSCI,1997,8,1997年第8期,True,False,0,0,0,0,0,0,not_found_in_public_sources
当代亚太,164,政治学,CSSCI,1997,9,1997年第9期,True,False,0,0,0,0,0,0,not_found_in_public_sources
当代亚太,164,政治学,CSSCI,1997,10,1997年第10期,True,False,0,0,0,0,0,0,not_found_in_public_sources
当代亚太,164,政治学,CSSCI,1997,11,1997年第11期,True,False,0,0,0,0,0,0,not_found_in_public_sources
当代亚太,164,政治学,CSSCI,1997,12,1997年第12期,True,False,0,0,0,0,0,0,not_found_in_public_sources
当代亚太,164,政治学,CSSCI,1998,1,1998年第1期,True,True,1,1,0,0,1,0,found
当代亚太,164,政治学,CSSCI,1998,2,1998年第2期,True,True,1,1,0,0,1,0,found
当代亚太,164,政治学,CSSCI,1998,3,1998年第3期,True,True,1,1,0,0,1,0,found
当代亚太,164,政治学,CSSCI,1998,4,1998年第4期,True,True,3,3,0,0,3,0,found
当代亚太,164,政治学,CSSCI,1998,5,1998年第5期,True,False,0,0,0,0,0,0,not_found_in_public_sources
当代亚太,164,政治学,CSSCI,1998,6,1998年第6期,True,True,1,1,0,0,1,0,found
当代亚太,164,政治学,CSSCI,1998,7,1998年第7期,True,False,0,0,0,0,0,0,not_found_in_public_sources
当代亚太,164,政治学,CSSCI,1998,8,1998年第8期,True,False,0,0,0,0,0,0,not_found_in_public_sources
当代亚太,164,政治学,CSSCI,1998,9,1998年第9期,True,False,0,0,0,0,0,0,not_found_in_public_sources
当代亚太,164,政治学,CSSCI,1998,10,1998年第10期,True,False,0,0,0,0,0,0,not_found_in_public_sources
当代亚太,164,政治学,CSSCI,1998,11,1998年第11期,True,True,1,1,0,0,1,0,found
当代亚太,164,政治学,CSSCI,1998,12,1998年第12期,True,False,0,0,0,0,0,0,not_found_in_public_sources
当代亚太,164,政治学,CSSCI,1999,1,1999年第1期,True,True,2,2,0,0,2,0,found
当代亚太,164,政治学,CSSCI,1999,2,1999年第2期,True,True,1,1,0,0,1,0,found
当代亚太,164,政治学,CSSCI,1999,3,1999年第3期,True,True,2,2,0,0,2,0,found
当代亚太,164,政治学,CSSCI,1999,4,1999年第4期,True,False,0,0,0,0,0,0,not_found_in_public_sources
当代亚太,164,政治学,CSSCI,1999,5,1999年第5期,True,False,0,0,0,0,0,0,not_found_in_public_sources
当代亚太,164,政治学,CSSCI,1999,6,1999年第6期,True,True,1,1,0,0,1,0,found
当代亚太,164,政治学,CSSCI,1999,7,1999年第7期,True,True,2,2,0,0,2,0,found
当代亚太,164,政治学,CSSCI,1999,8,1999年第8期,True,False,0,0,0,0,0,0,not_found_in_public_sources
当代亚太,164,政治学,CSSCI,1999,9,1999年第9期,True,True,1,1,0,0,1,0,found
当代亚太,164,政治学,CSSCI,1999,10,1999年第10期,True,False,0,0,0,0,0,0,not_found_in_public_sources
当代亚太,164,政治学,CSSCI,1999,11,1999年第11期,True,True,1,1,0,0,1,0,found
当代亚太,164,政治学,CSSCI,1999,12,1999年第12期,True,False,0,0,0,0,0,0,not_found_in_public_sources
当代亚太,164,政治学,CSSCI,2000,1,2000年第1期,True,True,1,1,0,0,1,0,found
当代亚太,164,政治学,CSSCI,2000,2,2000年第2期,True,False,0,0,0,0,0,0,not_found_in_public_sources
当代亚太,164,政治学,CSSCI,2000,3,2000年第3期,True,False,0,0,0,0,0,0,not_found_in_public_sources
当代亚太,164,政治学,CSSCI,2000,4,2000年第4期,True,False,0,0,0,0,0,0,not_found_in_public_sources
当代亚太,164,政治学,CSSCI,2000,5,2000年第5期,True,False,0,0,0,0,0,0,not_found_in_public_sources
当代亚太,164,政治学,CSSCI,2000,6,2000年第6期,True,True,1,1,0,0,1,0,found
当代亚太,164,政治学,CSSCI,2000,7,2000年第7期,True,False,0,0,0,0,0,0,not_found_in_public_sources
当代亚太,164,政治学,CSSCI,2000,8,2000年第8期,True,False,0,0,0,0,0,0,not_found_in_public_sources
当代亚太,164,政治学,CSSCI,2000,9,2000年第9期,True,False,0,0,0,0,0,0,not_found_in_public_sources
当代亚太,164,政治学,CSSCI,2000,10,2000年第10期,True,False,0,0,0,0,0,0,not_found_in_public_sources
当代亚太,164,政治学,CSSCI,2000,11,2000年第11期,True,False,0,0,0,0,0,0,not_found_in_public_sources
当代亚太,164,政治学,CSSCI,2000,12,2000年第12期,True,False,0,0,0,0,0,0,not_found_in_public_sources
当代亚太,164,政治学,CSSCI,2001,1,2001年第1期,True,True,1,1,0,0,1,0,found
当代亚太,164,政治学,CSSCI,2001,2,2001年第2期,True,False,0,0,0,0,0,0,not_found_in_public_sources
当代亚太,164,政治学,CSSCI,2001,3,2001年第3期,True,True,2,2,0,0,2,0,found
当代亚太,164,政治学,CSSCI,2001,4,2001年第4期,True,False,0,0,0,0,0,0,not_found_in_public_sources
当代亚太,164,政治学,CSSCI,2001,5,2001年第5期,True,False,0,0,0,0,0,0,not_found_in_public_sources
当代亚太,164,政治学,CSSCI,2001,6,2001年第6期,True,False,0,0,0,0,0,0,not_found_in_public_sources
当代亚太,164,政治学,CSSCI,2001,7,2001年第7期,True,False,0,0,0,0,0,0,not_found_in_public_sources
当代亚太,164,政治学,CSSCI,2001,8,2001年第8期,True,False,0,0,0,0,0,0,not_found_in_public_sources
当代亚太,164,政治学,CSSCI,2001,9,2001年第9期,True,False,0,0,0,0,0,0,not_found_in_public_sources
当代亚太,164,政治学,CSSCI,2001,10,2001年第10期,True,True,1,1,0,0,1,0,found
当代亚太,164,政治学,CSSCI,2001,11,2001年第11期,True,False,0,0,0,0,0,0,not_found_in_public_sources
当代亚太,164,政治学,CSSCI,2001,12,2001年第12期,True,True,1,1,0,0,1,0,found
当代亚太,164,政治学,CSSCI,2002,1,2002年第1期,True,True,1,1,0,0,1,0,found
当代亚太,164,政治学,CSSCI,2002,2,2002年第2期,True,True,1,1,0,0,1,0,found
当代亚太,164,政治学,CSSCI,2002,3,2002年第3期,True,True,1,1,0,0,1,0,found
当代亚太,164,政治学,CSSCI,2002,4,2002年第4期,True,True,2,2,0,0,2,0,found
当代亚太,164,政治学,CSSCI,2002,5,2002年第5期,True,False,0,0,0,0,0,0,not_found_in_public_sources
当代亚太,164,政治学,CSSCI,2002,6,2002年第6期,True,False,0,0,0,0,0,0,not_found_in_public_sources
当代亚太,164,政治学,CSSCI,2002,7,2002年第7期,True,False,0,0,0,0,0,0,not_found_in_public_sources
当代亚太,164,政治学,CSSCI,2002,8,2002年第8期,True,True,1,1,0,0,1,0,found
当代亚太,164,政治学,CSSCI,2002,9,2002年第9期,True,True,1,1,0,0,1,0,found
当代亚太,164,政治学,CSSCI,2002,10,2002年第10期,True,False,0,0,0,0,0,0,not_found_in_public_sources
当代亚太,164,政治学,CSSCI,2002,11,2002年第11期,True,True,1,1,0,0,1,0,found
当代亚太,164,政治学,CSSCI,2002,12,2002年第12期,True,True,1,1,0,0,1,0,found
当代亚太,164,政治学,CSSCI,2003,1,2003年第1期,True,True,1,1,0,0,1,0,found
当代亚太,164,政治学,CSSCI,2003,2,2003年第2期,True,False,0,0,0,0,0,0,not_found_in_public_sources
当代亚太,164,政治学,CSSCI,2003,3,2003年第3期,True,False,0,0,0,0,0,0,not_found_in_public_sources
当代亚太,164,政治学,CSSCI,2003,4,2003年第4期,True,True,3,3,0,0,3,0,found
当代亚太,164,政治学,CSSCI,2003,5,2003年第5期,True,True,1,1,0,0,1,0,found
当代亚太,164,政治学,CSSCI,2003,6,2003年第6期,True,True,1,1,0,0,1,0,found
当代亚太,164,政治学,CSSCI,2003,7,2003年第7期,True,False,0,0,0,0,0,0,not_found_in_public_sources
当代亚太,164,政治学,CSSCI,2003,8,2003年第8期,True,False,0,0,0,0,0,0,not_found_in_public_sources
当代亚太,164,政治学,CSSCI,2003,9,2003年第9期,True,False,0,0,0,0,0,0,not_found_in_public_sources
当代亚太,164,政治学,CSSCI,2003,10,2003年第10期,True,False,0,0,0,0,0,0,not_found_in_public_sources
当代亚太,164,政治学,CSSCI,2003,11,2003年第11期,True,False,0,0,0,0,0,0,not_found_in_public_sources
当代亚太,164,政治学,CSSCI,2003,12,2003年第12期,True,True,1,1,0,0,1,0,found
当代亚太,164,政治学,CSSCI,2004,1,2004年第1期,True,False,0,0,0,0,0,0,not_found_in_public_sources
当代亚太,164,政治学,CSSCI,2004,2,2004年第2期,True,True,2,2,0,0,2,0,found
当代亚太,164,政治学,CSSCI,2004,3,2004年第3期,True,False,0,0,0,0,0,0,not_found_in_public_sources
当代亚太,164,政治学,CSSCI,2004,4,2004年第4期,True,True,1,1,0,0,1,0,found
当代亚太,164,政治学,CSSCI,2004,5,2004年第5期,True,True,3,3,0,0,3,0,found
当代亚太,164,政治学,CSSCI,2004,6,2004年第6期,True,False,0,0,0,0,0,0,not_found_in_public_sources
当代亚太,164,政治学,CSSCI,2004,7,2004年第7期,True,True,1,1,0,0,1,0,found
当代亚太,164,政治学,CSSCI,2004,8,2004年第8期,True,False,0,0,0,0,0,0,not_found_in_public_sources
当代亚太,164,政治学,CSSCI,2004,9,2004年第9期,True,True,2,2,0,0,2,0,found
当代亚太,164,政治学,CSSCI,2004,10,2004年第10期,True,False,0,0,0,0,0,0,not_found_in_public_sources
当代亚太,164,政治学,CSSCI,2004,11,2004年第11期,True,True,1,1,0,0,1,0,found
当代亚太,164,政治学,CSSCI,2004,12,2004年第12期,True,False,0,0,0,0,0,0,not_found_in_public_sources
当代亚太,164,政治学,CSSCI,2005,1,2005年第1期,True,True,1,1,0,0,1,0,found
当代亚太,164,政治学,CSSCI,2005,2,2005年第2期,True,True,2,2,0,0,2,0,found
当代亚太,164,政治学,CSSCI,2005,3,2005年第3期,True,True,1,1,0,0,1,0,found
当代亚太,164,政治学,CSSCI,2005,4,2005年第4期,True,True,1,1,0,0,1,0,found
当代亚太,164,政治学,CSSCI,2005,5,2005年第5期,True,True,1,1,0,0,1,0,found
当代亚太,164,政治学,CSSCI,2005,6,2005年第6期,True,True,2,2,0,0,2,0,found
当代亚太,164,政治学,CSSCI,2005,7,2005年第7期,True,True,1,1,0,0,1,0,found
当代亚太,164,政治学,CSSCI,2005,8,2005年第8期,True,True,1,1,0,0,1,0,found
当代亚太,164,政治学,CSSCI,2005,9,2005年第9期,True,True,2,2,0,0,2,0,found
当代亚太,164,政治学,CSSCI,2005,10,2005年第10期,True,False,0,0,0,0,0,0,not_found_in_public_sources
当代亚太,164,政治学,CSSCI,2005,11,2005年第11期,True,True,2,2,0,0,2,0,found
当代亚太,164,政治学,CSSCI,2005,12,2005年第12期,True,True,1,1,0,0,1,0,found
当代亚太,164,政治学,CSSCI,2006,1,2006年第1期,True,True,1,1,0,0,1,0,found
当代亚太,164,政治学,CSSCI,2006,2,2006年第2期,True,True,2,2,0,0,2,0,found
当代亚太,164,政治学,CSSCI,2006,3,2006年第3期,True,True,1,1,0,0,1,0,found
当代亚太,164,政治学,CSSCI,2006,4,2006年第4期,True,False,0,0,0,0,0,0,not_found_in_public_sources
当代亚太,164,政治学,CSSCI,2006,5,2006年第5期,True,False,0,0,0,0,0,0,not_found_in_public_sources
当代亚太,164,政治学,CSSCI,2006,6,2006年第6期,True,True,2,2,0,0,2,0,found
当代亚太,164,政治学,CSSCI,2006,7,2006年第7期,True,True,3,3,0,0,3,0,found
当代亚太,164,政治学,CSSCI,2006,8,2006年第8期,True,True,1,1,0,0,1,0,found
当代亚太,164,政治学,CSSCI,2006,9,2006年第9期,True,True,3,3,0,0,3,0,found
当代亚太,164,政治学,CSSCI,2006,10,2006年第10期,True,True,2,2,0,0,2,0,found
当代亚太,164,政治学,CSSCI,2006,11,2006年第11期,True,True,2,2,0,0,2,0,found
当代亚太,164,政治学,CSSCI,2006,12,2006年第12期,True,False,0,0,0,0,0,0,not_found_in_public_sources
当代亚太,164,政治学,CSSCI,2007,1,2007年第1期,True,False,0,0,0,0,0,0,not_found_in_public_sources
当代亚太,164,政治学,CSSCI,2007,2,2007年第2期,True,False,0,0,0,0,0,0,not_found_in_public_sources
当代亚太,164,政治学,CSSCI,2007,3,2007年第3期,True,True,2,2,0,0,2,0,found
当代亚太,164,政治学,CSSCI,2007,4,2007年第4期,True,False,0,0,0,0,0,0,not_found_in_public_sources
当代亚太,164,政治学,CSSCI,2007,5,2007年第5期,True,True,3,3,0,0,3,0,found
当代亚太,164,政治学,CSSCI,2007,6,2007年第6期,True,True,2,2,0,0,2,0,found
当代亚太,164,政治学,CSSCI,2007,7,2007年第7期,True,False,0,0,0,0,0,0,not_found_in_public_sources
当代亚太,164,政治学,CSSCI,2007,8,2007年第8期,True,True,1,1,0,0,1,0,found
当代亚太,164,政治学,CSSCI,2007,9,2007年第9期,True,False,0,0,0,0,0,0,not_found_in_public_sources
当代亚太,164,政治学,CSSCI,2007,10,2007年第10期,True,True,1,1,0,0,1,0,found
当代亚太,164,政治学,CSSCI,2007,11,2007年第11期,True,False,0,0,0,0,0,0,not_found_in_public_sources
当代亚太,164,政治学,CSSCI,2007,12,2007年第12期,True,True,2,2,0,0,2,0,found
当代亚太,164,政治学,CSSCI,2008,1,2008年第1期,True,True,3,3,0,0,3,0,found
当代亚太,164,政治学,CSSCI,2008,2,2008年第2期,True,True,3,3,0,0,3,0,found
当代亚太,164,政治学,CSSCI,2008,3,2008年第3期,True,True,1,1,0,0,1,0,found
当代亚太,164,政治学,CSSCI,2008,4,2008年第4期,True,True,2,2,0,0,2,0,found
当代亚太,164,政治学,CSSCI,2008,5,2008年第5期,True,True,1,1,0,0,1,0,found
当代亚太,164,政治学,CSSCI,2008,6,2008年第6期,True,True,3,3,0,0,3,0,found
当代亚太,164,政治学,CSSCI,2008,7,2008年第7期,True,False,0,0,0,0,0,0,not_found_in_public_sources
当代亚太,164,政治学,CSSCI,2008,8,2008年第8期,True,False,0,0,0,0,0,0,not_found_in_public_sources
当代亚太,164,政治学,CSSCI,2008,9,2008年第9期,True,False,0,0,0,0,0,0,not_found_in_public_sources
当代亚太,164,政治学,CSSCI,2008,10,2008年第10期,True,False,0,0,0,0,0,0,not_found_in_public_sources
当代亚太,164,政治学,CSSCI,2008,11,2008年第11期,True,False,0,0,0,0,0,0,not_found_in_public_sources
当代亚太,164,政治学,CSSCI,2008,12,2008年第12期,True,False,0,0,0,0,0,0,not_found_in_public_sources
当代亚太,164,政治学,CSSCI,2009,1,2009年第1期,True,True,2,2,0,0,2,0,found
当代亚太,164,政治学,CSSCI,2009,2,2009年第2期,True,True,1,1,0,0,1,0,found
当代亚太,164,政治学,CSSCI,2009,3,2009年第3期,True,False,0,0,0,0,0,0,not_found_in_public_sources
当代亚太,164,政治学,CSSCI,2009,4,2009年第4期,True,True,1,1,0,0,1,0,found
当代亚太,164,政治学,CSSCI,2009,5,2009年第5期,True,True,3,3,0,0,3,0,found
当代亚太,164,政治学,CSSCI,2009,6,2009年第6期,True,True,2,2,0,0,2,0,found
当代亚太,164,政治学,CSSCI,2009,7,2009年第7期,True,False,0,0,0,0,0,0,not_found_in_public_sources
当代亚太,164,政治学,CSSCI,2009,8,2009年第8期,True,False,0,0,0,0,0,0,not_found_in_public_sources
当代亚太,164,政治学,CSSCI,2009,9,2009年第9期,True,False,0,0,0,0,0,0,not_found_in_public_sources
当代亚太,164,政治学,CSSCI,2009,10,2009年第10期,True,False,0,0,0,0,0,0,not_found_in_public_sources
当代亚太,164,政治学,CSSCI,2009,11,2009年第11期,True,False,0,0,0,0,0,0,not_found_in_public_sources
当代亚太,164,政治学,CSSCI,2009,12,2009年第12期,True,False,0,0,0,0,0,0,not_found_in_public_sources
当代亚太,164,政治学,CSSCI,2010,1,2010年第1期,True,True,1,1,0,0,1,0,found
当代亚太,164,政治学,CSSCI,2010,2,2010年第2期,True,True,1,1,0,0,1,0,found
当代亚太,164,政治学,CSSCI,2010,3,2010年第3期,True,True,1,1,0,0,1,0,found
当代亚太,164,政治学,CSSCI,2010,4,2010年第4期,True,False,0,0,0,0,0,0,not_found_in_public_sources
当代亚太,164,政治学,CSSCI,2010,5,2010年第5期,True,True,2,2,0,0,2,0,found
当代亚太,164,政治学,CSSCI,2010,6,2010年第6期,True,True,2,2,0,0,2,0,found
当代亚太,164,政治学,CSSCI,2010,7,2010年第7期,True,False,0,0,0,0,0,0,not_found_in_public_sources
当代亚太,164,政治学,CSSCI,2010,8,2010年第8期,True,False,0,0,0,0,0,0,not_found_in_public_sources
当代亚太,164,政治学,CSSCI,2010,9,2010年第9期,True,False,0,0,0,0,0,0,not_found_in_public_sources
当代亚太,164,政治学,CSSCI,2010,10,2010年第10期,True,False,0,0,0,0,0,0,not_found_in_public_sources
当代亚太,164,政治学,CSSCI,2010,11,2010年第11期,True,False,0,0,0,0,0,0,not_found_in_public_sources
当代亚太,164,政治学,CSSCI,2010,12,2010年第12期,True,False,0,0,0,0,0,0,not_found_in_public_sources
当代亚太,164,政治学,CSSCI,2011,1,2011年第1期,True,True,3,3,0,0,3,0,found
当代亚太,164,政治学,CSSCI,2011,2,2011年第2期,True,True,3,3,0,0,3,0,found
当代亚太,164,政治学,CSSCI,2011,3,2011年第3期,True,True,2,2,0,0,2,0,found
当代亚太,164,政治学,CSSCI,2011,4,2011年第4期,True,False,0,0,0,0,0,0,not_found_in_public_sources
当代亚太,164,政治学,CSSCI,2011,5,2011年第5期,True,True,5,5,0,0,5,0,found
当代亚太,164,政治学,CSSCI,2011,6,2011年第6期,True,False,0,0,0,0,0,0,not_found_in_public_sources
当代亚太,164,政治学,CSSCI,2011,7,2011年第7期,True,False,0,0,0,0,0,0,not_found_in_public_sources
当代亚太,164,政治学,CSSCI,2011,8,2011年第8期,True,False,0,0,0,0,0,0,not_found_in_public_sources
当代亚太,164,政治学,CSSCI,2011,9,2011年第9期,True,False,0,0,0,0,0,0,not_found_in_public_sources
当代亚太,164,政治学,CSSCI,2011,10,2011年第10期,True,False,0,0,0,0,0,0,not_found_in_public_sources
当代亚太,164,政治学,CSSCI,2011,11,2011年第11期,True,False,0,0,0,0,0,0,not_found_in_public_sources
当代亚太,164,政治学,CSSCI,2011,12,2011年第12期,True,False,0,0,0,0,0,0,not_found_in_public_sources
当代亚太,164,政治学,CSSCI,2012,1,2012年第1期,True,True,3,3,0,0,3,0,found
当代亚太,164,政治学,CSSCI,2012,2,2012年第2期,True,True,2,2,0,0,2,0,found
当代亚太,164,政治学,CSSCI,2012,3,2012年第3期,True,True,3,3,0,0,3,0,found
当代亚太,164,政治学,CSSCI,2012,4,2012年第4期,True,True,3,3,0,0,3,0,found
当代亚太,164,政治学,CSSCI,2012,5,2012年第5期,True,True,2,2,0,0,2,0,found
当代亚太,164,政治学,CSSCI,2012,6,2012年第6期,True,True,2,2,0,0,2,0,found
当代亚太,164,政治学,CSSCI,2012,7,2012年第7期,True,False,0,0,0,0,0,0,not_found_in_public_sources
当代亚太,164,政治学,CSSCI,2012,8,2012年第8期,True,False,0,0,0,0,0,0,not_found_in_public_sources
当代亚太,164,政治学,CSSCI,2012,9,2012年第9期,True,False,0,0,0,0,0,0,not_found_in_public_sources
当代亚太,164,政治学,CSSCI,2012,10,2012年第10期,True,False,0,0,0,0,0,0,not_found_in_public_sources
当代亚太,164,政治学,CSSCI,2012,11,2012年第11期,True,False,0,0,0,0,0,0,not_found_in_public_sources
当代亚太,164,政治学,CSSCI,2012,12,2012年第12期,True,False,0,0,0,0,0,0,not_found_in_public_sources
当代亚太,164,政治学,CSSCI,2013,1,2013年第1期,True,True,2,2,0,0,2,0,found
当代亚太,164,政治学,CSSCI,2013,2,2013年第2期,True,True,1,1,0,0,1,0,found
当代亚太,164,政治学,CSSCI,2013,3,2013年第3期,True,True,2,2,0,0,2,0,found
当代亚太,164,政治学,CSSCI,2013,4,2013年第4期,True,True,2,2,0,0,2,0,found
当代亚太,164,政治学,CSSCI,2013,5,2013年第5期,True,True,2,2,0,0,2,0,found
当代亚太,164,政治学,CSSCI,2013,6,2013年第6期,True,True,1,1,0,0,1,0,found
当代亚太,164,政治学,CSSCI,2013,7,2013年第7期,True,False,0,0,0,0,0,0,not_found_in_public_sources
当代亚太,164,政治学,CSSCI,2013,8,2013年第8期,True,False,0,0,0,0,0,0,not_found_in_public_sources
当代亚太,164,政治学,CSSCI,2013,9,2013年第9期,True,False,0,0,0,0,0,0,not_found_in_public_sources
当代亚太,164,政治学,CSSCI,2013,10,2013年第10期,True,False,0,0,0,0,0,0,not_found_in_public_sources
当代亚太,164,政治学,CSSCI,2013,11,2013年第11期,True,False,0,0,0,0,0,0,not_found_in_public_sources
当代亚太,164,政治学,CSSCI,2013,12,2013年第12期,True,False,0,0,0,0,0,0,not_found_in_public_sources
当代亚太,164,政治学,CSSCI,2014,1,2014年第1期,True,True,2,2,0,0,2,0,found
当代亚太,164,政治学,CSSCI,2014,2,2014年第2期,True,True,2,2,0,0,2,0,found
当代亚太,164,政治学,CSSCI,2014,3,2014年第3期,True,True,3,3,0,0,3,0,found
当代亚太,164,政治学,CSSCI,2014,4,2014年第4期,True,True,1,1,0,0,1,0,found
当代亚太,164,政治学,CSSCI,2014,5,2014年第5期,True,True,1,1,0,0,1,0,found
当代亚太,164,政治学,CSSCI,2014,6,2014年第6期,True,True,1,1,0,0,1,0,found
当代亚太,164,政治学,CSSCI,2014,7,2014年第7期,True,False,0,0,0,0,0,0,not_found_in_public_sources
当代亚太,164,政治学,CSSCI,2014,8,2014年第8期,True,False,0,0,0,0,0,0,not_found_in_public_sources
当代亚太,164,政治学,CSSCI,2014,9,2014年第9期,True,False,0,0,0,0,0,0,not_found_in_public_sources
当代亚太,164,政治学,CSSCI,2014,10,2014年第10期,True,False,0,0,0,0,0,0,not_found_in_public_sources
当代亚太,164,政治学,CSSCI,2014,11,2014年第11期,True,False,0,0,0,0,0,0,not_found_in_public_sources
当代亚太,164,政治学,CSSCI,2014,12,2014年第12期,True,False,0,0,0,0,0,0,not_found_in_public_sources
当代亚太,164,政治学,CSSCI,2015,1,2015年第1期,True,True,2,2,0,0,2,0,found
当代亚太,164,政治学,CSSCI,2015,2,2015年第2期,True,True,1,1,0,0,1,0,found
当代亚太,164,政治学,CSSCI,2015,3,2015年第3期,True,False,0,0,0,0,0,0,not_found_in_public_sources
当代亚太,164,政治学,CSSCI,2015,4,2015年第4期,True,True,1,1,0,0,1,0,found
当代亚太,164,政治学,CSSCI,2015,5,2015年第5期,True,True,3,3,0,0,3,0,found
当代亚太,164,政治学,CSSCI,2015,6,2015年第6期,True,True,2,2,0,0,2,0,found
当代亚太,164,政治学,CSSCI,2015,7,2015年第7期,True,False,0,0,0,0,0,0,not_found_in_public_sources
当代亚太,164,政治学,CSSCI,2015,8,2015年第8期,True,False,0,0,0,0,0,0,not_found_in_public_sources
当代亚太,164,政治学,CSSCI,2015,9,2015年第9期,True,False,0,0,0,0,0,0,not_found_in_public_sources
当代亚太,164,政治学,CSSCI,2015,10,2015年第10期,True,False,0,0,0,0,0,0,not_found_in_public_sources
当代亚太,164,政治学,CSSCI,2015,11,2015年第11期,True,False,0,0,0,0,0,0,not_found_in_public_sources
当代亚太,164,政治学,CSSCI,2015,12,2015年第12期,True,False,0,0,0,0,0,0,not_found_in_public_sources
当代亚太,164,政治学,CSSCI,2016,1,2016年第1期,True,True,1,1,0,0,1,0,found
当代亚太,164,政治学,CSSCI,2016,2,2016年第2期,True,True,2,2,0,0,2,0,found
当代亚太,164,政治学,CSSCI,2016,3,2016年第3期,True,True,2,2,0,0,2,0,found
当代亚太,164,政治学,CSSCI,2016,4,2016年第4期,True,True,1,1,0,0,1,0,found
当代亚太,164,政治学,CSSCI,2016,5,2016年第5期,True,False,0,0,0,0,0,0,not_found_in_public_sources
当代亚太,164,政治学,CSSCI,2016,6,2016年第6期,True,False,0,0,0,0,0,0,not_found_in_public_sources
当代亚太,164,政治学,CSSCI,2016,7,2016年第7期,True,False,0,0,0,0,0,0,not_found_in_public_sources
当代亚太,164,政治学,CSSCI,2016,8,2016年第8期,True,False,0,0,0,0,0,0,not_found_in_public_sources
当代亚太,164,政治学,CSSCI,2016,9,2016年第9期,True,False,0,0,0,0,0,0,not_found_in_public_sources
当代亚太,164,政治学,CSSCI,2016,10,2016年第10期,True,False,0,0,0,0,0,0,not_found_in_public_sources
当代亚太,164,政治学,CSSCI,2016,11,2016年第11期,True,False,0,0,0,0,0,0,not_found_in_public_sources
当代亚太,164,政治学,CSSCI,2016,12,2016年第12期,True,False,0,0,0,0,0,0,not_found_in_public_sources
当代亚太,164,政治学,CSSCI,2017,1,2017年第1期,True,False,0,0,0,0,0,0,not_found_in_public_sources
当代亚太,164,政治学,CSSCI,2017,2,2017年第2期,True,True,1,1,0,0,1,0,found
当代亚太,164,政治学,CSSCI,2017,3,2017年第3期,True,False,0,0,0,0,0,0,not_found_in_public_sources
当代亚太,164,政治学,CSSCI,2017,4,2017年第4期,True,False,0,0,0,0,0,0,not_found_in_public_sources
当代亚太,164,政治学,CSSCI,2017,5,2017年第5期,True,False,0,0,0,0,0,0,not_found_in_public_sources
当代亚太,164,政治学,CSSCI,2017,6,2017年第6期,True,False,0,0,0,0,0,0,not_found_in_public_sources
当代亚太,164,政治学,CSSCI,2017,7,2017年第7期,True,False,0,0,0,0,0,0,not_found_in_public_sources
当代亚太,164,政治学,CSSCI,2017,8,2017年第8期,True,False,0,0,0,0,0,0,not_found_in_public_sources
当代亚太,164,政治学,CSSCI,2017,9,2017年第9期,True,False,0,0,0,0,0,0,not_found_in_public_sources
当代亚太,164,政治学,CSSCI,2017,10,2017年第10期,True,False,0,0,0,0,0,0,not_found_in_public_sources
当代亚太,164,政治学,CSSCI,2017,11,2017年第11期,True,False,0,0,0,0,0,0,not_found_in_public_sources
当代亚太,164,政治学,CSSCI,2017,12,2017年第12期,True,False,0,0,0,0,0,0,not_found_in_public_sources
当代亚太,164,政治学,CSSCI,2018,1,2018年第1期,True,True,3,3,0,0,3,0,found
当代亚太,164,政治学,CSSCI,2018,2,2018年第2期,True,False,0,0,0,0,0,0,not_found_in_public_sources
当代亚太,164,政治学,CSSCI,2018,3,2018年第3期,True,False,0,0,0,0,0,0,not_found_in_public_sources
当代亚太,164,政治学,CSSCI,2018,4,2018年第4期,True,False,0,0,0,0,0,0,not_found_in_public_sources
当代亚太,164,政治学,CSSCI,2018,5,2018年第5期,True,False,0,0,0,0,0,0,not_found_in_public_sources
当代亚太,164,政治学,CSSCI,2018,6,2018年第6期,True,False,0,0,0,0,0,0,not_found_in_public_sources
当代亚太,164,政治学,CSSCI,2018,7,2018年第7期,True,False,0,0,0,0,0,0,not_found_in_public_sources
当代亚太,164,政治学,CSSCI,2018,8,2018年第8期,True,False,0,0,0,0,0,0,not_found_in_public_sources
当代亚太,164,政治学,CSSCI,2018,9,2018年第9期,True,False,0,0,0,0,0,0,not_found_in_public_sources
当代亚太,164,政治学,CSSCI,2018,10,2018年第10期,True,False,0,0,0,0,0,0,not_found_in_public_sources
当代亚太,164,政治学,CSSCI,2018,11,2018年第11期,True,False,0,0,0,0,0,0,not_found_in_public_sources
当代亚太,164,政治学,CSSCI,2018,12,2018年第12期,True,False,0,0,0,0,0,0,not_found_in_public_sources
当代亚太,164,政治学,CSSCI,2019,1,2019年第1期,True,False,0,0,0,0,0,0,not_found_in_public_sources
当代亚太,164,政治学,CSSCI,2019,2,2019年第2期,True,False,0,0,0,0,0,0,not_found_in_public_sources
当代亚太,164,政治学,CSSCI,2019,3,2019年第3期,True,False,0,0,0,0,0,0,not_found_in_public_sources
当代亚太,164,政治学,CSSCI,2019,4,2019年第4期,True,False,0,0,0,0,0,0,not_found_in_public_sources
当代亚太,164,政治学,CSSCI,2019,5,2019年第5期,True,False,0,0,0,0,0,0,not_found_in_public_sources
当代亚太,164,政治学,CSSCI,2019,6,2019年第6期,True,False,0,0,0,0,0,0,not_found_in_public_sources
当代亚太,164,政治学,CSSCI,2019,7,2019年第7期,True,False,0,0,0,0,0,0,not_found_in_public_sources
当代亚太,164,政治学,CSSCI,2019,8,2019年第8期,True,False,0,0,0,0,0,0,not_found_in_public_sources
当代亚太,164,政治学,CSSCI,2019,9,2019年第9期,True,False,0,0,0,0,0,0,not_found_in_public_sources
当代亚太,164,政治学,CSSCI,2019,10,2019年第10期,True,False,0,0,0,0,0,0,not_found_in_public_sources
当代亚太,164,政治学,CSSCI,2019,11,2019年第11期,True,False,0,0,0,0,0,0,not_found_in_public_sources
当代亚太,164,政治学,CSSCI,2019,12,2019年第12期,True,False,0,0,0,0,0,0,not_found_in_public_sources
当代亚太,164,政治学,CSSCI,2020,1,2020年第1期,True,True,1,1,0,0,1,0,found
当代亚太,164,政治学,CSSCI,2020,2,2020年第2期,True,False,0,0,0,0,0,0,not_found_in_public_sources
当代亚太,164,政治学,CSSCI,2020,3,2020年第3期,True,False,0,0,0,0,0,0,not_found_in_public_sources
当代亚太,164,政治学,CSSCI,2020,4,2020年第4期,True,False,0,0,0,0,0,0,not_found_in_public_sources
当代亚太,164,政治学,CSSCI,2020,5,2020年第5期,True,False,0,0,0,0,0,0,not_found_in_public_sources
当代亚太,164,政治学,CSSCI,2020,6,2020年第6期,True,False,0,0,0,0,0,0,not_found_in_public_sources
当代亚太,164,政治学,CSSCI,2020,7,2020年第7期,True,False,0,0,0,0,0,0,not_found_in_public_sources
当代亚太,164,政治学,CSSCI,2020,8,2020年第8期,True,False,0,0,0,0,0,0,not_found_in_public_sources
当代亚太,164,政治学,CSSCI,2020,9,2020年第9期,True,False,0,0,0,0,0,0,not_found_in_public_sources
当代亚太,164,政治学,CSSCI,2020,10,2020年第10期,True,False,0,0,0,0,0,0,not_found_in_public_sources
当代亚太,164,政治学,CSSCI,2020,11,2020年第11期,True,False,0,0,0,0,0,0,not_found_in_public_sources
当代亚太,164,政治学,CSSCI,2020,12,2020年第12期,True,False,0,0,0,0,0,0,not_found_in_public_sources
当代亚太,164,政治学,CSSCI,2021,1,2021年第1期,True,False,0,0,0,0,0,0,not_found_in_public_sources
当代亚太,164,政治学,CSSCI,2021,2,2021年第2期,True,False,0,0,0,0,0,0,not_found_in_public_sources
当代亚太,164,政治学,CSSCI,2021,3,2021年第3期,True,False,0,0,0,0,0,0,not_found_in_public_sources
当代亚太,164,政治学,CSSCI,2021,4,2021年第4期,True,False,0,0,0,0,0,0,not_found_in_public_sources
当代亚太,164,政治学,CSSCI,2021,5,2021年第5期,True,False,0,0,0,0,0,0,not_found_in_public_sources
当代亚太,164,政治学,CSSCI,2021,6,2021年第6期,True,False,0,0,0,0,0,0,not_found_in_public_sources
当代亚太,164,政治学,CSSCI,2021,7,2021年第7期,True,False,0,0,0,0,0,0,not_found_in_public_sources
当代亚太,164,政治学,CSSCI,2021,8,2021年第8期,True,False,0,0,0,0,0,0,not_found_in_public_sources
当代亚太,164,政治学,CSSCI,2021,9,2021年第9期,True,False,0,0,0,0,0,0,not_found_in_public_sources
当代亚太,164,政治学,CSSCI,2021,10,2021年第10期,True,False,0,0,0,0,0,0,not_found_in_public_sources
当代亚太,164,政治学,CSSCI,2021,11,2021年第11期,True,False,0,0,0,0,0,0,not_found_in_public_sources
当代亚太,164,政治学,CSSCI,2021,12,2021年第12期,True,False,0,0,0,0,0,0,not_found_in_public_sources
当代亚太,164,政治学,CSSCI,2022,1,2022年第1期,True,False,0,0,0,0,0,0,not_found_in_public_sources
当代亚太,164,政治学,CSSCI,2022,2,2022年第2期,True,False,0,0,0,0,0,0,not_found_in_public_sources
当代亚太,164,政治学,CSSCI,2022,3,2022年第3期,True,False,0,0,0,0,0,0,not_found_in_public_sources
当代亚太,164,政治学,CSSCI,2022,4,2022年第4期,True,False,0,0,0,0,0,0,not_found_in_public_sources
当代亚太,164,政治学,CSSCI,2022,5,2022年第5期,True,False,0,0,0,0,0,0,not_found_in_public_sources
当代亚太,164,政治学,CSSCI,2022,6,2022年第6期,True,False,0,0,0,0,0,0,not_found_in_public_sources
当代亚太,164,政治学,CSSCI,2022,7,2022年第7期,True,False,0,0,0,0,0,0,not_found_in_public_sources
当代亚太,164,政治学,CSSCI,2022,8,2022年第8期,True,False,0,0,0,0,0,0,not_found_in_public_sources
当代亚太,164,政治学,CSSCI,2022,9,2022年第9期,True,False,0,0,0,0,0,0,not_found_in_public_sources
当代亚太,164,政治学,CSSCI,2022,10,2022年第10期,True,False,0,0,0,0,0,0,not_found_in_public_sources
当代亚太,164,政治学,CSSCI,2022,11,2022年第11期,True,False,0,0,0,0,0,0,not_found_in_public_sources
当代亚太,164,政治学,CSSCI,2022,12,2022年第12期,True,False,0,0,0,0,0,0,not_found_in_public_sources
当代亚太,164,政治学,CSSCI,2023,1,2023年第1期,True,False,0,0,0,0,0,0,not_found_in_public_sources
当代亚太,164,政治学,CSSCI,2023,2,2023年第2期,True,False,0,0,0,0,0,0,not_found_in_public_sources
当代亚太,164,政治学,CSSCI,2023,3,2023年第3期,True,False,0,0,0,0,0,0,not_found_in_public_sources
当代亚太,164,政治学,CSSCI,2023,4,2023年第4期,True,False,0,0,0,0,0,0,not_found_in_public_sources
当代亚太,164,政治学,CSSCI,2023,5,2023年第5期,True,False,0,0,0,0,0,0,not_found_in_public_sources
当代亚太,164,政治学,CSSCI,2023,6,2023年第6期,True,False,0,0,0,0,0,0,not_found_in_public_sources
当代亚太,164,政治学,CSSCI,2023,7,2023年第7期,True,False,0,0,0,0,0,0,not_found_in_public_sources
当代亚太,164,政治学,CSSCI,2023,8,2023年第8期,True,False,0,0,0,0,0,0,not_found_in_public_sources
当代亚太,164,政治学,CSSCI,2023,9,2023年第9期,True,False,0,0,0,0,0,0,not_found_in_public_sources
当代亚太,164,政治学,CSSCI,2023,10,2023年第10期,True,False,0,0,0,0,0,0,not_found_in_public_sources
当代亚太,164,政治学,CSSCI,2023,11,2023年第11期,True,False,0,0,0,0,0,0,not_found_in_public_sources
当代亚太,164,政治学,CSSCI,2023,12,2023年第12期,True,False,0,0,0,0,0,0,not_found_in_public_sources
当代亚太,164,政治学,CSSCI,2024,1,2024年第1期,True,False,0,0,0,0,0,0,not_found_in_public_sources
当代亚太,164,政治学,CSSCI,2024,2,2024年第2期,True,False,0,0,0,0,0,0,not_found_in_public_sources
当代亚太,164,政治学,CSSCI,2024,3,2024年第3期,True,False,0,0,0,0,0,0,not_found_in_public_sources
当代亚太,164,政治学,CSSCI,2024,4,2024年第4期,True,False,0,0,0,0,0,0,not_found_in_public_sources
当代亚太,164,政治学,CSSCI,2024,5,2024年第5期,True,False,0,0,0,0,0,0,not_found_in_public_sources
当代亚太,164,政治学,CSSCI,2024,6,2024年第6期,True,False,0,0,0,0,0,0,not_found_in_public_sources
当代亚太,164,政治学,CSSCI,2024,7,2024年第7期,True,False,0,0,0,0,0,0,not_found_in_public_sources
当代亚太,164,政治学,CSSCI,2024,8,2024年第8期,True,False,0,0,0,0,0,0,not_found_in_public_sources
当代亚太,164,政治学,CSSCI,2024,9,2024年第9期,True,False,0,0,0,0,0,0,not_found_in_public_sources
当代亚太,164,政治学,CSSCI,2024,10,2024年第10期,True,False,0,0,0,0,0,0,not_found_in_public_sources
当代亚太,164,政治学,CSSCI,2024,11,2024年第11期,True,False,0,0,0,0,0,0,not_found_in_public_sources
当代亚太,164,政治学,CSSCI,2024,12,2024年第12期,True,False,0,0,0,0,0,0,not_found_in_public_sources
当代亚太,164,政治学,CSSCI,2025,1,2025年第1期,True,False,0,0,0,0,0,0,not_found_in_public_sources
当代亚太,164,政治学,CSSCI,2025,2,2025年第2期,True,False,0,0,0,0,0,0,not_found_in_public_sources
当代亚太,164,政治学,CSSCI,2025,3,2025年第3期,True,False,0,0,0,0,0,0,not_found_in_public_sources
当代亚太,164,政治学,CSSCI,2025,4,2025年第4期,True,False,0,0,0,0,0,0,not_found_in_public_sources
当代亚太,164,政治学,CSSCI,2025,5,2025年第5期,True,False,0,0,0,0,0,0,not_found_in_public_sources
当代亚太,164,政治学,CSSCI,2025,6,2025年第6期,True,False,0,0,0,0,0,0,not_found_in_public_sources
当代亚太,164,政治学,CSSCI,2025,7,2025年第7期,True,False,0,0,0,0,0,0,not_found_in_public_sources
当代亚太,164,政治学,CSSCI,2025,8,2025年第8期,True,False,0,0,0,0,0,0,not_found_in_public_sources
当代亚太,164,政治学,CSSCI,2025,9,2025年第9期,True,False,0,0,0,0,0,0,not_found_in_public_sources
当代亚太,164,政治学,CSSCI,2025,10,2025年第10期,True,False,0,0,0,0,0,0,not_found_in_public_sources
当代亚太,164,政治学,CSSCI,2025,11,2025年第11期,True,False,0,0,0,0,0,0,not_found_in_public_sources
当代亚太,164,政治学,CSSCI,2025,12,2025年第12期,True,False,0,0,0,0,0,0,not_found_in_public_sources
东北亚论坛,165,政治学,CSSCI,1992,1,1992年第1期,True,True,1,1,0,0,1,0,found
东北亚论坛,165,政治学,CSSCI,1992,2,1992年第2期,True,True,4,4,0,0,4,0,found
东北亚论坛,165,政治学,CSSCI,1992,3,1992年第3期,True,True,1,1,0,0,1,0,found
东北亚论坛,165,政治学,CSSCI,1992,4,1992年第4期,True,True,1,1,0,0,1,0,found
东北亚论坛,165,政治学,CSSCI,1992,5,1992年第5期,True,False,0,0,0,0,0,0,not_found_in_public_sources
东北亚论坛,165,政治学,CSSCI,1992,6,1992年第6期,True,False,0,0,0,0,0,0,not_found_in_public_sources
东北亚论坛,165,政治学,CSSCI,1993,1,1993年第1期,True,False,0,0,0,0,0,0,not_found_in_public_sources
东北亚论坛,165,政治学,CSSCI,1993,2,1993年第2期,True,True,3,3,0,0,3,0,found
东北亚论坛,165,政治学,CSSCI,1993,3,1993年第3期,True,True,2,2,0,0,2,0,found
东北亚论坛,165,政治学,CSSCI,1993,4,1993年第4期,True,True,4,4,0,0,4,0,found
东北亚论坛,165,政治学,CSSCI,1993,5,1993年第5期,True,False,0,0,0,0,0,0,not_found_in_public_sources
东北亚论坛,165,政治学,CSSCI,1993,6,1993年第6期,True,False,0,0,0,0,0,0,not_found_in_public_sources
东北亚论坛,165,政治学,CSSCI,1994,1,1994年第1期,True,False,0,0,0,0,0,0,not_found_in_public_sources
东北亚论坛,165,政治学,CSSCI,1994,2,1994年第2期,True,True,3,3,0,0,3,0,found
东北亚论坛,165,政治学,CSSCI,1994,3,1994年第3期,True,True,1,1,0,0,1,0,found
东北亚论坛,165,政治学,CSSCI,1994,4,1994年第4期,True,True,2,2,0,0,2,0,found
东北亚论坛,165,政治学,CSSCI,1994,5,1994年第5期,True,False,0,0,0,0,0,0,not_found_in_public_sources
东北亚论坛,165,政治学,CSSCI,1994,6,1994年第6期,True,False,0,0,0,0,0,0,not_found_in_public_sources
东北亚论坛,165,政治学,CSSCI,1995,1,1995年第1期,True,True,4,4,0,0,4,0,found
东北亚论坛,165,政治学,CSSCI,1995,2,1995年第2期,True,True,1,1,0,0,1,0,found
东北亚论坛,165,政治学,CSSCI,1995,3,1995年第3期,True,True,3,3,0,0,3,0,found
东北亚论坛,165,政治学,CSSCI,1995,4,1995年第4期,True,True,3,3,0,0,3,0,found
东北亚论坛,165,政治学,CSSCI,1995,5,1995年第5期,True,False,0,0,0,0,0,0,not_found_in_public_sources
东北亚论坛,165,政治学,CSSCI,1995,6,1995年第6期,True,False,0,0,0,0,0,0,not_found_in_public_sources
东北亚论坛,165,政治学,CSSCI,1996,1,1996年第1期,True,True,4,4,0,0,4,0,found
东北亚论坛,165,政治学,CSSCI,1996,2,1996年第2期,True,False,0,0,0,0,0,0,not_found_in_public_sources
东北亚论坛,165,政治学,CSSCI,1996,3,1996年第3期,True,True,1,1,0,0,1,0,found
东北亚论坛,165,政治学,CSSCI,1996,4,1996年第4期,True,True,2,2,0,0,2,0,found
东北亚论坛,165,政治学,CSSCI,1996,5,1996年第5期,True,False,0,0,0,0,0,0,not_found_in_public_sources
东北亚论坛,165,政治学,CSSCI,1996,6,1996年第6期,True,False,0,0,0,0,0,0,not_found_in_public_sources
东北亚论坛,165,政治学,CSSCI,1997,1,1997年第1期,True,True,1,1,0,0,1,0,found
东北亚论坛,165,政治学,CSSCI,1997,2,1997年第2期,True,False,0,0,0,0,0,0,not_found_in_public_sources
东北亚论坛,165,政治学,CSSCI,1997,3,1997年第3期,True,True,2,2,0,0,2,0,found
东北亚论坛,165,政治学,CSSCI,1997,4,1997年第4期,True,True,3,3,0,0,3,0,found
东北亚论坛,165,政治学,CSSCI,1997,5,1997年第5期,True,False,0,0,0,0,0,0,not_found_in_public_sources
东北亚论坛,165,政治学,CSSCI,1997,6,1997年第6期,True,False,0,0,0,0,0,0,not_found_in_public_sources
东北亚论坛,165,政治学,CSSCI,1998,1,1998年第1期,True,True,3,3,0,0,3,0,found
东北亚论坛,165,政治学,CSSCI,1998,2,1998年第2期,True,False,0,0,0,0,0,0,not_found_in_public_sources
东北亚论坛,165,政治学,CSSCI,1998,3,1998年第3期,True,True,4,4,0,0,4,0,found
东北亚论坛,165,政治学,CSSCI,1998,4,1998年第4期,True,True,1,1,0,0,1,0,found
东北亚论坛,165,政治学,CSSCI,1998,5,1998年第5期,True,False,0,0,0,0,0,0,not_found_in_public_sources
东北亚论坛,165,政治学,CSSCI,1998,6,1998年第6期,True,False,0,0,0,0,0,0,not_found_in_public_sources
东北亚论坛,165,政治学,CSSCI,1999,1,1999年第1期,True,True,2,2,0,0,2,0,found
东北亚论坛,165,政治学,CSSCI,1999,2,1999年第2期,True,True,1,1,0,0,1,0,found
东北亚论坛,165,政治学,CSSCI,1999,3,1999年第3期,True,True,1,1,0,0,1,0,found
东北亚论坛,165,政治学,CSSCI,1999,4,1999年第4期,True,True,4,4,0,0,4,0,found
东北亚论坛,165,政治学,CSSCI,1999,5,1999年第5期,True,False,0,0,0,0,0,0,not_found_in_public_sources
东北亚论坛,165,政治学,CSSCI,1999,6,1999年第6期,True,False,0,0,0,0,0,0,not_found_in_public_sources
东北亚论坛,165,政治学,CSSCI,2000,1,2000年第1期,True,False,0,0,0,0,0,0,not_found_in_public_sources
东北亚论坛,165,政治学,CSSCI,2000,2,2000年第2期,True,True,2,2,0,0,2,0,found
东北亚论坛,165,政治学,CSSCI,2000,3,2000年第3期,True,True,1,1,0,0,1,0,found
东北亚论坛,165,政治学,CSSCI,2000,4,2000年第4期,True,True,2,2,0,0,2,0,found
东北亚论坛,165,政治学,CSSCI,2000,5,2000年第5期,True,False,0,0,0,0,0,0,not_found_in_public_sources
东北亚论坛,165,政治学,CSSCI,2000,6,2000年第6期,True,False,0,0,0,0,0,0,not_found_in_public_sources
东北亚论坛,165,政治学,CSSCI,2001,1,2001年第1期,True,True,4,4,0,0,4,0,found
东北亚论坛,165,政治学,CSSCI,2001,2,2001年第2期,True,True,1,1,0,0,1,0,found
东北亚论坛,165,政治学,CSSCI,2001,3,2001年第3期,True,True,3,3,0,0,3,0,found
东北亚论坛,165,政治学,CSSCI,2001,4,2001年第4期,True,True,2,2,0,0,2,0,found
东北亚论坛,165,政治学,CSSCI,2001,5,2001年第5期,True,False,0,0,0,0,0,0,not_found_in_public_sources
东北亚论坛,165,政治学,CSSCI,2001,6,2001年第6期,True,False,0,0,0,0,0,0,not_found_in_public_sources
东北亚论坛,165,政治学,CSSCI,2002,1,2002年第1期,True,True,2,2,0,0,2,0,found
东北亚论坛,165,政治学,CSSCI,2002,2,2002年第2期,True,True,5,5,0,0,5,0,found
东北亚论坛,165,政治学,CSSCI,2002,3,2002年第3期,True,True,3,3,0,0,3,0,found
东北亚论坛,165,政治学,CSSCI,2002,4,2002年第4期,True,True,1,1,0,0,1,0,found
东北亚论坛,165,政治学,CSSCI,2002,5,2002年第5期,True,False,0,0,0,0,0,0,not_found_in_public_sources
东北亚论坛,165,政治学,CSSCI,2002,6,2002年第6期,True,False,0,0,0,0,0,0,not_found_in_public_sources
东北亚论坛,165,政治学,CSSCI,2003,1,2003年第1期,True,True,4,4,0,0,4,0,found
东北亚论坛,165,政治学,CSSCI,2003,2,2003年第2期,True,True,2,2,0,0,2,0,found
东北亚论坛,165,政治学,CSSCI,2003,3,2003年第3期,True,True,2,2,0,0,2,0,found
东北亚论坛,165,政治学,CSSCI,2003,4,2003年第4期,True,True,3,3,0,0,3,0,found
东北亚论坛,165,政治学,CSSCI,2003,5,2003年第5期,True,True,4,4,0,0,4,0,found
东北亚论坛,165,政治学,CSSCI,2003,6,2003年第6期,True,True,3,3,0,0,3,0,found
东北亚论坛,165,政治学,CSSCI,2004,1,2004年第1期,True,True,6,6,0,0,6,0,found
东北亚论坛,165,政治学,CSSCI,2004,2,2004年第2期,True,True,2,2,0,0,2,0,found
东北亚论坛,165,政治学,CSSCI,2004,3,2004年第3期,True,True,1,1,0,0,1,0,found
东北亚论坛,165,政治学,CSSCI,2004,4,2004年第4期,True,True,4,4,0,0,4,0,found
东北亚论坛,165,政治学,CSSCI,2004,5,2004年第5期,True,False,0,0,0,0,0,0,not_found_in_public_sources
东北亚论坛,165,政治学,CSSCI,2004,6,2004年第6期,True,True,2,2,0,0,2,0,found
东北亚论坛,165,政治学,CSSCI,2005,1,2005年第1期,True,True,4,4,0,0,4,0,found
东北亚论坛,165,政治学,CSSCI,2005,2,2005年第2期,True,True,4,4,0,0,4,0,found
东北亚论坛,165,政治学,CSSCI,2005,3,2005年第3期,True,True,2,2,0,0,2,0,found
东北亚论坛,165,政治学,CSSCI,2005,4,2005年第4期,True,True,1,1,0,0,1,0,found
东北亚论坛,165,政治学,CSSCI,2005,5,2005年第5期,True,True,1,1,0,0,1,0,found
东北亚论坛,165,政治学,CSSCI,2005,6,2005年第6期,True,True,6,6,0,0,6,0,found
东北亚论坛,165,政治学,CSSCI,2006,1,2006年第1期,True,True,2,2,0,0,2,0,found
东北亚论坛,165,政治学,CSSCI,2006,2,2006年第2期,True,True,7,7,0,0,7,0,found
东北亚论坛,165,政治学,CSSCI,2006,3,2006年第3期,True,True,1,1,0,0,1,0,found
东北亚论坛,165,政治学,CSSCI,2006,4,2006年第4期,True,True,1,1,0,0,1,0,found
东北亚论坛,165,政治学,CSSCI,2006,5,2006年第5期,True,True,3,3,0,0,3,0,found
东北亚论坛,165,政治学,CSSCI,2006,6,2006年第6期,True,True,3,3,0,0,3,0,found
东北亚论坛,165,政治学,CSSCI,2007,1,2007年第1期,True,True,6,6,0,0,6,0,found
东北亚论坛,165,政治学,CSSCI,2007,2,2007年第2期,True,True,4,4,0,0,4,0,found
东北亚论坛,165,政治学,CSSCI,2007,3,2007年第3期,True,False,0,0,0,0,0,0,not_found_in_public_sources
东北亚论坛,165,政治学,CSSCI,2007,4,2007年第4期,True,True,3,3,0,0,3,0,found
东北亚论坛,165,政治学,CSSCI,2007,5,2007年第5期,True,True,5,5,0,0,5,0,found
东北亚论坛,165,政治学,CSSCI,2007,6,2007年第6期,True,True,2,2,0,0,2,0,found
东北亚论坛,165,政治学,CSSCI,2008,1,2008年第1期,True,False,0,0,0,0,0,0,not_found_in_public_sources
东北亚论坛,165,政治学,CSSCI,2008,2,2008年第2期,True,True,4,4,0,0,4,0,found
东北亚论坛,165,政治学,CSSCI,2008,3,2008年第3期,True,True,1,1,0,0,1,0,found
东北亚论坛,165,政治学,CSSCI,2008,4,2008年第4期,True,True,2,2,0,0,2,0,found
东北亚论坛,165,政治学,CSSCI,2008,5,2008年第5期,True,True,2,2,0,0,2,0,found
东北亚论坛,165,政治学,CSSCI,2008,6,2008年第6期,True,True,2,2,0,0,2,0,found
东北亚论坛,165,政治学,CSSCI,2009,1,2009年第1期,True,True,1,1,0,0,1,0,found
东北亚论坛,165,政治学,CSSCI,2009,2,2009年第2期,True,True,1,1,0,0,1,0,found
东北亚论坛,165,政治学,CSSCI,2009,3,2009年第3期,True,True,2,2,0,0,2,0,found
东北亚论坛,165,政治学,CSSCI,2009,4,2009年第4期,True,True,2,2,0,0,2,0,found
东北亚论坛,165,政治学,CSSCI,2009,5,2009年第5期,True,True,2,2,0,0,2,0,found
东北亚论坛,165,政治学,CSSCI,2009,6,2009年第6期,True,False,0,0,0,0,0,0,not_found_in_public_sources
东北亚论坛,165,政治学,CSSCI,2010,1,2010年第1期,True,True,2,2,0,0,2,0,found
东北亚论坛,165,政治学,CSSCI,2010,2,2010年第2期,True,True,1,1,0,0,1,0,found
东北亚论坛,165,政治学,CSSCI,2010,3,2010年第3期,True,True,3,3,0,0,3,0,found
东北亚论坛,165,政治学,CSSCI,2010,4,2010年第4期,True,True,1,1,0,0,1,0,found
东北亚论坛,165,政治学,CSSCI,2010,5,2010年第5期,True,False,0,0,0,0,0,0,not_found_in_public_sources
东北亚论坛,165,政治学,CSSCI,2010,6,2010年第6期,True,True,2,2,0,0,2,0,found
东北亚论坛,165,政治学,CSSCI,2011,1,2011年第1期,True,False,0,0,0,0,0,0,not_found_in_public_sources
东北亚论坛,165,政治学,CSSCI,2011,2,2011年第2期,True,False,0,0,0,0,0,0,not_found_in_public_sources
东北亚论坛,165,政治学,CSSCI,2011,3,2011年第3期,True,True,3,3,0,0,3,0,found
东北亚论坛,165,政治学,CSSCI,2011,4,2011年第4期,True,True,2,2,0,0,2,0,found
东北亚论坛,165,政治学,CSSCI,2011,5,2011年第5期,True,True,1,1,0,0,1,0,found
东北亚论坛,165,政治学,CSSCI,2011,6,2011年第6期,True,True,1,1,0,0,1,0,found
东北亚论坛,165,政治学,CSSCI,2012,1,2012年第1期,True,True,1,1,0,0,1,0,found
东北亚论坛,165,政治学,CSSCI,2012,2,2012年第2期,True,True,1,1,0,0,1,0,found
东北亚论坛,165,政治学,CSSCI,2012,3,2012年第3期,True,True,1,1,0,0,1,0,found
东北亚论坛,165,政治学,CSSCI,2012,4,2012年第4期,True,True,1,1,0,0,1,0,found
东北亚论坛,165,政治学,CSSCI,2012,5,2012年第5期,True,True,1,1,0,0,1,0,found
东北亚论坛,165,政治学,CSSCI,2012,6,2012年第6期,True,True,3,3,0,0,3,0,found
东北亚论坛,165,政治学,CSSCI,2013,1,2013年第1期,True,True,1,1,0,0,1,0,found
东北亚论坛,165,政治学,CSSCI,2013,2,2013年第2期,True,True,3,3,0,0,3,0,found
东北亚论坛,165,政治学,CSSCI,2013,3,2013年第3期,True,True,1,1,0,0,1,0,found
东北亚论坛,165,政治学,CSSCI,2013,4,2013年第4期,True,True,2,2,0,0,2,0,found
东北亚论坛,165,政治学,CSSCI,2013,5,2013年第5期,True,True,5,5,0,0,5,0,found
东北亚论坛,165,政治学,CSSCI,2013,6,2013年第6期,True,True,2,2,0,0,2,0,found
东北亚论坛,165,政治学,CSSCI,2014,1,2014年第1期,True,True,5,5,0,0,5,0,found
东北亚论坛,165,政治学,CSSCI,2014,2,2014年第2期,True,True,4,4,0,0,4,0,found
东北亚论坛,165,政治学,CSSCI,2014,3,2014年第3期,True,True,5,5,0,0,5,0,found
东北亚论坛,165,政治学,CSSCI,2014,4,2014年第4期,True,True,3,3,0,0,3,0,found
东北亚论坛,165,政治学,CSSCI,2014,5,2014年第5期,True,True,4,4,0,0,4,0,found
东北亚论坛,165,政治学,CSSCI,2014,6,2014年第6期,True,True,1,1,0,0,1,0,found
东北亚论坛,165,政治学,CSSCI,2015,1,2015年第1期,True,True,1,1,0,0,1,0,found
东北亚论坛,165,政治学,CSSCI,2015,2,2015年第2期,True,True,3,3,0,0,3,0,found
东北亚论坛,165,政治学,CSSCI,2015,3,2015年第3期,True,True,2,2,0,0,2,0,found
东北亚论坛,165,政治学,CSSCI,2015,4,2015年第4期,True,True,3,3,0,0,3,0,found
东北亚论坛,165,政治学,CSSCI,2015,5,2015年第5期,True,True,2,2,0,0,2,0,found
东北亚论坛,165,政治学,CSSCI,2015,6,2015年第6期,True,True,2,2,0,0,2,0,found
东北亚论坛,165,政治学,CSSCI,2016,1,2016年第1期,True,True,4,4,0,0,4,0,found
东北亚论坛,165,政治学,CSSCI,2016,2,2016年第2期,True,True,4,4,0,0,4,0,found
东北亚论坛,165,政治学,CSSCI,2016,3,2016年第3期,True,True,3,3,0,0,3,0,found
东北亚论坛,165,政治学,CSSCI,2016,4,2016年第4期,True,True,2,2,0,0,2,0,found
东北亚论坛,165,政治学,CSSCI,2016,5,2016年第5期,True,True,1,1,0,0,1,0,found
东北亚论坛,165,政治学,CSSCI,2016,6,2016年第6期,True,True,3,3,0,0,3,0,found
东北亚论坛,165,政治学,CSSCI,2017,1,2017年第1期,True,False,0,0,0,0,0,0,not_found_in_public_sources
东北亚论坛,165,政治学,CSSCI,2017,2,2017年第2期,True,True,2,2,0,0,2,0,found
东北亚论坛,165,政治学,CSSCI,2017,3,2017年第3期,True,False,0,0,0,0,0,0,not_found_in_public_sources
东北亚论坛,165,政治学,CSSCI,2017,4,2017年第4期,True,True,1,1,0,0,1,0,found
东北亚论坛,165,政治学,CSSCI,2017,5,2017年第5期,True,True,1,1,0,0,1,0,found
东北亚论坛,165,政治学,CSSCI,2017,6,2017年第6期,True,False,0,0,0,0,0,0,not_found_in_public_sources
东北亚论坛,165,政治学,CSSCI,2018,1,2018年第1期,True,False,0,0,0,0,0,0,not_found_in_public_sources
东北亚论坛,165,政治学,CSSCI,2018,2,2018年第2期,True,True,2,2,0,0,2,0,found
东北亚论坛,165,政治学,CSSCI,2018,3,2018年第3期,True,True,1,1,0,0,1,0,found
东北亚论坛,165,政治学,CSSCI,2018,4,2018年第4期,True,False,0,0,0,0,0,0,not_found_in_public_sources
东北亚论坛,165,政治学,CSSCI,2018,5,2018年第5期,True,False,0,0,0,0,0,0,not_found_in_public_sources
东北亚论坛,165,政治学,CSSCI,2018,6,2018年第6期,True,False,0,0,0,0,0,0,not_found_in_public_sources
东北亚论坛,165,政治学,CSSCI,2019,1,2019年第1期,True,False,0,0,0,0,0,0,not_found_in_public_sources
东北亚论坛,165,政治学,CSSCI,2019,2,2019年第2期,True,False,0,0,0,0,0,0,not_found_in_public_sources
东北亚论坛,165,政治学,CSSCI,2019,3,2019年第3期,True,True,2,2,0,0,2,0,found
东北亚论坛,165,政治学,CSSCI,2019,4,2019年第4期,True,True,1,1,0,0,1,0,found
东北亚论坛,165,政治学,CSSCI,2019,5,2019年第5期,True,False,0,0,0,0,0,0,not_found_in_public_sources
东北亚论坛,165,政治学,CSSCI,2019,6,2019年第6期,True,False,0,0,0,0,0,0,not_found_in_public_sources
东北亚论坛,165,政治学,CSSCI,2020,1,2020年第1期,True,False,0,0,0,0,0,0,not_found_in_public_sources
东北亚论坛,165,政治学,CSSCI,2020,2,2020年第2期,True,True,1,1,0,0,1,0,found
东北亚论坛,165,政治学,CSSCI,2020,3,2020年第3期,True,False,0,0,0,0,0,0,not_found_in_public_sources
东北亚论坛,165,政治学,CSSCI,2020,4,2020年第4期,True,False,0,0,0,0,0,0,not_found_in_public_sources
东北亚论坛,165,政治学,CSSCI,2020,5,2020年第5期,True,True,1,1,0,0,1,0,found
东北亚论坛,165,政治学,CSSCI,2020,6,2020年第6期,True,False,0,0,0,0,0,0,not_found_in_public_sources
东北亚论坛,165,政治学,CSSCI,2021,1,2021年第1期,True,False,0,0,0,0,0,0,not_found_in_public_sources
东北亚论坛,165,政治学,CSSCI,2021,2,2021年第2期,True,False,0,0,0,0,0,0,not_found_in_public_sources
东北亚论坛,165,政治学,CSSCI,2021,3,2021年第3期,True,False,0,0,0,0,0,0,not_found_in_public_sources
东北亚论坛,165,政治学,CSSCI,2021,4,2021年第4期,True,False,0,0,0,0,0,0,not_found_in_public_sources
东北亚论坛,165,政治学,CSSCI,2021,5,2021年第5期,True,False,0,0,0,0,0,0,not_found_in_public_sources
东北亚论坛,165,政治学,CSSCI,2021,6,2021年第6期,True,False,0,0,0,0,0,0,not_found_in_public_sources
东北亚论坛,165,政治学,CSSCI,2022,1,2022年第1期,True,False,0,0,0,0,0,0,not_found_in_public_sources
东北亚论坛,165,政治学,CSSCI,2022,2,2022年第2期,True,False,0,0,0,0,0,0,not_found_in_public_sources
东北亚论坛,165,政治学,CSSCI,2022,3,2022年第3期,True,False,0,0,0,0,0,0,not_found_in_public_sources
东北亚论坛,165,政治学,CSSCI,2022,4,2022年第4期,True,False,0,0,0,0,0,0,not_found_in_public_sources
东北亚论坛,165,政治学,CSSCI,2022,5,2022年第5期,True,False,0,0,0,0,0,0,not_found_in_public_sources
东北亚论坛,165,政治学,CSSCI,2022,6,2022年第6期,True,False,0,0,0,0,0,0,not_found_in_public_sources
东北亚论坛,165,政治学,CSSCI,2023,1,2023年第1期,True,False,0,0,0,0,0,0,not_found_in_public_sources
东北亚论坛,165,政治学,CSSCI,2023,2,2023年第2期,True,False,0,0,0,0,0,0,not_found_in_public_sources
东北亚论坛,165,政治学,CSSCI,2023,3,2023年第3期,True,False,0,0,0,0,0,0,not_found_in_public_sources
东北亚论坛,165,政治学,CSSCI,2023,4,2023年第4期,True,False,0,0,0,0,0,0,not_found_in_public_sources
东北亚论坛,165,政治学,CSSCI,2023,5,2023年第5期,True,False,0,0,0,0,0,0,not_found_in_public_sources
东北亚论坛,165,政治学,CSSCI,2023,6,2023年第6期,True,False,0,0,0,0,0,0,not_found_in_public_sources
东北亚论坛,165,政治学,CSSCI,2024,1,2024年第1期,True,False,0,0,0,0,0,0,not_found_in_public_sources
东北亚论坛,165,政治学,CSSCI,2024,2,2024年第2期,True,False,0,0,0,0,0,0,not_found_in_public_sources
东北亚论坛,165,政治学,CSSCI,2024,3,2024年第3期,True,False,0,0,0,0,0,0,not_found_in_public_sources
东北亚论坛,165,政治学,CSSCI,2024,4,2024年第4期,True,False,0,0,0,0,0,0,not_found_in_public_sources
东北亚论坛,165,政治学,CSSCI,2024,5,2024年第5期,True,False,0,0,0,0,0,0,not_found_in_public_sources
东北亚论坛,165,政治学,CSSCI,2024,6,2024年第6期,True,False,0,0,0,0,0,0,not_found_in_public_sources
东北亚论坛,165,政治学,CSSCI,2025,1,2025年第1期,True,False,0,0,0,0,0,0,not_found_in_public_sources
东北亚论坛,165,政治学,CSSCI,2025,2,2025年第2期,True,False,0,0,0,0,0,0,not_found_in_public_sources
东北亚论坛,165,政治学,CSSCI,2025,3,2025年第3期,True,False,0,0,0,0,0,0,not_found_in_public_sources
东北亚论坛,165,政治学,CSSCI,2025,4,2025年第4期,True,False,0,0,0,0,0,0,not_found_in_public_sources
东北亚论坛,165,政治学,CSSCI,2025,5,2025年第5期,True,False,0,0,0,0,0,0,not_found_in_public_sources
东北亚论坛,165,政治学,CSSCI,2025,6,2025年第6期,True,False,0,0,0,0,0,0,not_found_in_public_sources
东南亚研究,166,政治学,CSSCI,1989,1,1989年第1期,True,True,1,1,0,0,1,0,found
东南亚研究,166,政治学,CSSCI,1989,2,1989年第2期,True,True,1,1,0,0,1,0,found
东南亚研究,166,政治学,CSSCI,1989,3,1989年第3期,True,False,0,0,0,0,0,0,not_found_in_public_sources
东南亚研究,166,政治学,CSSCI,1989,4,1989年第4期,True,True,2,2,0,0,2,0,found
东南亚研究,166,政治学,CSSCI,1990,1,1990年第1期,True,False,0,0,0,0,0,0,not_found_in_public_sources
东南亚研究,166,政治学,CSSCI,1990,2,1990年第2期,True,True,1,1,0,0,1,0,found
东南亚研究,166,政治学,CSSCI,1990,3,1990年第3期,True,True,2,2,0,0,2,0,found
东南亚研究,166,政治学,CSSCI,1990,4,1990年第4期,True,True,1,1,0,0,1,0,found
东南亚研究,166,政治学,CSSCI,1991,1,1991年第1期,True,False,0,0,0,0,0,0,not_found_in_public_sources
东南亚研究,166,政治学,CSSCI,1991,2,1991年第2期,True,False,0,0,0,0,0,0,not_found_in_public_sources
东南亚研究,166,政治学,CSSCI,1991,3,1991年第3期,True,True,1,1,0,0,1,0,found
东南亚研究,166,政治学,CSSCI,1991,4,1991年第4期,True,True,1,1,0,0,1,0,found
东南亚研究,166,政治学,CSSCI,1992,1,1992年第1期,True,False,0,0,0,0,0,0,not_found_in_public_sources
东南亚研究,166,政治学,CSSCI,1992,2,1992年第2期,True,True,1,1,0,0,1,0,found
东南亚研究,166,政治学,CSSCI,1992,3,1992年第3期,True,False,0,0,0,0,0,0,not_found_in_public_sources
东南亚研究,166,政治学,CSSCI,1992,4,1992年第4期,True,False,0,0,0,0,0,0,not_found_in_public_sources
东南亚研究,166,政治学,CSSCI,1993,1,1993年第1期,True,True,1,1,0,0,1,0,found
东南亚研究,166,政治学,CSSCI,1993,2,1993年第2期,True,True,1,1,0,0,1,0,found
东南亚研究,166,政治学,CSSCI,1993,3,1993年第3期,True,True,2,2,0,0,2,0,found
东南亚研究,166,政治学,CSSCI,1993,4,1993年第4期,True,True,8,8,0,0,8,0,found
东南亚研究,166,政治学,CSSCI,1994,1,1994年第1期,True,True,3,3,0,0,3,0,found
东南亚研究,166,政治学,CSSCI,1994,2,1994年第2期,True,True,2,2,0,0,2,0,found
东南亚研究,166,政治学,CSSCI,1994,3,1994年第3期,True,False,0,0,0,0,0,0,not_found_in_public_sources
东南亚研究,166,政治学,CSSCI,1994,4,1994年第4期,True,True,2,2,0,0,2,0,found
东南亚研究,166,政治学,CSSCI,1995,1,1995年第1期,True,True,3,3,0,0,3,0,found
东南亚研究,166,政治学,CSSCI,1995,2,1995年第2期,True,True,3,3,0,0,3,0,found
东南亚研究,166,政治学,CSSCI,1995,3,1995年第3期,True,True,1,1,0,0,1,0,found
东南亚研究,166,政治学,CSSCI,1995,4,1995年第4期,True,True,1,1,0,0,1,0,found
东南亚研究,166,政治学,CSSCI,1996,1,1996年第1期,True,False,0,0,0,0,0,0,not_found_in_public_sources
东南亚研究,166,政治学,CSSCI,1996,2,1996年第2期,True,True,1,1,0,0,1,0,found
东南亚研究,166,政治学,CSSCI,1996,3,1996年第3期,True,False,0,0,0,0,0,0,not_found_in_public_sources
东南亚研究,166,政治学,CSSCI,1996,4,1996年第4期,True,False,0,0,0,0,0,0,not_found_in_public_sources
东南亚研究,166,政治学,CSSCI,1997,1,1997年第1期,True,True,3,3,0,0,3,0,found
东南亚研究,166,政治学,CSSCI,1997,2,1997年第2期,True,False,0,0,0,0,0,0,not_found_in_public_sources
东南亚研究,166,政治学,CSSCI,1997,3,1997年第3期,True,True,1,1,0,0,1,0,found
东南亚研究,166,政治学,CSSCI,1997,4,1997年第4期,True,True,2,2,0,0,2,0,found
东南亚研究,166,政治学,CSSCI,1998,1,1998年第1期,True,True,1,1,0,0,1,0,found
东南亚研究,166,政治学,CSSCI,1998,2,1998年第2期,True,True,2,2,0,0,2,0,found
东南亚研究,166,政治学,CSSCI,1998,3,1998年第3期,True,True,2,2,0,0,2,0,found
东南亚研究,166,政治学,CSSCI,1998,4,1998年第4期,True,True,2,2,0,0,2,0,found
东南亚研究,166,政治学,CSSCI,1999,1,1999年第1期,True,True,1,1,0,0,1,0,found
东南亚研究,166,政治学,CSSCI,1999,2,1999年第2期,True,False,0,0,0,0,0,0,not_found_in_public_sources
东南亚研究,166,政治学,CSSCI,1999,3,1999年第3期,True,False,0,0,0,0,0,0,not_found_in_public_sources
东南亚研究,166,政治学,CSSCI,1999,4,1999年第4期,True,True,1,1,0,0,1,0,found
东南亚研究,166,政治学,CSSCI,2000,1,2000年第1期,True,False,0,0,0,0,0,0,not_found_in_public_sources
东南亚研究,166,政治学,CSSCI,2000,2,2000年第2期,True,False,0,0,0,0,0,0,not_found_in_public_sources
东南亚研究,166,政治学,CSSCI,2000,3,2000年第3期,True,False,0,0,0,0,0,0,not_found_in_public_sources
东南亚研究,166,政治学,CSSCI,2000,4,2000年第4期,True,False,0,0,0,0,0,0,not_found_in_public_sources
东南亚研究,166,政治学,CSSCI,2001,1,2001年第1期,True,False,0,0,0,0,0,0,not_found_in_public_sources
东南亚研究,166,政治学,CSSCI,2001,2,2001年第2期,True,False,0,0,0,0,0,0,not_found_in_public_sources
东南亚研究,166,政治学,CSSCI,2001,3,2001年第3期,True,False,0,0,0,0,0,0,not_found_in_public_sources
东南亚研究,166,政治学,CSSCI,2001,4,2001年第4期,True,False,0,0,0,0,0,0,not_found_in_public_sources
东南亚研究,166,政治学,CSSCI,2002,1,2002年第1期,True,False,0,0,0,0,0,0,not_found_in_public_sources
东南亚研究,166,政治学,CSSCI,2002,2,2002年第2期,True,False,0,0,0,0,0,0,not_found_in_public_sources
东南亚研究,166,政治学,CSSCI,2002,3,2002年第3期,True,False,0,0,0,0,0,0,not_found_in_public_sources
东南亚研究,166,政治学,CSSCI,2002,4,2002年第4期,True,False,0,0,0,0,0,0,not_found_in_public_sources
东南亚研究,166,政治学,CSSCI,2003,1,2003年第1期,True,False,0,0,0,0,0,0,not_found_in_public_sources
东南亚研究,166,政治学,CSSCI,2003,2,2003年第2期,True,False,0,0,0,0,0,0,not_found_in_public_sources
东南亚研究,166,政治学,CSSCI,2003,3,2003年第3期,True,False,0,0,0,0,0,0,not_found_in_public_sources
东南亚研究,166,政治学,CSSCI,2003,4,2003年第4期,True,False,0,0,0,0,0,0,not_found_in_public_sources
东南亚研究,166,政治学,CSSCI,2004,1,2004年第1期,True,False,0,0,0,0,0,0,not_found_in_public_sources
东南亚研究,166,政治学,CSSCI,2004,2,2004年第2期,True,False,0,0,0,0,0,0,not_found_in_public_sources
东南亚研究,166,政治学,CSSCI,2004,3,2004年第3期,True,False,0,0,0,0,0,0,not_found_in_public_sources
东南亚研究,166,政治学,CSSCI,2004,4,2004年第4期,True,False,0,0,0,0,0,0,not_found_in_public_sources
东南亚研究,166,政治学,CSSCI,2005,1,2005年第1期,True,False,0,0,0,0,0,0,not_found_in_public_sources
东南亚研究,166,政治学,CSSCI,2005,2,2005年第2期,True,False,0,0,0,0,0,0,not_found_in_public_sources
东南亚研究,166,政治学,CSSCI,2005,3,2005年第3期,True,False,0,0,0,0,0,0,not_found_in_public_sources
东南亚研究,166,政治学,CSSCI,2005,4,2005年第4期,True,False,0,0,0,0,0,0,not_found_in_public_sources
东南亚研究,166,政治学,CSSCI,2006,1,2006年第1期,True,False,0,0,0,0,0,0,not_found_in_public_sources
东南亚研究,166,政治学,CSSCI,2006,2,2006年第2期,True,False,0,0,0,0,0,0,not_found_in_public_sources
东南亚研究,166,政治学,CSSCI,2006,3,2006年第3期,True,False,0,0,0,0,0,0,not_found_in_public_sources
东南亚研究,166,政治学,CSSCI,2006,4,2006年第4期,True,False,0,0,0,0,0,0,not_found_in_public_sources
东南亚研究,166,政治学,CSSCI,2007,1,2007年第1期,True,False,0,0,0,0,0,0,not_found_in_public_sources
东南亚研究,166,政治学,CSSCI,2007,2,2007年第2期,True,False,0,0,0,0,0,0,not_found_in_public_sources
东南亚研究,166,政治学,CSSCI,2007,3,2007年第3期,True,False,0,0,0,0,0,0,not_found_in_public_sources
东南亚研究,166,政治学,CSSCI,2007,4,2007年第4期,True,False,0,0,0,0,0,0,not_found_in_public_sources
东南亚研究,166,政治学,CSSCI,2008,1,2008年第1期,True,False,0,0,0,0,0,0,not_found_in_public_sources
东南亚研究,166,政治学,CSSCI,2008,2,2008年第2期,True,False,0,0,0,0,0,0,not_found_in_public_sources
东南亚研究,166,政治学,CSSCI,2008,3,2008年第3期,True,False,0,0,0,0,0,0,not_found_in_public_sources
东南亚研究,166,政治学,CSSCI,2008,4,2008年第4期,True,False,0,0,0,0,0,0,not_found_in_public_sources
东南亚研究,166,政治学,CSSCI,2009,1,2009年第1期,True,True,3,3,0,0,3,0,found
东南亚研究,166,政治学,CSSCI,2009,2,2009年第2期,True,True,2,2,0,0,2,0,found
东南亚研究,166,政治学,CSSCI,2009,3,2009年第3期,True,True,2,2,0,0,2,0,found
东南亚研究,166,政治学,CSSCI,2009,4,2009年第4期,True,True,3,3,0,0,3,0,found
东南亚研究,166,政治学,CSSCI,2010,1,2010年第1期,True,True,8,8,0,0,8,0,found
东南亚研究,166,政治学,CSSCI,2010,2,2010年第2期,True,False,0,0,0,0,0,0,not_found_in_public_sources
东南亚研究,166,政治学,CSSCI,2010,3,2010年第3期,True,True,2,2,0,0,2,0,found
东南亚研究,166,政治学,CSSCI,2010,4,2010年第4期,True,True,2,2,0,0,2,0,found
东南亚研究,166,政治学,CSSCI,2011,1,2011年第1期,True,True,21,21,0,0,21,0,found
东南亚研究,166,政治学,CSSCI,2011,2,2011年第2期,True,True,3,3,0,0,3,0,found
东南亚研究,166,政治学,CSSCI,2011,3,2011年第3期,True,False,0,0,0,0,0,0,not_found_in_public_sources
东南亚研究,166,政治学,CSSCI,2011,4,2011年第4期,True,True,2,2,0,0,2,0,found
东南亚研究,166,政治学,CSSCI,2012,1,2012年第1期,True,True,1,1,0,0,1,0,found
东南亚研究,166,政治学,CSSCI,2012,2,2012年第2期,True,True,2,2,0,0,2,0,found
东南亚研究,166,政治学,CSSCI,2012,3,2012年第3期,True,True,1,1,0,0,1,0,found
东南亚研究,166,政治学,CSSCI,2012,4,2012年第4期,True,True,4,4,0,0,4,0,found
东南亚研究,166,政治学,CSSCI,2013,1,2013年第1期,True,True,3,3,0,0,3,0,found
东南亚研究,166,政治学,CSSCI,2013,2,2013年第2期,True,True,3,3,0,0,3,0,found
东南亚研究,166,政治学,CSSCI,2013,3,2013年第3期,True,True,4,4,0,0,4,0,found
东南亚研究,166,政治学,CSSCI,2013,4,2013年第4期,True,True,1,1,0,0,1,0,found
东南亚研究,166,政治学,CSSCI,2014,1,2014年第1期,True,True,1,1,0,0,1,0,found
东南亚研究,166,政治学,CSSCI,2014,2,2014年第2期,True,True,3,3,0,0,3,0,found
东南亚研究,166,政治学,CSSCI,2014,3,2014年第3期,True,True,1,1,0,0,1,0,found
东南亚研究,166,政治学,CSSCI,2014,4,2014年第4期,True,True,4,4,0,0,4,0,found
东南亚研究,166,政治学,CSSCI,2015,1,2015年第1期,True,True,1,1,0,0,1,0,found
东南亚研究,166,政治学,CSSCI,2015,2,2015年第2期,True,True,3,3,0,0,3,0,found
东南亚研究,166,政治学,CSSCI,2015,3,2015年第3期,True,True,1,1,0,0,1,0,found
东南亚研究,166,政治学,CSSCI,2015,4,2015年第4期,True,True,4,4,0,0,4,0,found
东南亚研究,166,政治学,CSSCI,2016,1,2016年第1期,True,True,3,3,0,0,3,0,found
东南亚研究,166,政治学,CSSCI,2016,2,2016年第2期,True,True,4,4,0,0,4,0,found
东南亚研究,166,政治学,CSSCI,2016,3,2016年第3期,True,False,0,0,0,0,0,0,not_found_in_public_sources
东南亚研究,166,政治学,CSSCI,2016,4,2016年第4期,True,False,0,0,0,0,0,0,not_found_in_public_sources
东南亚研究,166,政治学,CSSCI,2017,1,2017年第1期,True,False,0,0,0,0,0,0,not_found_in_public_sources
东南亚研究,166,政治学,CSSCI,2017,2,2017年第2期,True,False,0,0,0,0,0,0,not_found_in_public_sources
东南亚研究,166,政治学,CSSCI,2017,3,2017年第3期,True,True,2,2,0,0,2,0,found
东南亚研究,166,政治学,CSSCI,2017,4,2017年第4期,True,False,0,0,0,0,0,0,not_found_in_public_sources
东南亚研究,166,政治学,CSSCI,2018,1,2018年第1期,True,False,0,0,0,0,0,0,not_found_in_public_sources
东南亚研究,166,政治学,CSSCI,2018,2,2018年第2期,True,False,0,0,0,0,0,0,not_found_in_public_sources
东南亚研究,166,政治学,CSSCI,2018,3,2018年第3期,True,False,0,0,0,0,0,0,not_found_in_public_sources
东南亚研究,166,政治学,CSSCI,2018,4,2018年第4期,True,False,0,0,0,0,0,0,not_found_in_public_sources
东南亚研究,166,政治学,CSSCI,2019,1,2019年第1期,True,False,0,0,0,0,0,0,not_found_in_public_sources
东南亚研究,166,政治学,CSSCI,2019,2,2019年第2期,True,False,0,0,0,0,0,0,not_found_in_public_sources
东南亚研究,166,政治学,CSSCI,2019,3,2019年第3期,True,False,0,0,0,0,0,0,not_found_in_public_sources
东南亚研究,166,政治学,CSSCI,2019,4,2019年第4期,True,False,0,0,0,0,0,0,not_found_in_public_sources
东南亚研究,166,政治学,CSSCI,2020,1,2020年第1期,True,False,0,0,0,0,0,0,not_found_in_public_sources
东南亚研究,166,政治学,CSSCI,2020,2,2020年第2期,True,False,0,0,0,0,0,0,not_found_in_public_sources
东南亚研究,166,政治学,CSSCI,2020,3,2020年第3期,True,False,0,0,0,0,0,0,not_found_in_public_sources
东南亚研究,166,政治学,CSSCI,2020,4,2020年第4期,True,False,0,0,0,0,0,0,not_found_in_public_sources
东南亚研究,166,政治学,CSSCI,2021,1,2021年第1期,True,False,0,0,0,0,0,0,not_found_in_public_sources
东南亚研究,166,政治学,CSSCI,2021,2,2021年第2期,True,False,0,0,0,0,0,0,not_found_in_public_sources
东南亚研究,166,政治学,CSSCI,2021,3,2021年第3期,True,False,0,0,0,0,0,0,not_found_in_public_sources
东南亚研究,166,政治学,CSSCI,2021,4,2021年第4期,True,False,0,0,0,0,0,0,not_found_in_public_sources
东南亚研究,166,政治学,CSSCI,2022,1,2022年第1期,True,False,0,0,0,0,0,0,not_found_in_public_sources
东南亚研究,166,政治学,CSSCI,2022,2,2022年第2期,True,False,0,0,0,0,0,0,not_found_in_public_sources
东南亚研究,166,政治学,CSSCI,2022,3,2022年第3期,True,False,0,0,0,0,0,0,not_found_in_public_sources
东南亚研究,166,政治学,CSSCI,2022,4,2022年第4期,True,False,0,0,0,0,0,0,not_found_in_public_sources
东南亚研究,166,政治学,CSSCI,2023,1,2023年第1期,True,False,0,0,0,0,0,0,not_found_in_public_sources
东南亚研究,166,政治学,CSSCI,2023,2,2023年第2期,True,False,0,0,0,0,0,0,not_found_in_public_sources
东南亚研究,166,政治学,CSSCI,2023,3,2023年第3期,True,False,0,0,0,0,0,0,not_found_in_public_sources
东南亚研究,166,政治学,CSSCI,2023,4,2023年第4期,True,False,0,0,0,0,0,0,not_found_in_public_sources
东南亚研究,166,政治学,CSSCI,2024,1,2024年第1期,True,False,0,0,0,0,0,0,not_found_in_public_sources
东南亚研究,166,政治学,CSSCI,2024,2,2024年第2期,True,False,0,0,0,0,0,0,not_found_in_public_sources
东南亚研究,166,政治学,CSSCI,2024,3,2024年第3期,True,False,0,0,0,0,0,0,not_found_in_public_sources
东南亚研究,166,政治学,CSSCI,2024,4,2024年第4期,True,False,0,0,0,0,0,0,not_found_in_public_sources
东南亚研究,166,政治学,CSSCI,2025,1,2025年第1期,True,False,0,0,0,0,0,0,not_found_in_public_sources
东南亚研究,166,政治学,CSSCI,2025,2,2025年第2期,True,False,0,0,0,0,0,0,not_found_in_public_sources
东南亚研究,166,政治学,CSSCI,2025,3,2025年第3期,True,False,0,0,0,0,0,0,not_found_in_public_sources
东南亚研究,166,政治学,CSSCI,2025,4,2025年第4期,True,False,0,0,0,0,0,0,not_found_in_public_sources
东南亚研究,166,政治学,CSSCI,2026,,2026年,False,False,0,0,0,0,0,0,2026_no_public_issue_found
南洋问题研究,167,政治学,CSSCI,1989,1,1989年第1期,True,True,2,2,0,0,2,0,found
南洋问题研究,167,政治学,CSSCI,1989,2,1989年第2期,True,True,1,1,0,0,1,0,found
南洋问题研究,167,政治学,CSSCI,1989,3,1989年第3期,True,True,3,3,0,0,3,0,found
南洋问题研究,167,政治学,CSSCI,1989,4,1989年第4期,True,True,1,1,0,0,1,0,found
南洋问题研究,167,政治学,CSSCI,1990,1,1990年第1期,True,False,0,0,0,0,0,0,not_found_in_public_sources
南洋问题研究,167,政治学,CSSCI,1990,2,1990年第2期,True,True,1,1,0,0,1,0,found
南洋问题研究,167,政治学,CSSCI,1990,3,1990年第3期,True,True,1,1,0,0,1,0,found
南洋问题研究,167,政治学,CSSCI,1990,4,1990年第4期,True,True,2,2,0,0,2,0,found
南洋问题研究,167,政治学,CSSCI,1991,1,1991年第1期,True,True,1,1,0,0,1,0,found
南洋问题研究,167,政治学,CSSCI,1991,2,1991年第2期,True,True,1,1,0,0,1,0,found
南洋问题研究,167,政治学,CSSCI,1991,3,1991年第3期,True,False,0,0,0,0,0,0,not_found_in_public_sources
南洋问题研究,167,政治学,CSSCI,1991,4,1991年第4期,True,False,0,0,0,0,0,0,not_found_in_public_sources
南洋问题研究,167,政治学,CSSCI,1992,1,1992年第1期,True,True,1,1,0,0,1,0,found
南洋问题研究,167,政治学,CSSCI,1992,2,1992年第2期,True,True,3,3,0,0,3,0,found
南洋问题研究,167,政治学,CSSCI,1992,3,1992年第3期,True,False,0,0,0,0,0,0,not_found_in_public_sources
南洋问题研究,167,政治学,CSSCI,1992,4,1992年第4期,True,False,0,0,0,0,0,0,not_found_in_public_sources
南洋问题研究,167,政治学,CSSCI,1993,1,1993年第1期,True,True,1,1,0,0,1,0,found
南洋问题研究,167,政治学,CSSCI,1993,2,1993年第2期,True,True,1,1,0,0,1,0,found
南洋问题研究,167,政治学,CSSCI,1993,3,1993年第3期,True,False,0,0,0,0,0,0,not_found_in_public_sources
南洋问题研究,167,政治学,CSSCI,1993,4,1993年第4期,True,True,1,1,0,0,1,0,found
南洋问题研究,167,政治学,CSSCI,1994,1,1994年第1期,True,True,2,2,0,0,2,0,found
南洋问题研究,167,政治学,CSSCI,1994,2,1994年第2期,True,True,1,1,0,0,1,0,found
南洋问题研究,167,政治学,CSSCI,1994,3,1994年第3期,True,False,0,0,0,0,0,0,not_found_in_public_sources
南洋问题研究,167,政治学,CSSCI,1994,4,1994年第4期,True,False,0,0,0,0,0,0,not_found_in_public_sources
南洋问题研究,167,政治学,CSSCI,1995,1,1995年第1期,True,True,2,2,0,0,2,0,found
南洋问题研究,167,政治学,CSSCI,1995,2,1995年第2期,True,True,1,1,0,0,1,0,found
南洋问题研究,167,政治学,CSSCI,1995,3,1995年第3期,True,False,0,0,0,0,0,0,not_found_in_public_sources
南洋问题研究,167,政治学,CSSCI,1995,4,1995年第4期,True,False,0,0,0,0,0,0,not_found_in_public_sources
南洋问题研究,167,政治学,CSSCI,1996,1,1996年第1期,True,True,1,1,0,0,1,0,found
南洋问题研究,167,政治学,CSSCI,1996,2,1996年第2期,True,True,1,1,0,0,1,0,found
南洋问题研究,167,政治学,CSSCI,1996,3,1996年第3期,True,True,1,1,0,0,1,0,found
南洋问题研究,167,政治学,CSSCI,1996,4,1996年第4期,True,True,1,1,0,0,1,0,found
南洋问题研究,167,政治学,CSSCI,1997,1,1997年第1期,True,True,1,1,0,0,1,0,found
南洋问题研究,167,政治学,CSSCI,1997,2,1997年第2期,True,False,0,0,0,0,0,0,not_found_in_public_sources
南洋问题研究,167,政治学,CSSCI,1997,3,1997年第3期,True,True,1,1,0,0,1,0,found
南洋问题研究,167,政治学,CSSCI,1997,4,1997年第4期,True,True,1,1,0,0,1,0,found
南洋问题研究,167,政治学,CSSCI,1998,1,1998年第1期,True,False,0,0,0,0,0,0,not_found_in_public_sources
南洋问题研究,167,政治学,CSSCI,1998,2,1998年第2期,True,False,0,0,0,0,0,0,not_found_in_public_sources
南洋问题研究,167,政治学,CSSCI,1998,3,1998年第3期,True,False,0,0,0,0,0,0,not_found_in_public_sources
南洋问题研究,167,政治学,CSSCI,1998,4,1998年第4期,True,True,1,1,0,0,1,0,found
南洋问题研究,167,政治学,CSSCI,1999,1,1999年第1期,True,True,2,2,0,0,2,0,found
南洋问题研究,167,政治学,CSSCI,1999,2,1999年第2期,True,False,0,0,0,0,0,0,not_found_in_public_sources
南洋问题研究,167,政治学,CSSCI,1999,3,1999年第3期,True,False,0,0,0,0,0,0,not_found_in_public_sources
南洋问题研究,167,政治学,CSSCI,1999,4,1999年第4期,True,True,2,2,0,0,2,0,found
南洋问题研究,167,政治学,CSSCI,2000,1,2000年第1期,True,False,0,0,0,0,0,0,not_found_in_public_sources
南洋问题研究,167,政治学,CSSCI,2000,2,2000年第2期,True,False,0,0,0,0,0,0,not_found_in_public_sources
南洋问题研究,167,政治学,CSSCI,2000,3,2000年第3期,True,False,0,0,0,0,0,0,not_found_in_public_sources
南洋问题研究,167,政治学,CSSCI,2000,4,2000年第4期,True,True,2,2,0,0,2,0,found
南洋问题研究,167,政治学,CSSCI,2001,1,2001年第1期,True,True,2,2,0,0,2,0,found
南洋问题研究,167,政治学,CSSCI,2001,2,2001年第2期,True,False,0,0,0,0,0,0,not_found_in_public_sources
南洋问题研究,167,政治学,CSSCI,2001,3,2001年第3期,True,False,0,0,0,0,0,0,not_found_in_public_sources
南洋问题研究,167,政治学,CSSCI,2001,4,2001年第4期,True,True,1,1,0,0,1,0,found
南洋问题研究,167,政治学,CSSCI,2002,1,2002年第1期,True,False,0,0,0,0,0,0,not_found_in_public_sources
南洋问题研究,167,政治学,CSSCI,2002,2,2002年第2期,True,True,1,1,0,0,1,0,found
南洋问题研究,167,政治学,CSSCI,2002,3,2002年第3期,True,True,1,1,0,0,1,0,found
南洋问题研究,167,政治学,CSSCI,2002,4,2002年第4期,True,False,0,0,0,0,0,0,not_found_in_public_sources
南洋问题研究,167,政治学,CSSCI,2003,1,2003年第1期,True,True,2,2,0,0,2,0,found
南洋问题研究,167,政治学,CSSCI,2003,2,2003年第2期,True,False,0,0,0,0,0,0,not_found_in_public_sources
南洋问题研究,167,政治学,CSSCI,2003,3,2003年第3期,True,True,1,1,0,0,1,0,found
南洋问题研究,167,政治学,CSSCI,2003,4,2003年第4期,True,True,1,1,0,0,1,0,found
南洋问题研究,167,政治学,CSSCI,2004,1,2004年第1期,True,True,2,2,0,0,2,0,found
南洋问题研究,167,政治学,CSSCI,2004,2,2004年第2期,True,True,1,1,0,0,1,0,found
南洋问题研究,167,政治学,CSSCI,2004,3,2004年第3期,True,True,2,2,0,0,2,0,found
南洋问题研究,167,政治学,CSSCI,2004,4,2004年第4期,True,True,2,2,0,0,2,0,found
南洋问题研究,167,政治学,CSSCI,2005,1,2005年第1期,True,True,4,4,0,0,4,0,found
南洋问题研究,167,政治学,CSSCI,2005,2,2005年第2期,True,True,5,5,0,0,5,0,found
南洋问题研究,167,政治学,CSSCI,2005,3,2005年第3期,True,True,1,1,0,0,1,0,found
南洋问题研究,167,政治学,CSSCI,2005,4,2005年第4期,True,True,3,3,0,0,3,0,found
南洋问题研究,167,政治学,CSSCI,2006,1,2006年第1期,True,True,1,1,0,0,1,0,found
南洋问题研究,167,政治学,CSSCI,2006,2,2006年第2期,True,True,2,2,0,0,2,0,found
南洋问题研究,167,政治学,CSSCI,2006,3,2006年第3期,True,True,3,3,0,0,3,0,found
南洋问题研究,167,政治学,CSSCI,2006,4,2006年第4期,True,False,0,0,0,0,0,0,not_found_in_public_sources
南洋问题研究,167,政治学,CSSCI,2007,1,2007年第1期,True,True,4,4,0,0,4,0,found
南洋问题研究,167,政治学,CSSCI,2007,2,2007年第2期,True,True,3,3,0,0,3,0,found
南洋问题研究,167,政治学,CSSCI,2007,3,2007年第3期,True,False,0,0,0,0,0,0,not_found_in_public_sources
南洋问题研究,167,政治学,CSSCI,2007,4,2007年第4期,True,False,0,0,0,0,0,0,not_found_in_public_sources
南洋问题研究,167,政治学,CSSCI,2008,1,2008年第1期,True,True,4,4,0,0,4,0,found
南洋问题研究,167,政治学,CSSCI,2008,2,2008年第2期,True,True,2,2,0,0,2,0,found
南洋问题研究,167,政治学,CSSCI,2008,3,2008年第3期,True,True,2,2,0,0,2,0,found
南洋问题研究,167,政治学,CSSCI,2008,4,2008年第4期,True,True,1,1,0,0,1,0,found
南洋问题研究,167,政治学,CSSCI,2009,1,2009年第1期,True,True,2,2,0,0,2,0,found
南洋问题研究,167,政治学,CSSCI,2009,2,2009年第2期,True,True,2,2,0,0,2,0,found
南洋问题研究,167,政治学,CSSCI,2009,3,2009年第3期,True,True,1,1,0,0,1,0,found
南洋问题研究,167,政治学,CSSCI,2009,4,2009年第4期,True,False,0,0,0,0,0,0,not_found_in_public_sources
南洋问题研究,167,政治学,CSSCI,2010,1,2010年第1期,True,False,0,0,0,0,0,0,not_found_in_public_sources
南洋问题研究,167,政治学,CSSCI,2010,2,2010年第2期,True,True,3,3,0,0,3,0,found
南洋问题研究,167,政治学,CSSCI,2010,3,2010年第3期,True,True,2,2,0,0,2,0,found
南洋问题研究,167,政治学,CSSCI,2010,4,2010年第4期,True,True,2,2,0,0,2,0,found
南洋问题研究,167,政治学,CSSCI,2011,1,2011年第1期,True,True,5,5,0,0,5,0,found
南洋问题研究,167,政治学,CSSCI,2011,2,2011年第2期,True,True,1,1,0,0,1,0,found
南洋问题研究,167,政治学,CSSCI,2011,3,2011年第3期,True,False,0,0,0,0,0,0,not_found_in_public_sources
南洋问题研究,167,政治学,CSSCI,2011,4,2011年第4期,True,True,4,4,0,0,4,0,found
南洋问题研究,167,政治学,CSSCI,2012,1,2012年第1期,True,True,1,1,0,0,1,0,found
南洋问题研究,167,政治学,CSSCI,2012,2,2012年第2期,True,True,2,2,0,0,2,0,found
南洋问题研究,167,政治学,CSSCI,2012,3,2012年第3期,True,True,2,2,0,0,2,0,found
南洋问题研究,167,政治学,CSSCI,2012,4,2012年第4期,True,True,1,1,0,0,1,0,found
南洋问题研究,167,政治学,CSSCI,2013,1,2013年第1期,True,True,1,1,0,0,1,0,found
南洋问题研究,167,政治学,CSSCI,2013,2,2013年第2期,True,True,4,4,0,0,4,0,found
南洋问题研究,167,政治学,CSSCI,2013,3,2013年第3期,True,True,2,2,0,0,2,0,found
南洋问题研究,167,政治学,CSSCI,2013,4,2013年第4期,True,True,3,3,0,0,3,0,found
南洋问题研究,167,政治学,CSSCI,2014,1,2014年第1期,True,True,2,2,0,0,2,0,found
南洋问题研究,167,政治学,CSSCI,2014,2,2014年第2期,True,True,2,2,0,0,2,0,found
南洋问题研究,167,政治学,CSSCI,2014,3,2014年第3期,True,True,1,1,0,0,1,0,found
南洋问题研究,167,政治学,CSSCI,2014,4,2014年第4期,True,True,4,4,0,0,4,0,found
南洋问题研究,167,政治学,CSSCI,2015,1,2015年第1期,True,True,1,1,0,0,1,0,found
南洋问题研究,167,政治学,CSSCI,2015,2,2015年第2期,True,True,1,1,0,0,1,0,found
南洋问题研究,167,政治学,CSSCI,2015,3,2015年第3期,True,True,4,4,0,0,4,0,found
南洋问题研究,167,政治学,CSSCI,2015,4,2015年第4期,True,True,2,2,0,0,2,0,found
南洋问题研究,167,政治学,CSSCI,2016,1,2016年第1期,True,True,4,4,0,0,4,0,found
南洋问题研究,167,政治学,CSSCI,2016,2,2016年第2期,True,True,3,3,0,0,3,0,found
南洋问题研究,167,政治学,CSSCI,2016,3,2016年第3期,True,False,0,0,0,0,0,0,not_found_in_public_sources
南洋问题研究,167,政治学,CSSCI,2016,4,2016年第4期,True,True,1,1,0,0,1,0,found
南洋问题研究,167,政治学,CSSCI,2017,1,2017年第1期,True,True,1,1,0,0,1,0,found
南洋问题研究,167,政治学,CSSCI,2017,2,2017年第2期,True,False,0,0,0,0,0,0,not_found_in_public_sources
南洋问题研究,167,政治学,CSSCI,2017,3,2017年第3期,True,True,1,1,0,0,1,0,found
南洋问题研究,167,政治学,CSSCI,2017,4,2017年第4期,True,True,2,2,0,0,2,0,found
南洋问题研究,167,政治学,CSSCI,2018,1,2018年第1期,True,True,1,1,0,0,1,0,found
南洋问题研究,167,政治学,CSSCI,2018,2,2018年第2期,True,False,0,0,0,0,0,0,not_found_in_public_sources
南洋问题研究,167,政治学,CSSCI,2018,3,2018年第3期,True,False,0,0,0,0,0,0,not_found_in_public_sources
南洋问题研究,167,政治学,CSSCI,2018,4,2018年第4期,True,False,0,0,0,0,0,0,not_found_in_public_sources
南洋问题研究,167,政治学,CSSCI,2019,1,2019年第1期,True,False,0,0,0,0,0,0,not_found_in_public_sources
南洋问题研究,167,政治学,CSSCI,2019,2,2019年第2期,True,False,0,0,0,0,0,0,not_found_in_public_sources
南洋问题研究,167,政治学,CSSCI,2019,3,2019年第3期,True,False,0,0,0,0,0,0,not_found_in_public_sources
南洋问题研究,167,政治学,CSSCI,2019,4,2019年第4期,True,False,0,0,0,0,0,0,not_found_in_public_sources
南洋问题研究,167,政治学,CSSCI,2020,1,2020年第1期,True,False,0,0,0,0,0,0,not_found_in_public_sources
南洋问题研究,167,政治学,CSSCI,2020,2,2020年第2期,True,False,0,0,0,0,0,0,not_found_in_public_sources
南洋问题研究,167,政治学,CSSCI,2020,3,2020年第3期,True,False,0,0,0,0,0,0,not_found_in_public_sources
南洋问题研究,167,政治学,CSSCI,2020,4,2020年第4期,True,False,0,0,0,0,0,0,not_found_in_public_sources
南洋问题研究,167,政治学,CSSCI,2021,1,2021年第1期,True,False,0,0,0,0,0,0,not_found_in_public_sources
南洋问题研究,167,政治学,CSSCI,2021,2,2021年第2期,True,False,0,0,0,0,0,0,not_found_in_public_sources
南洋问题研究,167,政治学,CSSCI,2021,3,2021年第3期,True,False,0,0,0,0,0,0,not_found_in_public_sources
南洋问题研究,167,政治学,CSSCI,2021,4,2021年第4期,True,False,0,0,0,0,0,0,not_found_in_public_sources
南洋问题研究,167,政治学,CSSCI,2022,1,2022年第1期,True,False,0,0,0,0,0,0,not_found_in_public_sources
南洋问题研究,167,政治学,CSSCI,2022,2,2022年第2期,True,False,0,0,0,0,0,0,not_found_in_public_sources
南洋问题研究,167,政治学,CSSCI,2022,3,2022年第3期,True,False,0,0,0,0,0,0,not_found_in_public_sources
南洋问题研究,167,政治学,CSSCI,2022,4,2022年第4期,True,False,0,0,0,0,0,0,not_found_in_public_sources
南洋问题研究,167,政治学,CSSCI,2023,1,2023年第1期,True,False,0,0,0,0,0,0,not_found_in_public_sources
南洋问题研究,167,政治学,CSSCI,2023,2,2023年第2期,True,False,0,0,0,0,0,0,not_found_in_public_sources
南洋问题研究,167,政治学,CSSCI,2023,3,2023年第3期,True,False,0,0,0,0,0,0,not_found_in_public_sources
南洋问题研究,167,政治学,CSSCI,2023,4,2023年第4期,True,False,0,0,0,0,0,0,not_found_in_public_sources
南洋问题研究,167,政治学,CSSCI,2024,1,2024年第1期,True,False,0,0,0,0,0,0,not_found_in_public_sources
南洋问题研究,167,政治学,CSSCI,2024,2,2024年第2期,True,False,0,0,0,0,0,0,not_found_in_public_sources
南洋问题研究,167,政治学,CSSCI,2024,3,2024年第3期,True,False,0,0,0,0,0,0,not_found_in_public_sources
南洋问题研究,167,政治学,CSSCI,2024,4,2024年第4期,True,False,0,0,0,0,0,0,not_found_in_public_sources
南洋问题研究,167,政治学,CSSCI,2025,1,2025年第1期,True,False,0,0,0,0,0,0,not_found_in_public_sources
南洋问题研究,167,政治学,CSSCI,2025,2,2025年第2期,True,False,0,0,0,0,0,0,not_found_in_public_sources
南洋问题研究,167,政治学,CSSCI,2025,3,2025年第3期,True,False,0,0,0,0,0,0,not_found_in_public_sources
南洋问题研究,167,政治学,CSSCI,2025,4,2025年第4期,True,False,0,0,0,0,0,0,not_found_in_public_sources
西亚非洲,168,政治学,CSSCI,1980,1,1980年第1期,True,True,4,4,0,0,4,0,found
西亚非洲,168,政治学,CSSCI,1980,2,1980年第2期,True,True,2,2,0,0,2,0,found
西亚非洲,168,政治学,CSSCI,1980,3,1980年第3期,True,True,3,3,0,0,3,0,found
西亚非洲,168,政治学,CSSCI,1980,4,1980年第4期,True,False,0,0,0,0,0,0,not_found_in_public_sources
西亚非洲,168,政治学,CSSCI,1980,5,1980年第5期,True,True,1,1,0,0,1,0,found
西亚非洲,168,政治学,CSSCI,1980,6,1980年第6期,True,False,0,0,0,0,0,0,not_found_in_public_sources
西亚非洲,168,政治学,CSSCI,1980,7,1980年第7期,True,False,0,0,0,0,0,0,not_found_in_public_sources
西亚非洲,168,政治学,CSSCI,1980,8,1980年第8期,True,False,0,0,0,0,0,0,not_found_in_public_sources
西亚非洲,168,政治学,CSSCI,1980,9,1980年第9期,True,False,0,0,0,0,0,0,not_found_in_public_sources
西亚非洲,168,政治学,CSSCI,1980,10,1980年第10期,True,False,0,0,0,0,0,0,not_found_in_public_sources
西亚非洲,168,政治学,CSSCI,1980,11,1980年第11期,True,False,0,0,0,0,0,0,not_found_in_public_sources
西亚非洲,168,政治学,CSSCI,1980,12,1980年第12期,True,False,0,0,0,0,0,0,not_found_in_public_sources
西亚非洲,168,政治学,CSSCI,1981,1,1981年第1期,True,False,0,0,0,0,0,0,not_found_in_public_sources
西亚非洲,168,政治学,CSSCI,1981,2,1981年第2期,True,True,2,2,0,0,2,0,found
西亚非洲,168,政治学,CSSCI,1981,3,1981年第3期,True,True,2,2,0,0,2,0,found
西亚非洲,168,政治学,CSSCI,1981,4,1981年第4期,True,True,2,2,0,0,2,0,found
西亚非洲,168,政治学,CSSCI,1981,5,1981年第5期,True,True,1,1,0,0,1,0,found
西亚非洲,168,政治学,CSSCI,1981,6,1981年第6期,True,True,3,3,0,0,3,0,found
西亚非洲,168,政治学,CSSCI,1981,7,1981年第7期,True,False,0,0,0,0,0,0,not_found_in_public_sources
西亚非洲,168,政治学,CSSCI,1981,8,1981年第8期,True,False,0,0,0,0,0,0,not_found_in_public_sources
西亚非洲,168,政治学,CSSCI,1981,9,1981年第9期,True,False,0,0,0,0,0,0,not_found_in_public_sources
西亚非洲,168,政治学,CSSCI,1981,10,1981年第10期,True,False,0,0,0,0,0,0,not_found_in_public_sources
西亚非洲,168,政治学,CSSCI,1981,11,1981年第11期,True,False,0,0,0,0,0,0,not_found_in_public_sources
西亚非洲,168,政治学,CSSCI,1981,12,1981年第12期,True,False,0,0,0,0,0,0,not_found_in_public_sources
西亚非洲,168,政治学,CSSCI,1982,1,1982年第1期,True,True,1,1,0,0,1,0,found
西亚非洲,168,政治学,CSSCI,1982,2,1982年第2期,True,True,3,3,0,0,3,0,found
西亚非洲,168,政治学,CSSCI,1982,3,1982年第3期,True,True,3,3,0,0,3,0,found
西亚非洲,168,政治学,CSSCI,1982,4,1982年第4期,True,False,0,0,0,0,0,0,not_found_in_public_sources
西亚非洲,168,政治学,CSSCI,1982,5,1982年第5期,True,True,2,2,0,0,2,0,found
西亚非洲,168,政治学,CSSCI,1982,6,1982年第6期,True,True,5,5,0,0,5,0,found
西亚非洲,168,政治学,CSSCI,1982,7,1982年第7期,True,False,0,0,0,0,0,0,not_found_in_public_sources
西亚非洲,168,政治学,CSSCI,1982,8,1982年第8期,True,False,0,0,0,0,0,0,not_found_in_public_sources
西亚非洲,168,政治学,CSSCI,1982,9,1982年第9期,True,False,0,0,0,0,0,0,not_found_in_public_sources
西亚非洲,168,政治学,CSSCI,1982,10,1982年第10期,True,False,0,0,0,0,0,0,not_found_in_public_sources
西亚非洲,168,政治学,CSSCI,1982,11,1982年第11期,True,False,0,0,0,0,0,0,not_found_in_public_sources
西亚非洲,168,政治学,CSSCI,1982,12,1982年第12期,True,False,0,0,0,0,0,0,not_found_in_public_sources
西亚非洲,168,政治学,CSSCI,1983,1,1983年第1期,True,True,5,5,0,0,5,0,found
西亚非洲,168,政治学,CSSCI,1983,2,1983年第2期,True,True,2,2,0,0,2,0,found
西亚非洲,168,政治学,CSSCI,1983,3,1983年第3期,True,True,2,2,0,0,2,0,found
西亚非洲,168,政治学,CSSCI,1983,4,1983年第4期,True,True,1,1,0,0,1,0,found
西亚非洲,168,政治学,CSSCI,1983,5,1983年第5期,True,True,1,1,0,0,1,0,found
西亚非洲,168,政治学,CSSCI,1983,6,1983年第6期,True,False,0,0,0,0,0,0,not_found_in_public_sources
西亚非洲,168,政治学,CSSCI,1983,7,1983年第7期,True,False,0,0,0,0,0,0,not_found_in_public_sources
西亚非洲,168,政治学,CSSCI,1983,8,1983年第8期,True,False,0,0,0,0,0,0,not_found_in_public_sources
西亚非洲,168,政治学,CSSCI,1983,9,1983年第9期,True,False,0,0,0,0,0,0,not_found_in_public_sources
西亚非洲,168,政治学,CSSCI,1983,10,1983年第10期,True,False,0,0,0,0,0,0,not_found_in_public_sources
西亚非洲,168,政治学,CSSCI,1983,11,1983年第11期,True,False,0,0,0,0,0,0,not_found_in_public_sources
西亚非洲,168,政治学,CSSCI,1983,12,1983年第12期,True,False,0,0,0,0,0,0,not_found_in_public_sources
西亚非洲,168,政治学,CSSCI,1984,1,1984年第1期,True,True,3,3,0,0,3,0,found
西亚非洲,168,政治学,CSSCI,1984,2,1984年第2期,True,True,3,3,0,0,3,0,found
西亚非洲,168,政治学,CSSCI,1984,3,1984年第3期,True,True,2,2,0,0,2,0,found
西亚非洲,168,政治学,CSSCI,1984,4,1984年第4期,True,True,1,1,0,0,1,0,found
西亚非洲,168,政治学,CSSCI,1984,5,1984年第5期,True,True,2,2,0,0,2,0,found
西亚非洲,168,政治学,CSSCI,1984,6,1984年第6期,True,True,1,1,0,0,1,0,found
西亚非洲,168,政治学,CSSCI,1984,7,1984年第7期,True,False,0,0,0,0,0,0,not_found_in_public_sources
西亚非洲,168,政治学,CSSCI,1984,8,1984年第8期,True,False,0,0,0,0,0,0,not_found_in_public_sources
西亚非洲,168,政治学,CSSCI,1984,9,1984年第9期,True,False,0,0,0,0,0,0,not_found_in_public_sources
西亚非洲,168,政治学,CSSCI,1984,10,1984年第10期,True,False,0,0,0,0,0,0,not_found_in_public_sources
西亚非洲,168,政治学,CSSCI,1984,11,1984年第11期,True,False,0,0,0,0,0,0,not_found_in_public_sources
西亚非洲,168,政治学,CSSCI,1984,12,1984年第12期,True,False,0,0,0,0,0,0,not_found_in_public_sources
西亚非洲,168,政治学,CSSCI,1985,1,1985年第1期,True,True,2,2,0,0,2,0,found
西亚非洲,168,政治学,CSSCI,1985,2,1985年第2期,True,True,2,2,0,0,2,0,found
西亚非洲,168,政治学,CSSCI,1985,3,1985年第3期,True,True,3,3,0,0,3,0,found
西亚非洲,168,政治学,CSSCI,1985,4,1985年第4期,True,True,3,3,0,0,3,0,found
西亚非洲,168,政治学,CSSCI,1985,5,1985年第5期,True,True,2,2,0,0,2,0,found
西亚非洲,168,政治学,CSSCI,1985,6,1985年第6期,True,False,0,0,0,0,0,0,not_found_in_public_sources
西亚非洲,168,政治学,CSSCI,1985,7,1985年第7期,True,False,0,0,0,0,0,0,not_found_in_public_sources
西亚非洲,168,政治学,CSSCI,1985,8,1985年第8期,True,False,0,0,0,0,0,0,not_found_in_public_sources
西亚非洲,168,政治学,CSSCI,1985,9,1985年第9期,True,False,0,0,0,0,0,0,not_found_in_public_sources
西亚非洲,168,政治学,CSSCI,1985,10,1985年第10期,True,False,0,0,0,0,0,0,not_found_in_public_sources
西亚非洲,168,政治学,CSSCI,1985,11,1985年第11期,True,False,0,0,0,0,0,0,not_found_in_public_sources
西亚非洲,168,政治学,CSSCI,1985,12,1985年第12期,True,False,0,0,0,0,0,0,not_found_in_public_sources
西亚非洲,168,政治学,CSSCI,1986,1,1986年第1期,True,True,1,1,0,0,1,0,found
西亚非洲,168,政治学,CSSCI,1986,2,1986年第2期,True,True,1,1,0,0,1,0,found
西亚非洲,168,政治学,CSSCI,1986,3,1986年第3期,True,False,0,0,0,0,0,0,not_found_in_public_sources
西亚非洲,168,政治学,CSSCI,1986,4,1986年第4期,True,True,2,2,0,0,2,0,found
西亚非洲,168,政治学,CSSCI,1986,5,1986年第5期,True,True,2,2,0,0,2,0,found
西亚非洲,168,政治学,CSSCI,1986,6,1986年第6期,True,True,1,1,0,0,1,0,found
西亚非洲,168,政治学,CSSCI,1986,7,1986年第7期,True,False,0,0,0,0,0,0,not_found_in_public_sources
西亚非洲,168,政治学,CSSCI,1986,8,1986年第8期,True,False,0,0,0,0,0,0,not_found_in_public_sources
西亚非洲,168,政治学,CSSCI,1986,9,1986年第9期,True,False,0,0,0,0,0,0,not_found_in_public_sources
西亚非洲,168,政治学,CSSCI,1986,10,1986年第10期,True,False,0,0,0,0,0,0,not_found_in_public_sources
西亚非洲,168,政治学,CSSCI,1986,11,1986年第11期,True,False,0,0,0,0,0,0,not_found_in_public_sources
西亚非洲,168,政治学,CSSCI,1986,12,1986年第12期,True,False,0,0,0,0,0,0,not_found_in_public_sources
西亚非洲,168,政治学,CSSCI,1987,1,1987年第1期,True,False,0,0,0,0,0,0,not_found_in_public_sources
西亚非洲,168,政治学,CSSCI,1987,2,1987年第2期,True,False,0,0,0,0,0,0,not_found_in_public_sources
西亚非洲,168,政治学,CSSCI,1987,3,1987年第3期,True,False,0,0,0,0,0,0,not_found_in_public_sources
西亚非洲,168,政治学,CSSCI,1987,4,1987年第4期,True,False,0,0,0,0,0,0,not_found_in_public_sources
西亚非洲,168,政治学,CSSCI,1987,5,1987年第5期,True,False,0,0,0,0,0,0,not_found_in_public_sources
西亚非洲,168,政治学,CSSCI,1987,6,1987年第6期,True,False,0,0,0,0,0,0,not_found_in_public_sources
西亚非洲,168,政治学,CSSCI,1987,7,1987年第7期,True,False,0,0,0,0,0,0,not_found_in_public_sources
西亚非洲,168,政治学,CSSCI,1987,8,1987年第8期,True,False,0,0,0,0,0,0,not_found_in_public_sources
西亚非洲,168,政治学,CSSCI,1987,9,1987年第9期,True,False,0,0,0,0,0,0,not_found_in_public_sources
西亚非洲,168,政治学,CSSCI,1987,10,1987年第10期,True,False,0,0,0,0,0,0,not_found_in_public_sources
西亚非洲,168,政治学,CSSCI,1987,11,1987年第11期,True,False,0,0,0,0,0,0,not_found_in_public_sources
西亚非洲,168,政治学,CSSCI,1987,12,1987年第12期,True,False,0,0,0,0,0,0,not_found_in_public_sources
西亚非洲,168,政治学,CSSCI,1988,1,1988年第1期,True,True,1,1,0,0,1,0,found
西亚非洲,168,政治学,CSSCI,1988,2,1988年第2期,True,False,0,0,0,0,0,0,not_found_in_public_sources
西亚非洲,168,政治学,CSSCI,1988,3,1988年第3期,True,True,1,1,0,0,1,0,found
西亚非洲,168,政治学,CSSCI,1988,4,1988年第4期,True,True,1,1,0,0,1,0,found
西亚非洲,168,政治学,CSSCI,1988,5,1988年第5期,True,False,0,0,0,0,0,0,not_found_in_public_sources
西亚非洲,168,政治学,CSSCI,1988,6,1988年第6期,True,True,3,3,0,0,3,0,found
西亚非洲,168,政治学,CSSCI,1988,7,1988年第7期,True,False,0,0,0,0,0,0,not_found_in_public_sources
西亚非洲,168,政治学,CSSCI,1988,8,1988年第8期,True,False,0,0,0,0,0,0,not_found_in_public_sources
西亚非洲,168,政治学,CSSCI,1988,9,1988年第9期,True,False,0,0,0,0,0,0,not_found_in_public_sources
西亚非洲,168,政治学,CSSCI,1988,10,1988年第10期,True,False,0,0,0,0,0,0,not_found_in_public_sources
西亚非洲,168,政治学,CSSCI,1988,11,1988年第11期,True,False,0,0,0,0,0,0,not_found_in_public_sources
西亚非洲,168,政治学,CSSCI,1988,12,1988年第12期,True,False,0,0,0,0,0,0,not_found_in_public_sources
西亚非洲,168,政治学,CSSCI,1989,1,1989年第1期,True,False,0,0,0,0,0,0,not_found_in_public_sources
西亚非洲,168,政治学,CSSCI,1989,2,1989年第2期,True,False,0,0,0,0,0,0,not_found_in_public_sources
西亚非洲,168,政治学,CSSCI,1989,3,1989年第3期,True,False,0,0,0,0,0,0,not_found_in_public_sources
西亚非洲,168,政治学,CSSCI,1989,4,1989年第4期,True,True,1,1,0,0,1,0,found
西亚非洲,168,政治学,CSSCI,1989,5,1989年第5期,True,False,0,0,0,0,0,0,not_found_in_public_sources
西亚非洲,168,政治学,CSSCI,1989,6,1989年第6期,True,False,0,0,0,0,0,0,not_found_in_public_sources
西亚非洲,168,政治学,CSSCI,1989,7,1989年第7期,True,False,0,0,0,0,0,0,not_found_in_public_sources
西亚非洲,168,政治学,CSSCI,1989,8,1989年第8期,True,False,0,0,0,0,0,0,not_found_in_public_sources
西亚非洲,168,政治学,CSSCI,1989,9,1989年第9期,True,False,0,0,0,0,0,0,not_found_in_public_sources
西亚非洲,168,政治学,CSSCI,1989,10,1989年第10期,True,False,0,0,0,0,0,0,not_found_in_public_sources
西亚非洲,168,政治学,CSSCI,1989,11,1989年第11期,True,False,0,0,0,0,0,0,not_found_in_public_sources
西亚非洲,168,政治学,CSSCI,1989,12,1989年第12期,True,False,0,0,0,0,0,0,not_found_in_public_sources
西亚非洲,168,政治学,CSSCI,1990,1,1990年第1期,True,False,0,0,0,0,0,0,not_found_in_public_sources
西亚非洲,168,政治学,CSSCI,1990,2,1990年第2期,True,True,1,1,0,0,1,0,found
西亚非洲,168,政治学,CSSCI,1990,3,1990年第3期,True,True,2,2,0,0,2,0,found
西亚非洲,168,政治学,CSSCI,1990,4,1990年第4期,True,True,2,2,0,0,2,0,found
西亚非洲,168,政治学,CSSCI,1990,5,1990年第5期,True,True,1,1,0,0,1,0,found
西亚非洲,168,政治学,CSSCI,1990,6,1990年第6期,True,True,2,2,0,0,2,0,found
西亚非洲,168,政治学,CSSCI,1990,7,1990年第7期,True,False,0,0,0,0,0,0,not_found_in_public_sources
西亚非洲,168,政治学,CSSCI,1990,8,1990年第8期,True,False,0,0,0,0,0,0,not_found_in_public_sources
西亚非洲,168,政治学,CSSCI,1990,9,1990年第9期,True,False,0,0,0,0,0,0,not_found_in_public_sources
西亚非洲,168,政治学,CSSCI,1990,10,1990年第10期,True,False,0,0,0,0,0,0,not_found_in_public_sources
西亚非洲,168,政治学,CSSCI,1990,11,1990年第11期,True,False,0,0,0,0,0,0,not_found_in_public_sources
西亚非洲,168,政治学,CSSCI,1990,12,1990年第12期,True,False,0,0,0,0,0,0,not_found_in_public_sources
西亚非洲,168,政治学,CSSCI,1991,1,1991年第1期,True,False,0,0,0,0,0,0,not_found_in_public_sources
西亚非洲,168,政治学,CSSCI,1991,2,1991年第2期,True,True,1,1,0,0,1,0,found
西亚非洲,168,政治学,CSSCI,1991,3,1991年第3期,True,False,0,0,0,0,0,0,not_found_in_public_sources
西亚非洲,168,政治学,CSSCI,1991,4,1991年第4期,True,True,3,3,0,0,3,0,found
西亚非洲,168,政治学,CSSCI,1991,5,1991年第5期,True,False,0,0,0,0,0,0,not_found_in_public_sources
西亚非洲,168,政治学,CSSCI,1991,6,1991年第6期,True,True,2,2,0,0,2,0,found
西亚非洲,168,政治学,CSSCI,1991,7,1991年第7期,True,False,0,0,0,0,0,0,not_found_in_public_sources
西亚非洲,168,政治学,CSSCI,1991,8,1991年第8期,True,False,0,0,0,0,0,0,not_found_in_public_sources
西亚非洲,168,政治学,CSSCI,1991,9,1991年第9期,True,False,0,0,0,0,0,0,not_found_in_public_sources
西亚非洲,168,政治学,CSSCI,1991,10,1991年第10期,True,False,0,0,0,0,0,0,not_found_in_public_sources
西亚非洲,168,政治学,CSSCI,1991,11,1991年第11期,True,False,0,0,0,0,0,0,not_found_in_public_sources
西亚非洲,168,政治学,CSSCI,1991,12,1991年第12期,True,False,0,0,0,0,0,0,not_found_in_public_sources
西亚非洲,168,政治学,CSSCI,1992,1,1992年第1期,True,True,1,1,0,0,1,0,found
西亚非洲,168,政治学,CSSCI,1992,2,1992年第2期,True,False,0,0,0,0,0,0,not_found_in_public_sources
西亚非洲,168,政治学,CSSCI,1992,3,1992年第3期,True,False,0,0,0,0,0,0,not_found_in_public_sources
西亚非洲,168,政治学,CSSCI,1992,4,1992年第4期,True,False,0,0,0,0,0,0,not_found_in_public_sources
西亚非洲,168,政治学,CSSCI,1992,5,1992年第5期,True,False,0,0,0,0,0,0,not_found_in_public_sources
西亚非洲,168,政治学,CSSCI,1992,6,1992年第6期,True,False,0,0,0,0,0,0,not_found_in_public_sources
西亚非洲,168,政治学,CSSCI,1992,7,1992年第7期,True,False,0,0,0,0,0,0,not_found_in_public_sources
西亚非洲,168,政治学,CSSCI,1992,8,1992年第8期,True,False,0,0,0,0,0,0,not_found_in_public_sources
西亚非洲,168,政治学,CSSCI,1992,9,1992年第9期,True,False,0,0,0,0,0,0,not_found_in_public_sources
西亚非洲,168,政治学,CSSCI,1992,10,1992年第10期,True,False,0,0,0,0,0,0,not_found_in_public_sources
西亚非洲,168,政治学,CSSCI,1992,11,1992年第11期,True,False,0,0,0,0,0,0,not_found_in_public_sources
西亚非洲,168,政治学,CSSCI,1992,12,1992年第12期,True,False,0,0,0,0,0,0,not_found_in_public_sources
西亚非洲,168,政治学,CSSCI,1993,1,1993年第1期,True,False,0,0,0,0,0,0,not_found_in_public_sources
西亚非洲,168,政治学,CSSCI,1993,2,1993年第2期,True,True,1,1,0,0,1,0,found
西亚非洲,168,政治学,CSSCI,1993,3,1993年第3期,True,True,2,2,0,0,2,0,found
西亚非洲,168,政治学,CSSCI,1993,4,1993年第4期,True,True,1,1,0,0,1,0,found
西亚非洲,168,政治学,CSSCI,1993,5,1993年第5期,True,True,3,3,0,0,3,0,found
西亚非洲,168,政治学,CSSCI,1993,6,1993年第6期,True,False,0,0,0,0,0,0,not_found_in_public_sources
西亚非洲,168,政治学,CSSCI,1993,7,1993年第7期,True,False,0,0,0,0,0,0,not_found_in_public_sources
西亚非洲,168,政治学,CSSCI,1993,8,1993年第8期,True,False,0,0,0,0,0,0,not_found_in_public_sources
西亚非洲,168,政治学,CSSCI,1993,9,1993年第9期,True,False,0,0,0,0,0,0,not_found_in_public_sources
西亚非洲,168,政治学,CSSCI,1993,10,1993年第10期,True,False,0,0,0,0,0,0,not_found_in_public_sources
西亚非洲,168,政治学,CSSCI,1993,11,1993年第11期,True,False,0,0,0,0,0,0,not_found_in_public_sources
西亚非洲,168,政治学,CSSCI,1993,12,1993年第12期,True,False,0,0,0,0,0,0,not_found_in_public_sources
西亚非洲,168,政治学,CSSCI,1994,1,1994年第1期,True,True,3,3,0,0,3,0,found
西亚非洲,168,政治学,CSSCI,1994,2,1994年第2期,True,True,3,3,0,0,3,0,found
西亚非洲,168,政治学,CSSCI,1994,3,1994年第3期,True,True,4,4,0,0,4,0,found
西亚非洲,168,政治学,CSSCI,1994,4,1994年第4期,True,True,3,3,0,0,3,0,found
西亚非洲,168,政治学,CSSCI,1994,5,1994年第5期,True,True,3,3,0,0,3,0,found
西亚非洲,168,政治学,CSSCI,1994,6,1994年第6期,True,True,2,2,0,0,2,0,found
西亚非洲,168,政治学,CSSCI,1994,7,1994年第7期,True,False,0,0,0,0,0,0,not_found_in_public_sources
西亚非洲,168,政治学,CSSCI,1994,8,1994年第8期,True,False,0,0,0,0,0,0,not_found_in_public_sources
西亚非洲,168,政治学,CSSCI,1994,9,1994年第9期,True,False,0,0,0,0,0,0,not_found_in_public_sources
西亚非洲,168,政治学,CSSCI,1994,10,1994年第10期,True,False,0,0,0,0,0,0,not_found_in_public_sources
西亚非洲,168,政治学,CSSCI,1994,11,1994年第11期,True,False,0,0,0,0,0,0,not_found_in_public_sources
西亚非洲,168,政治学,CSSCI,1994,12,1994年第12期,True,False,0,0,0,0,0,0,not_found_in_public_sources
西亚非洲,168,政治学,CSSCI,1995,1,1995年第1期,True,True,2,2,0,0,2,0,found
西亚非洲,168,政治学,CSSCI,1995,2,1995年第2期,True,True,1,1,0,0,1,0,found
西亚非洲,168,政治学,CSSCI,1995,3,1995年第3期,True,False,0,0,0,0,0,0,not_found_in_public_sources
西亚非洲,168,政治学,CSSCI,1995,4,1995年第4期,True,True,2,2,0,0,2,0,found
西亚非洲,168,政治学,CSSCI,1995,5,1995年第5期,True,True,2,2,0,0,2,0,found
西亚非洲,168,政治学,CSSCI,1995,6,1995年第6期,True,True,2,2,0,0,2,0,found
西亚非洲,168,政治学,CSSCI,1995,7,1995年第7期,True,False,0,0,0,0,0,0,not_found_in_public_sources
西亚非洲,168,政治学,CSSCI,1995,8,1995年第8期,True,False,0,0,0,0,0,0,not_found_in_public_sources
西亚非洲,168,政治学,CSSCI,1995,9,1995年第9期,True,False,0,0,0,0,0,0,not_found_in_public_sources
西亚非洲,168,政治学,CSSCI,1995,10,1995年第10期,True,False,0,0,0,0,0,0,not_found_in_public_sources
西亚非洲,168,政治学,CSSCI,1995,11,1995年第11期,True,False,0,0,0,0,0,0,not_found_in_public_sources
西亚非洲,168,政治学,CSSCI,1995,12,1995年第12期,True,False,0,0,0,0,0,0,not_found_in_public_sources
西亚非洲,168,政治学,CSSCI,1996,1,1996年第1期,True,True,1,1,0,0,1,0,found
西亚非洲,168,政治学,CSSCI,1996,2,1996年第2期,True,True,2,2,0,0,2,0,found
西亚非洲,168,政治学,CSSCI,1996,3,1996年第3期,True,True,3,3,0,0,3,0,found
西亚非洲,168,政治学,CSSCI,1996,4,1996年第4期,True,True,1,1,0,0,1,0,found
西亚非洲,168,政治学,CSSCI,1996,5,1996年第5期,True,True,2,2,0,0,2,0,found
西亚非洲,168,政治学,CSSCI,1996,6,1996年第6期,True,True,4,4,0,0,4,0,found
西亚非洲,168,政治学,CSSCI,1996,7,1996年第7期,True,False,0,0,0,0,0,0,not_found_in_public_sources
西亚非洲,168,政治学,CSSCI,1996,8,1996年第8期,True,False,0,0,0,0,0,0,not_found_in_public_sources
西亚非洲,168,政治学,CSSCI,1996,9,1996年第9期,True,False,0,0,0,0,0,0,not_found_in_public_sources
西亚非洲,168,政治学,CSSCI,1996,10,1996年第10期,True,False,0,0,0,0,0,0,not_found_in_public_sources
西亚非洲,168,政治学,CSSCI,1996,11,1996年第11期,True,False,0,0,0,0,0,0,not_found_in_public_sources
西亚非洲,168,政治学,CSSCI,1996,12,1996年第12期,True,False,0,0,0,0,0,0,not_found_in_public_sources
西亚非洲,168,政治学,CSSCI,1997,1,1997年第1期,True,True,2,2,0,0,2,0,found
西亚非洲,168,政治学,CSSCI,1997,2,1997年第2期,True,True,1,1,0,0,1,0,found
西亚非洲,168,政治学,CSSCI,1997,3,1997年第3期,True,True,5,5,0,0,5,0,found
西亚非洲,168,政治学,CSSCI,1997,4,1997年第4期,True,True,2,2,0,0,2,0,found
西亚非洲,168,政治学,CSSCI,1997,5,1997年第5期,True,True,1,1,0,0,1,0,found
西亚非洲,168,政治学,CSSCI,1997,6,1997年第6期,True,True,4,4,0,0,4,0,found
西亚非洲,168,政治学,CSSCI,1997,7,1997年第7期,True,False,0,0,0,0,0,0,not_found_in_public_sources
西亚非洲,168,政治学,CSSCI,1997,8,1997年第8期,True,False,0,0,0,0,0,0,not_found_in_public_sources
西亚非洲,168,政治学,CSSCI,1997,9,1997年第9期,True,False,0,0,0,0,0,0,not_found_in_public_sources
西亚非洲,168,政治学,CSSCI,1997,10,1997年第10期,True,False,0,0,0,0,0,0,not_found_in_public_sources
西亚非洲,168,政治学,CSSCI,1997,11,1997年第11期,True,False,0,0,0,0,0,0,not_found_in_public_sources
西亚非洲,168,政治学,CSSCI,1997,12,1997年第12期,True,False,0,0,0,0,0,0,not_found_in_public_sources
西亚非洲,168,政治学,CSSCI,1998,1,1998年第1期,True,True,2,2,0,0,2,0,found
西亚非洲,168,政治学,CSSCI,1998,2,1998年第2期,True,True,2,2,0,0,2,0,found
西亚非洲,168,政治学,CSSCI,1998,3,1998年第3期,True,True,2,2,0,0,2,0,found
西亚非洲,168,政治学,CSSCI,1998,4,1998年第4期,True,True,2,2,0,0,2,0,found
西亚非洲,168,政治学,CSSCI,1998,5,1998年第5期,True,True,2,2,0,0,2,0,found
西亚非洲,168,政治学,CSSCI,1998,6,1998年第6期,True,True,3,3,0,0,3,0,found
西亚非洲,168,政治学,CSSCI,1998,7,1998年第7期,True,False,0,0,0,0,0,0,not_found_in_public_sources
西亚非洲,168,政治学,CSSCI,1998,8,1998年第8期,True,False,0,0,0,0,0,0,not_found_in_public_sources
西亚非洲,168,政治学,CSSCI,1998,9,1998年第9期,True,False,0,0,0,0,0,0,not_found_in_public_sources
西亚非洲,168,政治学,CSSCI,1998,10,1998年第10期,True,False,0,0,0,0,0,0,not_found_in_public_sources
西亚非洲,168,政治学,CSSCI,1998,11,1998年第11期,True,False,0,0,0,0,0,0,not_found_in_public_sources
西亚非洲,168,政治学,CSSCI,1998,12,1998年第12期,True,False,0,0,0,0,0,0,not_found_in_public_sources
西亚非洲,168,政治学,CSSCI,1999,1,1999年第1期,True,True,1,1,0,0,1,0,found
西亚非洲,168,政治学,CSSCI,1999,2,1999年第2期,True,True,1,1,0,0,1,0,found
西亚非洲,168,政治学,CSSCI,1999,3,1999年第3期,True,True,1,1,0,0,1,0,found
西亚非洲,168,政治学,CSSCI,1999,4,1999年第4期,True,False,0,0,0,0,0,0,not_found_in_public_sources
西亚非洲,168,政治学,CSSCI,1999,5,1999年第5期,True,True,3,3,0,0,3,0,found
西亚非洲,168,政治学,CSSCI,1999,6,1999年第6期,True,True,3,3,0,0,3,0,found
西亚非洲,168,政治学,CSSCI,1999,7,1999年第7期,True,False,0,0,0,0,0,0,not_found_in_public_sources
西亚非洲,168,政治学,CSSCI,1999,8,1999年第8期,True,False,0,0,0,0,0,0,not_found_in_public_sources
西亚非洲,168,政治学,CSSCI,1999,9,1999年第9期,True,False,0,0,0,0,0,0,not_found_in_public_sources
西亚非洲,168,政治学,CSSCI,1999,10,1999年第10期,True,False,0,0,0,0,0,0,not_found_in_public_sources
西亚非洲,168,政治学,CSSCI,1999,11,1999年第11期,True,False,0,0,0,0,0,0,not_found_in_public_sources
西亚非洲,168,政治学,CSSCI,1999,12,1999年第12期,True,False,0,0,0,0,0,0,not_found_in_public_sources
西亚非洲,168,政治学,CSSCI,2000,1,2000年第1期,True,False,0,0,0,0,0,0,not_found_in_public_sources
西亚非洲,168,政治学,CSSCI,2000,2,2000年第2期,True,True,3,3,0,0,3,0,found
西亚非洲,168,政治学,CSSCI,2000,3,2000年第3期,True,True,1,1,0,0,1,0,found
西亚非洲,168,政治学,CSSCI,2000,4,2000年第4期,True,True,5,5,0,0,5,0,found
西亚非洲,168,政治学,CSSCI,2000,5,2000年第5期,True,True,1,1,0,0,1,0,found
西亚非洲,168,政治学,CSSCI,2000,6,2000年第6期,True,False,0,0,0,0,0,0,not_found_in_public_sources
西亚非洲,168,政治学,CSSCI,2000,7,2000年第7期,True,False,0,0,0,0,0,0,not_found_in_public_sources
西亚非洲,168,政治学,CSSCI,2000,8,2000年第8期,True,False,0,0,0,0,0,0,not_found_in_public_sources
西亚非洲,168,政治学,CSSCI,2000,9,2000年第9期,True,False,0,0,0,0,0,0,not_found_in_public_sources
西亚非洲,168,政治学,CSSCI,2000,10,2000年第10期,True,False,0,0,0,0,0,0,not_found_in_public_sources
西亚非洲,168,政治学,CSSCI,2000,11,2000年第11期,True,False,0,0,0,0,0,0,not_found_in_public_sources
西亚非洲,168,政治学,CSSCI,2000,12,2000年第12期,True,False,0,0,0,0,0,0,not_found_in_public_sources
西亚非洲,168,政治学,CSSCI,2001,1,2001年第1期,True,True,3,3,0,0,3,0,found
西亚非洲,168,政治学,CSSCI,2001,2,2001年第2期,True,False,0,0,0,0,0,0,not_found_in_public_sources
西亚非洲,168,政治学,CSSCI,2001,3,2001年第3期,True,False,0,0,0,0,0,0,not_found_in_public_sources
西亚非洲,168,政治学,CSSCI,2001,4,2001年第4期,True,True,2,2,0,0,2,0,found
西亚非洲,168,政治学,CSSCI,2001,5,2001年第5期,True,False,0,0,0,0,0,0,not_found_in_public_sources
西亚非洲,168,政治学,CSSCI,2001,6,2001年第6期,True,True,3,3,0,0,3,0,found
西亚非洲,168,政治学,CSSCI,2001,7,2001年第7期,True,False,0,0,0,0,0,0,not_found_in_public_sources
西亚非洲,168,政治学,CSSCI,2001,8,2001年第8期,True,False,0,0,0,0,0,0,not_found_in_public_sources
西亚非洲,168,政治学,CSSCI,2001,9,2001年第9期,True,False,0,0,0,0,0,0,not_found_in_public_sources
西亚非洲,168,政治学,CSSCI,2001,10,2001年第10期,True,False,0,0,0,0,0,0,not_found_in_public_sources
西亚非洲,168,政治学,CSSCI,2001,11,2001年第11期,True,False,0,0,0,0,0,0,not_found_in_public_sources
西亚非洲,168,政治学,CSSCI,2001,12,2001年第12期,True,False,0,0,0,0,0,0,not_found_in_public_sources
西亚非洲,168,政治学,CSSCI,2002,1,2002年第1期,True,True,2,2,0,0,2,0,found
西亚非洲,168,政治学,CSSCI,2002,2,2002年第2期,True,False,0,0,0,0,0,0,not_found_in_public_sources
西亚非洲,168,政治学,CSSCI,2002,3,2002年第3期,True,True,2,2,0,0,2,0,found
西亚非洲,168,政治学,CSSCI,2002,4,2002年第4期,True,True,1,1,0,0,1,0,found
西亚非洲,168,政治学,CSSCI,2002,5,2002年第5期,True,True,2,2,0,0,2,0,found
西亚非洲,168,政治学,CSSCI,2002,6,2002年第6期,True,True,2,2,0,0,2,0,found
西亚非洲,168,政治学,CSSCI,2002,7,2002年第7期,True,False,0,0,0,0,0,0,not_found_in_public_sources
西亚非洲,168,政治学,CSSCI,2002,8,2002年第8期,True,False,0,0,0,0,0,0,not_found_in_public_sources
西亚非洲,168,政治学,CSSCI,2002,9,2002年第9期,True,False,0,0,0,0,0,0,not_found_in_public_sources
西亚非洲,168,政治学,CSSCI,2002,10,2002年第10期,True,False,0,0,0,0,0,0,not_found_in_public_sources
西亚非洲,168,政治学,CSSCI,2002,11,2002年第11期,True,False,0,0,0,0,0,0,not_found_in_public_sources
西亚非洲,168,政治学,CSSCI,2002,12,2002年第12期,True,False,0,0,0,0,0,0,not_found_in_public_sources
西亚非洲,168,政治学,CSSCI,2003,1,2003年第1期,True,True,4,4,0,0,4,0,found
西亚非洲,168,政治学,CSSCI,2003,2,2003年第2期,True,True,1,1,0,0,1,0,found
西亚非洲,168,政治学,CSSCI,2003,3,2003年第3期,True,True,2,2,0,0,2,0,found
西亚非洲,168,政治学,CSSCI,2003,4,2003年第4期,True,True,3,3,0,0,3,0,found
西亚非洲,168,政治学,CSSCI,2003,5,2003年第5期,True,True,2,2,0,0,2,0,found
西亚非洲,168,政治学,CSSCI,2003,6,2003年第6期,True,True,1,1,0,0,1,0,found
西亚非洲,168,政治学,CSSCI,2003,7,2003年第7期,True,False,0,0,0,0,0,0,not_found_in_public_sources
西亚非洲,168,政治学,CSSCI,2003,8,2003年第8期,True,False,0,0,0,0,0,0,not_found_in_public_sources
西亚非洲,168,政治学,CSSCI,2003,9,2003年第9期,True,False,0,0,0,0,0,0,not_found_in_public_sources
西亚非洲,168,政治学,CSSCI,2003,10,2003年第10期,True,False,0,0,0,0,0,0,not_found_in_public_sources
西亚非洲,168,政治学,CSSCI,2003,11,2003年第11期,True,False,0,0,0,0,0,0,not_found_in_public_sources
西亚非洲,168,政治学,CSSCI,2003,12,2003年第12期,True,False,0,0,0,0,0,0,not_found_in_public_sources
西亚非洲,168,政治学,CSSCI,2004,1,2004年第1期,True,True,4,4,0,0,4,0,found
西亚非洲,168,政治学,CSSCI,2004,2,2004年第2期,True,True,2,2,0,0,2,0,found
西亚非洲,168,政治学,CSSCI,2004,3,2004年第3期,True,True,4,4,0,0,4,0,found
西亚非洲,168,政治学,CSSCI,2004,4,2004年第4期,True,False,0,0,0,0,0,0,not_found_in_public_sources
西亚非洲,168,政治学,CSSCI,2004,5,2004年第5期,True,True,1,1,0,0,1,0,found
西亚非洲,168,政治学,CSSCI,2004,6,2004年第6期,True,True,3,3,0,0,3,0,found
西亚非洲,168,政治学,CSSCI,2004,7,2004年第7期,True,False,0,0,0,0,0,0,not_found_in_public_sources
西亚非洲,168,政治学,CSSCI,2004,8,2004年第8期,True,False,0,0,0,0,0,0,not_found_in_public_sources
西亚非洲,168,政治学,CSSCI,2004,9,2004年第9期,True,False,0,0,0,0,0,0,not_found_in_public_sources
西亚非洲,168,政治学,CSSCI,2004,10,2004年第10期,True,False,0,0,0,0,0,0,not_found_in_public_sources
西亚非洲,168,政治学,CSSCI,2004,11,2004年第11期,True,False,0,0,0,0,0,0,not_found_in_public_sources
西亚非洲,168,政治学,CSSCI,2004,12,2004年第12期,True,False,0,0,0,0,0,0,not_found_in_public_sources
西亚非洲,168,政治学,CSSCI,2005,1,2005年第1期,True,True,7,7,0,0,7,0,found
西亚非洲,168,政治学,CSSCI,2005,2,2005年第2期,True,True,2,2,0,0,2,0,found
西亚非洲,168,政治学,CSSCI,2005,3,2005年第3期,True,True,2,2,0,0,2,0,found
西亚非洲,168,政治学,CSSCI,2005,4,2005年第4期,True,True,4,4,0,0,4,0,found
西亚非洲,168,政治学,CSSCI,2005,5,2005年第5期,True,True,4,4,0,0,4,0,found
西亚非洲,168,政治学,CSSCI,2005,6,2005年第6期,True,True,3,3,0,0,3,0,found
西亚非洲,168,政治学,CSSCI,2005,7,2005年第7期,True,False,0,0,0,0,0,0,not_found_in_public_sources
西亚非洲,168,政治学,CSSCI,2005,8,2005年第8期,True,False,0,0,0,0,0,0,not_found_in_public_sources
西亚非洲,168,政治学,CSSCI,2005,9,2005年第9期,True,False,0,0,0,0,0,0,not_found_in_public_sources
西亚非洲,168,政治学,CSSCI,2005,10,2005年第10期,True,False,0,0,0,0,0,0,not_found_in_public_sources
西亚非洲,168,政治学,CSSCI,2005,11,2005年第11期,True,False,0,0,0,0,0,0,not_found_in_public_sources
西亚非洲,168,政治学,CSSCI,2005,12,2005年第12期,True,False,0,0,0,0,0,0,not_found_in_public_sources
西亚非洲,168,政治学,CSSCI,2006,1,2006年第1期,True,True,3,3,0,0,3,0,found
西亚非洲,168,政治学,CSSCI,2006,2,2006年第2期,True,True,2,2,0,0,2,0,found
西亚非洲,168,政治学,CSSCI,2006,3,2006年第3期,True,True,1,1,0,0,1,0,found
西亚非洲,168,政治学,CSSCI,2006,4,2006年第4期,True,True,1,1,0,0,1,0,found
西亚非洲,168,政治学,CSSCI,2006,5,2006年第5期,True,True,1,1,0,0,1,0,found
西亚非洲,168,政治学,CSSCI,2006,6,2006年第6期,True,True,3,3,0,0,3,0,found
西亚非洲,168,政治学,CSSCI,2006,7,2006年第7期,True,True,1,1,0,0,1,0,found
西亚非洲,168,政治学,CSSCI,2006,8,2006年第8期,True,True,2,2,0,0,2,0,found
西亚非洲,168,政治学,CSSCI,2006,9,2006年第9期,True,True,3,3,0,0,3,0,found
西亚非洲,168,政治学,CSSCI,2006,10,2006年第10期,True,False,0,0,0,0,0,0,not_found_in_public_sources
西亚非洲,168,政治学,CSSCI,2006,11,2006年第11期,True,False,0,0,0,0,0,0,not_found_in_public_sources
西亚非洲,168,政治学,CSSCI,2006,12,2006年第12期,True,False,0,0,0,0,0,0,not_found_in_public_sources
西亚非洲,168,政治学,CSSCI,2007,1,2007年第1期,True,True,3,3,0,0,3,0,found
西亚非洲,168,政治学,CSSCI,2007,2,2007年第2期,True,True,3,3,0,0,3,0,found
西亚非洲,168,政治学,CSSCI,2007,3,2007年第3期,True,True,3,3,0,0,3,0,found
西亚非洲,168,政治学,CSSCI,2007,4,2007年第4期,True,True,2,2,0,0,2,0,found
西亚非洲,168,政治学,CSSCI,2007,5,2007年第5期,True,True,3,3,0,0,3,0,found
西亚非洲,168,政治学,CSSCI,2007,6,2007年第6期,True,True,3,3,0,0,3,0,found
西亚非洲,168,政治学,CSSCI,2007,7,2007年第7期,True,True,4,4,0,0,4,0,found
西亚非洲,168,政治学,CSSCI,2007,8,2007年第8期,True,True,2,2,0,0,2,0,found
西亚非洲,168,政治学,CSSCI,2007,9,2007年第9期,True,True,2,2,0,0,2,0,found
西亚非洲,168,政治学,CSSCI,2007,10,2007年第10期,True,True,2,2,0,0,2,0,found
西亚非洲,168,政治学,CSSCI,2007,11,2007年第11期,True,True,4,4,0,0,4,0,found
西亚非洲,168,政治学,CSSCI,2007,12,2007年第12期,True,True,1,1,0,0,1,0,found
西亚非洲,168,政治学,CSSCI,2008,1,2008年第1期,True,True,3,3,0,0,3,0,found
西亚非洲,168,政治学,CSSCI,2008,2,2008年第2期,True,True,3,3,0,0,3,0,found
西亚非洲,168,政治学,CSSCI,2008,3,2008年第3期,True,True,1,1,0,0,1,0,found
西亚非洲,168,政治学,CSSCI,2008,4,2008年第4期,True,True,3,3,0,0,3,0,found
西亚非洲,168,政治学,CSSCI,2008,5,2008年第5期,True,True,4,4,0,0,4,0,found
西亚非洲,168,政治学,CSSCI,2008,6,2008年第6期,True,True,1,1,0,0,1,0,found
西亚非洲,168,政治学,CSSCI,2008,7,2008年第7期,True,True,3,3,0,0,3,0,found
西亚非洲,168,政治学,CSSCI,2008,8,2008年第8期,True,True,5,5,0,0,5,0,found
西亚非洲,168,政治学,CSSCI,2008,9,2008年第9期,True,True,3,3,0,0,3,0,found
西亚非洲,168,政治学,CSSCI,2008,10,2008年第10期,True,True,1,1,0,0,1,0,found
西亚非洲,168,政治学,CSSCI,2008,11,2008年第11期,True,False,0,0,0,0,0,0,not_found_in_public_sources
西亚非洲,168,政治学,CSSCI,2008,12,2008年第12期,True,False,0,0,0,0,0,0,not_found_in_public_sources
西亚非洲,168,政治学,CSSCI,2009,1,2009年第1期,True,True,5,5,0,0,5,0,found
西亚非洲,168,政治学,CSSCI,2009,2,2009年第2期,True,True,3,3,0,0,3,0,found
西亚非洲,168,政治学,CSSCI,2009,3,2009年第3期,True,True,3,3,0,0,3,0,found
西亚非洲,168,政治学,CSSCI,2009,4,2009年第4期,True,True,2,2,0,0,2,0,found
西亚非洲,168,政治学,CSSCI,2009,5,2009年第5期,True,False,0,0,0,0,0,0,not_found_in_public_sources
西亚非洲,168,政治学,CSSCI,2009,6,2009年第6期,True,True,1,1,0,0,1,0,found
西亚非洲,168,政治学,CSSCI,2009,7,2009年第7期,True,True,1,1,0,0,1,0,found
西亚非洲,168,政治学,CSSCI,2009,8,2009年第8期,True,True,3,3,0,0,3,0,found
西亚非洲,168,政治学,CSSCI,2009,9,2009年第9期,True,True,2,2,0,0,2,0,found
西亚非洲,168,政治学,CSSCI,2009,10,2009年第10期,True,True,2,2,0,0,2,0,found
西亚非洲,168,政治学,CSSCI,2009,11,2009年第11期,True,True,1,1,0,0,1,0,found
西亚非洲,168,政治学,CSSCI,2009,12,2009年第12期,True,True,2,2,0,0,2,0,found
西亚非洲,168,政治学,CSSCI,2010,1,2010年第1期,True,True,5,5,0,0,5,0,found
西亚非洲,168,政治学,CSSCI,2010,2,2010年第2期,True,True,3,3,0,0,3,0,found
西亚非洲,168,政治学,CSSCI,2010,3,2010年第3期,True,True,1,1,0,0,1,0,found
西亚非洲,168,政治学,CSSCI,2010,4,2010年第4期,True,False,0,0,0,0,0,0,not_found_in_public_sources
西亚非洲,168,政治学,CSSCI,2010,5,2010年第5期,True,True,2,2,0,0,2,0,found
西亚非洲,168,政治学,CSSCI,2010,6,2010年第6期,True,True,1,1,0,0,1,0,found
西亚非洲,168,政治学,CSSCI,2010,7,2010年第7期,True,True,1,1,0,0,1,0,found
西亚非洲,168,政治学,CSSCI,2010,8,2010年第8期,True,True,2,2,0,0,2,0,found
西亚非洲,168,政治学,CSSCI,2010,9,2010年第9期,True,True,1,1,0,0,1,0,found
西亚非洲,168,政治学,CSSCI,2010,10,2010年第10期,True,True,2,2,0,0,2,0,found
西亚非洲,168,政治学,CSSCI,2010,11,2010年第11期,True,False,0,0,0,0,0,0,not_found_in_public_sources
西亚非洲,168,政治学,CSSCI,2010,12,2010年第12期,True,True,3,3,0,0,3,0,found
西亚非洲,168,政治学,CSSCI,2011,1,2011年第1期,True,True,3,3,0,0,3,0,found
西亚非洲,168,政治学,CSSCI,2011,2,2011年第2期,True,True,4,4,0,0,4,0,found
西亚非洲,168,政治学,CSSCI,2011,3,2011年第3期,True,True,2,2,0,0,2,0,found
西亚非洲,168,政治学,CSSCI,2011,4,2011年第4期,True,True,1,1,0,0,1,0,found
西亚非洲,168,政治学,CSSCI,2011,5,2011年第5期,True,False,0,0,0,0,0,0,not_found_in_public_sources
西亚非洲,168,政治学,CSSCI,2011,6,2011年第6期,True,True,1,1,0,0,1,0,found
西亚非洲,168,政治学,CSSCI,2011,7,2011年第7期,True,True,4,4,0,0,4,0,found
西亚非洲,168,政治学,CSSCI,2011,8,2011年第8期,True,True,1,1,0,0,1,0,found
西亚非洲,168,政治学,CSSCI,2011,9,2011年第9期,True,True,1,1,0,0,1,0,found
西亚非洲,168,政治学,CSSCI,2011,10,2011年第10期,True,False,0,0,0,0,0,0,not_found_in_public_sources
西亚非洲,168,政治学,CSSCI,2011,11,2011年第11期,True,False,0,0,0,0,0,0,not_found_in_public_sources
西亚非洲,168,政治学,CSSCI,2011,12,2011年第12期,True,False,0,0,0,0,0,0,not_found_in_public_sources
西亚非洲,168,政治学,CSSCI,2012,1,2012年第1期,True,True,4,4,0,0,4,0,found
西亚非洲,168,政治学,CSSCI,2012,2,2012年第2期,True,False,0,0,0,0,0,0,not_found_in_public_sources
西亚非洲,168,政治学,CSSCI,2012,3,2012年第3期,True,True,1,1,0,0,1,0,found
西亚非洲,168,政治学,CSSCI,2012,4,2012年第4期,True,True,1,1,0,0,1,0,found
西亚非洲,168,政治学,CSSCI,2012,5,2012年第5期,True,True,1,1,0,0,1,0,found
西亚非洲,168,政治学,CSSCI,2012,6,2012年第6期,True,True,1,1,0,0,1,0,found
西亚非洲,168,政治学,CSSCI,2012,7,2012年第7期,True,False,0,0,0,0,0,0,not_found_in_public_sources
西亚非洲,168,政治学,CSSCI,2012,8,2012年第8期,True,False,0,0,0,0,0,0,not_found_in_public_sources
西亚非洲,168,政治学,CSSCI,2012,9,2012年第9期,True,False,0,0,0,0,0,0,not_found_in_public_sources
西亚非洲,168,政治学,CSSCI,2012,10,2012年第10期,True,False,0,0,0,0,0,0,not_found_in_public_sources
西亚非洲,168,政治学,CSSCI,2012,11,2012年第11期,True,False,0,0,0,0,0,0,not_found_in_public_sources
西亚非洲,168,政治学,CSSCI,2012,12,2012年第12期,True,False,0,0,0,0,0,0,not_found_in_public_sources
西亚非洲,168,政治学,CSSCI,2013,1,2013年第1期,True,True,2,2,0,0,2,0,found
西亚非洲,168,政治学,CSSCI,2013,2,2013年第2期,True,True,1,1,0,0,1,0,found
西亚非洲,168,政治学,CSSCI,2013,3,2013年第3期,True,True,1,1,0,0,1,0,found
西亚非洲,168,政治学,CSSCI,2013,4,2013年第4期,True,True,2,2,0,0,2,0,found
西亚非洲,168,政治学,CSSCI,2013,5,2013年第5期,True,True,2,2,0,0,2,0,found
西亚非洲,168,政治学,CSSCI,2013,6,2013年第6期,True,True,1,1,0,0,1,0,found
西亚非洲,168,政治学,CSSCI,2013,7,2013年第7期,True,False,0,0,0,0,0,0,not_found_in_public_sources
西亚非洲,168,政治学,CSSCI,2013,8,2013年第8期,True,False,0,0,0,0,0,0,not_found_in_public_sources
西亚非洲,168,政治学,CSSCI,2013,9,2013年第9期,True,False,0,0,0,0,0,0,not_found_in_public_sources
西亚非洲,168,政治学,CSSCI,2013,10,2013年第10期,True,False,0,0,0,0,0,0,not_found_in_public_sources
西亚非洲,168,政治学,CSSCI,2013,11,2013年第11期,True,False,0,0,0,0,0,0,not_found_in_public_sources
西亚非洲,168,政治学,CSSCI,2013,12,2013年第12期,True,False,0,0,0,0,0,0,not_found_in_public_sources
西亚非洲,168,政治学,CSSCI,2014,1,2014年第1期,True,True,2,2,0,0,2,0,found
西亚非洲,168,政治学,CSSCI,2014,2,2014年第2期,True,True,4,4,0,0,4,0,found
西亚非洲,168,政治学,CSSCI,2014,3,2014年第3期,True,True,2,2,0,0,2,0,found
西亚非洲,168,政治学,CSSCI,2014,4,2014年第4期,True,True,2,2,0,0,2,0,found
西亚非洲,168,政治学,CSSCI,2014,5,2014年第5期,True,False,0,0,0,0,0,0,not_found_in_public_sources
西亚非洲,168,政治学,CSSCI,2014,6,2014年第6期,True,True,1,1,0,0,1,0,found
西亚非洲,168,政治学,CSSCI,2014,7,2014年第7期,True,False,0,0,0,0,0,0,not_found_in_public_sources
西亚非洲,168,政治学,CSSCI,2014,8,2014年第8期,True,False,0,0,0,0,0,0,not_found_in_public_sources
西亚非洲,168,政治学,CSSCI,2014,9,2014年第9期,True,False,0,0,0,0,0,0,not_found_in_public_sources
西亚非洲,168,政治学,CSSCI,2014,10,2014年第10期,True,False,0,0,0,0,0,0,not_found_in_public_sources
西亚非洲,168,政治学,CSSCI,2014,11,2014年第11期,True,False,0,0,0,0,0,0,not_found_in_public_sources
西亚非洲,168,政治学,CSSCI,2014,12,2014年第12期,True,False,0,0,0,0,0,0,not_found_in_public_sources
西亚非洲,168,政治学,CSSCI,2015,1,2015年第1期,True,True,2,2,0,0,2,0,found
西亚非洲,168,政治学,CSSCI,2015,2,2015年第2期,True,True,3,3,0,0,3,0,found
西亚非洲,168,政治学,CSSCI,2015,3,2015年第3期,True,True,4,4,0,0,4,0,found
西亚非洲,168,政治学,CSSCI,2015,4,2015年第4期,True,False,0,0,0,0,0,0,not_found_in_public_sources
西亚非洲,168,政治学,CSSCI,2015,5,2015年第5期,True,True,1,1,0,0,1,0,found
西亚非洲,168,政治学,CSSCI,2015,6,2015年第6期,True,True,2,2,0,0,2,0,found
西亚非洲,168,政治学,CSSCI,2015,7,2015年第7期,True,False,0,0,0,0,0,0,not_found_in_public_sources
西亚非洲,168,政治学,CSSCI,2015,8,2015年第8期,True,False,0,0,0,0,0,0,not_found_in_public_sources
西亚非洲,168,政治学,CSSCI,2015,9,2015年第9期,True,False,0,0,0,0,0,0,not_found_in_public_sources
西亚非洲,168,政治学,CSSCI,2015,10,2015年第10期,True,False,0,0,0,0,0,0,not_found_in_public_sources
西亚非洲,168,政治学,CSSCI,2015,11,2015年第11期,True,False,0,0,0,0,0,0,not_found_in_public_sources
西亚非洲,168,政治学,CSSCI,2015,12,2015年第12期,True,False,0,0,0,0,0,0,not_found_in_public_sources
西亚非洲,168,政治学,CSSCI,2016,1,2016年第1期,True,True,1,1,0,0,1,0,found
西亚非洲,168,政治学,CSSCI,2016,2,2016年第2期,True,True,7,7,0,0,7,0,found
西亚非洲,168,政治学,CSSCI,2016,3,2016年第3期,True,True,4,4,0,0,4,0,found
西亚非洲,168,政治学,CSSCI,2016,4,2016年第4期,True,False,0,0,0,0,0,0,not_found_in_public_sources
西亚非洲,168,政治学,CSSCI,2016,5,2016年第5期,True,False,0,0,0,0,0,0,not_found_in_public_sources
西亚非洲,168,政治学,CSSCI,2016,6,2016年第6期,True,False,0,0,0,0,0,0,not_found_in_public_sources
西亚非洲,168,政治学,CSSCI,2016,7,2016年第7期,True,False,0,0,0,0,0,0,not_found_in_public_sources
西亚非洲,168,政治学,CSSCI,2016,8,2016年第8期,True,False,0,0,0,0,0,0,not_found_in_public_sources
西亚非洲,168,政治学,CSSCI,2016,9,2016年第9期,True,False,0,0,0,0,0,0,not_found_in_public_sources
西亚非洲,168,政治学,CSSCI,2016,10,2016年第10期,True,False,0,0,0,0,0,0,not_found_in_public_sources
西亚非洲,168,政治学,CSSCI,2016,11,2016年第11期,True,False,0,0,0,0,0,0,not_found_in_public_sources
西亚非洲,168,政治学,CSSCI,2016,12,2016年第12期,True,False,0,0,0,0,0,0,not_found_in_public_sources
西亚非洲,168,政治学,CSSCI,2017,1,2017年第1期,True,False,0,0,0,0,0,0,not_found_in_public_sources
西亚非洲,168,政治学,CSSCI,2017,2,2017年第2期,True,False,0,0,0,0,0,0,not_found_in_public_sources
西亚非洲,168,政治学,CSSCI,2017,3,2017年第3期,True,False,0,0,0,0,0,0,not_found_in_public_sources
西亚非洲,168,政治学,CSSCI,2017,4,2017年第4期,True,True,2,2,0,0,2,0,found
西亚非洲,168,政治学,CSSCI,2017,5,2017年第5期,True,False,0,0,0,0,0,0,not_found_in_public_sources
西亚非洲,168,政治学,CSSCI,2017,6,2017年第6期,True,False,0,0,0,0,0,0,not_found_in_public_sources
西亚非洲,168,政治学,CSSCI,2017,7,2017年第7期,True,False,0,0,0,0,0,0,not_found_in_public_sources
西亚非洲,168,政治学,CSSCI,2017,8,2017年第8期,True,False,0,0,0,0,0,0,not_found_in_public_sources
西亚非洲,168,政治学,CSSCI,2017,9,2017年第9期,True,False,0,0,0,0,0,0,not_found_in_public_sources
西亚非洲,168,政治学,CSSCI,2017,10,2017年第10期,True,False,0,0,0,0,0,0,not_found_in_public_sources
西亚非洲,168,政治学,CSSCI,2017,11,2017年第11期,True,False,0,0,0,0,0,0,not_found_in_public_sources
西亚非洲,168,政治学,CSSCI,2017,12,2017年第12期,True,False,0,0,0,0,0,0,not_found_in_public_sources
西亚非洲,168,政治学,CSSCI,2018,1,2018年第1期,True,False,0,0,0,0,0,0,not_found_in_public_sources
西亚非洲,168,政治学,CSSCI,2018,2,2018年第2期,True,False,0,0,0,0,0,0,not_found_in_public_sources
西亚非洲,168,政治学,CSSCI,2018,3,2018年第3期,True,False,0,0,0,0,0,0,not_found_in_public_sources
西亚非洲,168,政治学,CSSCI,2018,4,2018年第4期,True,False,0,0,0,0,0,0,not_found_in_public_sources
西亚非洲,168,政治学,CSSCI,2018,5,2018年第5期,True,False,0,0,0,0,0,0,not_found_in_public_sources
西亚非洲,168,政治学,CSSCI,2018,6,2018年第6期,True,False,0,0,0,0,0,0,not_found_in_public_sources
西亚非洲,168,政治学,CSSCI,2018,7,2018年第7期,True,False,0,0,0,0,0,0,not_found_in_public_sources
西亚非洲,168,政治学,CSSCI,2018,8,2018年第8期,True,False,0,0,0,0,0,0,not_found_in_public_sources
西亚非洲,168,政治学,CSSCI,2018,9,2018年第9期,True,False,0,0,0,0,0,0,not_found_in_public_sources
西亚非洲,168,政治学,CSSCI,2018,10,2018年第10期,True,False,0,0,0,0,0,0,not_found_in_public_sources
西亚非洲,168,政治学,CSSCI,2018,11,2018年第11期,True,False,0,0,0,0,0,0,not_found_in_public_sources
西亚非洲,168,政治学,CSSCI,2018,12,2018年第12期,True,False,0,0,0,0,0,0,not_found_in_public_sources
西亚非洲,168,政治学,CSSCI,2019,1,2019年第1期,True,False,0,0,0,0,0,0,not_found_in_public_sources
西亚非洲,168,政治学,CSSCI,2019,2,2019年第2期,True,False,0,0,0,0,0,0,not_found_in_public_sources
西亚非洲,168,政治学,CSSCI,2019,3,2019年第3期,True,False,0,0,0,0,0,0,not_found_in_public_sources
西亚非洲,168,政治学,CSSCI,2019,4,2019年第4期,True,True,1,1,0,0,1,0,found
西亚非洲,168,政治学,CSSCI,2019,5,2019年第5期,True,True,1,1,0,0,1,0,found
西亚非洲,168,政治学,CSSCI,2019,6,2019年第6期,True,False,0,0,0,0,0,0,not_found_in_public_sources
西亚非洲,168,政治学,CSSCI,2019,7,2019年第7期,True,False,0,0,0,0,0,0,not_found_in_public_sources
西亚非洲,168,政治学,CSSCI,2019,8,2019年第8期,True,False,0,0,0,0,0,0,not_found_in_public_sources
西亚非洲,168,政治学,CSSCI,2019,9,2019年第9期,True,False,0,0,0,0,0,0,not_found_in_public_sources
西亚非洲,168,政治学,CSSCI,2019,10,2019年第10期,True,False,0,0,0,0,0,0,not_found_in_public_sources
西亚非洲,168,政治学,CSSCI,2019,11,2019年第11期,True,False,0,0,0,0,0,0,not_found_in_public_sources
西亚非洲,168,政治学,CSSCI,2019,12,2019年第12期,True,False,0,0,0,0,0,0,not_found_in_public_sources
西亚非洲,168,政治学,CSSCI,2020,1,2020年第1期,True,False,0,0,0,0,0,0,not_found_in_public_sources
西亚非洲,168,政治学,CSSCI,2020,2,2020年第2期,True,False,0,0,0,0,0,0,not_found_in_public_sources
西亚非洲,168,政治学,CSSCI,2020,3,2020年第3期,True,True,1,1,0,0,1,0,found
西亚非洲,168,政治学,CSSCI,2020,4,2020年第4期,True,False,0,0,0,0,0,0,not_found_in_public_sources
西亚非洲,168,政治学,CSSCI,2020,5,2020年第5期,True,False,0,0,0,0,0,0,not_found_in_public_sources
西亚非洲,168,政治学,CSSCI,2020,6,2020年第6期,True,False,0,0,0,0,0,0,not_found_in_public_sources
西亚非洲,168,政治学,CSSCI,2020,7,2020年第7期,True,False,0,0,0,0,0,0,not_found_in_public_sources
西亚非洲,168,政治学,CSSCI,2020,8,2020年第8期,True,False,0,0,0,0,0,0,not_found_in_public_sources
西亚非洲,168,政治学,CSSCI,2020,9,2020年第9期,True,False,0,0,0,0,0,0,not_found_in_public_sources
西亚非洲,168,政治学,CSSCI,2020,10,2020年第10期,True,False,0,0,0,0,0,0,not_found_in_public_sources
西亚非洲,168,政治学,CSSCI,2020,11,2020年第11期,True,False,0,0,0,0,0,0,not_found_in_public_sources
西亚非洲,168,政治学,CSSCI,2020,12,2020年第12期,True,False,0,0,0,0,0,0,not_found_in_public_sources
西亚非洲,168,政治学,CSSCI,2021,1,2021年第1期,True,False,0,0,0,0,0,0,not_found_in_public_sources
西亚非洲,168,政治学,CSSCI,2021,2,2021年第2期,True,False,0,0,0,0,0,0,not_found_in_public_sources
西亚非洲,168,政治学,CSSCI,2021,3,2021年第3期,True,False,0,0,0,0,0,0,not_found_in_public_sources
西亚非洲,168,政治学,CSSCI,2021,4,2021年第4期,True,False,0,0,0,0,0,0,not_found_in_public_sources
西亚非洲,168,政治学,CSSCI,2021,5,2021年第5期,True,False,0,0,0,0,0,0,not_found_in_public_sources
西亚非洲,168,政治学,CSSCI,2021,6,2021年第6期,True,False,0,0,0,0,0,0,not_found_in_public_sources
西亚非洲,168,政治学,CSSCI,2021,7,2021年第7期,True,False,0,0,0,0,0,0,not_found_in_public_sources
西亚非洲,168,政治学,CSSCI,2021,8,2021年第8期,True,False,0,0,0,0,0,0,not_found_in_public_sources
西亚非洲,168,政治学,CSSCI,2021,9,2021年第9期,True,False,0,0,0,0,0,0,not_found_in_public_sources
西亚非洲,168,政治学,CSSCI,2021,10,2021年第10期,True,False,0,0,0,0,0,0,not_found_in_public_sources
西亚非洲,168,政治学,CSSCI,2021,11,2021年第11期,True,False,0,0,0,0,0,0,not_found_in_public_sources
西亚非洲,168,政治学,CSSCI,2021,12,2021年第12期,True,False,0,0,0,0,0,0,not_found_in_public_sources
西亚非洲,168,政治学,CSSCI,2022,1,2022年第1期,True,False,0,0,0,0,0,0,not_found_in_public_sources
西亚非洲,168,政治学,CSSCI,2022,2,2022年第2期,True,False,0,0,0,0,0,0,not_found_in_public_sources
西亚非洲,168,政治学,CSSCI,2022,3,2022年第3期,True,False,0,0,0,0,0,0,not_found_in_public_sources
西亚非洲,168,政治学,CSSCI,2022,4,2022年第4期,True,False,0,0,0,0,0,0,not_found_in_public_sources
西亚非洲,168,政治学,CSSCI,2022,5,2022年第5期,True,False,0,0,0,0,0,0,not_found_in_public_sources
西亚非洲,168,政治学,CSSCI,2022,6,2022年第6期,True,False,0,0,0,0,0,0,not_found_in_public_sources
西亚非洲,168,政治学,CSSCI,2022,7,2022年第7期,True,False,0,0,0,0,0,0,not_found_in_public_sources
西亚非洲,168,政治学,CSSCI,2022,8,2022年第8期,True,False,0,0,0,0,0,0,not_found_in_public_sources
西亚非洲,168,政治学,CSSCI,2022,9,2022年第9期,True,False,0,0,0,0,0,0,not_found_in_public_sources
西亚非洲,168,政治学,CSSCI,2022,10,2022年第10期,True,False,0,0,0,0,0,0,not_found_in_public_sources
西亚非洲,168,政治学,CSSCI,2022,11,2022年第11期,True,False,0,0,0,0,0,0,not_found_in_public_sources
西亚非洲,168,政治学,CSSCI,2022,12,2022年第12期,True,False,0,0,0,0,0,0,not_found_in_public_sources
西亚非洲,168,政治学,CSSCI,2023,1,2023年第1期,True,False,0,0,0,0,0,0,not_found_in_public_sources
西亚非洲,168,政治学,CSSCI,2023,2,2023年第2期,True,False,0,0,0,0,0,0,not_found_in_public_sources
西亚非洲,168,政治学,CSSCI,2023,3,2023年第3期,True,False,0,0,0,0,0,0,not_found_in_public_sources
西亚非洲,168,政治学,CSSCI,2023,4,2023年第4期,True,False,0,0,0,0,0,0,not_found_in_public_sources
西亚非洲,168,政治学,CSSCI,2023,5,2023年第5期,True,False,0,0,0,0,0,0,not_found_in_public_sources
西亚非洲,168,政治学,CSSCI,2023,6,2023年第6期,True,False,0,0,0,0,0,0,not_found_in_public_sources
西亚非洲,168,政治学,CSSCI,2023,7,2023年第7期,True,False,0,0,0,0,0,0,not_found_in_public_sources
西亚非洲,168,政治学,CSSCI,2023,8,2023年第8期,True,False,0,0,0,0,0,0,not_found_in_public_sources
西亚非洲,168,政治学,CSSCI,2023,9,2023年第9期,True,False,0,0,0,0,0,0,not_found_in_public_sources
西亚非洲,168,政治学,CSSCI,2023,10,2023年第10期,True,False,0,0,0,0,0,0,not_found_in_public_sources
西亚非洲,168,政治学,CSSCI,2023,11,2023年第11期,True,False,0,0,0,0,0,0,not_found_in_public_sources
西亚非洲,168,政治学,CSSCI,2023,12,2023年第12期,True,False,0,0,0,0,0,0,not_found_in_public_sources
西亚非洲,168,政治学,CSSCI,2024,1,2024年第1期,True,False,0,0,0,0,0,0,not_found_in_public_sources
西亚非洲,168,政治学,CSSCI,2024,2,2024年第2期,True,False,0,0,0,0,0,0,not_found_in_public_sources
西亚非洲,168,政治学,CSSCI,2024,3,2024年第3期,True,False,0,0,0,0,0,0,not_found_in_public_sources
西亚非洲,168,政治学,CSSCI,2024,4,2024年第4期,True,False,0,0,0,0,0,0,not_found_in_public_sources
西亚非洲,168,政治学,CSSCI,2024,5,2024年第5期,True,False,0,0,0,0,0,0,not_found_in_public_sources
西亚非洲,168,政治学,CSSCI,2024,6,2024年第6期,True,False,0,0,0,0,0,0,not_found_in_public_sources
西亚非洲,168,政治学,CSSCI,2024,7,2024年第7期,True,False,0,0,0,0,0,0,not_found_in_public_sources
西亚非洲,168,政治学,CSSCI,2024,8,2024年第8期,True,False,0,0,0,0,0,0,not_found_in_public_sources
西亚非洲,168,政治学,CSSCI,2024,9,2024年第9期,True,False,0,0,0,0,0,0,not_found_in_public_sources
西亚非洲,168,政治学,CSSCI,2024,10,2024年第10期,True,False,0,0,0,0,0,0,not_found_in_public_sources
西亚非洲,168,政治学,CSSCI,2024,11,2024年第11期,True,False,0,0,0,0,0,0,not_found_in_public_sources
西亚非洲,168,政治学,CSSCI,2024,12,2024年第12期,True,False,0,0,0,0,0,0,not_found_in_public_sources
西亚非洲,168,政治学,CSSCI,2025,1,2025年第1期,True,False,0,0,0,0,0,0,not_found_in_public_sources
西亚非洲,168,政治学,CSSCI,2025,2,2025年第2期,True,False,0,0,0,0,0,0,not_found_in_public_sources
西亚非洲,168,政治学,CSSCI,2025,3,2025年第3期,True,False,0,0,0,0,0,0,not_found_in_public_sources
西亚非洲,168,政治学,CSSCI,2025,4,2025年第4期,True,False,0,0,0,0,0,0,not_found_in_public_sources
西亚非洲,168,政治学,CSSCI,2025,5,2025年第5期,True,False,0,0,0,0,0,0,not_found_in_public_sources
西亚非洲,168,政治学,CSSCI,2025,6,2025年第6期,True,False,0,0,0,0,0,0,not_found_in_public_sources
西亚非洲,168,政治学,CSSCI,2025,7,2025年第7期,True,False,0,0,0,0,0,0,not_found_in_public_sources
西亚非洲,168,政治学,CSSCI,2025,8,2025年第8期,True,False,0,0,0,0,0,0,not_found_in_public_sources
西亚非洲,168,政治学,CSSCI,2025,9,2025年第9期,True,False,0,0,0,0,0,0,not_found_in_public_sources
西亚非洲,168,政治学,CSSCI,2025,10,2025年第10期,True,False,0,0,0,0,0,0,not_found_in_public_sources
西亚非洲,168,政治学,CSSCI,2025,11,2025年第11期,True,False,0,0,0,0,0,0,not_found_in_public_sources
西亚非洲,168,政治学,CSSCI,2025,12,2025年第12期,True,False,0,0,0,0,0,0,not_found_in_public_sources
太平洋学报,170,政治学,CSSCI,1994,1,1994年第1期,True,True,1,1,0,0,1,0,found
太平洋学报,170,政治学,CSSCI,1994,2,1994年第2期,True,False,0,0,0,0,0,0,not_found_in_public_sources
太平洋学报,170,政治学,CSSCI,1994,3,1994年第3期,True,False,0,0,0,0,0,0,not_found_in_public_sources
太平洋学报,170,政治学,CSSCI,1994,4,1994年第4期,True,False,0,0,0,0,0,0,not_found_in_public_sources
太平洋学报,170,政治学,CSSCI,1994,5,1994年第5期,True,False,0,0,0,0,0,0,not_found_in_public_sources
太平洋学报,170,政治学,CSSCI,1994,6,1994年第6期,True,False,0,0,0,0,0,0,not_found_in_public_sources
太平洋学报,170,政治学,CSSCI,1994,7,1994年第7期,True,False,0,0,0,0,0,0,not_found_in_public_sources
太平洋学报,170,政治学,CSSCI,1994,8,1994年第8期,True,False,0,0,0,0,0,0,not_found_in_public_sources
太平洋学报,170,政治学,CSSCI,1994,9,1994年第9期,True,False,0,0,0,0,0,0,not_found_in_public_sources
太平洋学报,170,政治学,CSSCI,1994,10,1994年第10期,True,False,0,0,0,0,0,0,not_found_in_public_sources
太平洋学报,170,政治学,CSSCI,1994,11,1994年第11期,True,False,0,0,0,0,0,0,not_found_in_public_sources
太平洋学报,170,政治学,CSSCI,1994,12,1994年第12期,True,False,0,0,0,0,0,0,not_found_in_public_sources
太平洋学报,170,政治学,CSSCI,1995,1,1995年第1期,True,True,3,3,0,0,3,0,found
太平洋学报,170,政治学,CSSCI,1995,2,1995年第2期,True,True,1,1,0,0,1,0,found
太平洋学报,170,政治学,CSSCI,1995,3,1995年第3期,True,True,3,3,0,0,3,0,found
太平洋学报,170,政治学,CSSCI,1995,4,1995年第4期,True,False,0,0,0,0,0,0,not_found_in_public_sources
太平洋学报,170,政治学,CSSCI,1995,5,1995年第5期,True,False,0,0,0,0,0,0,not_found_in_public_sources
太平洋学报,170,政治学,CSSCI,1995,6,1995年第6期,True,False,0,0,0,0,0,0,not_found_in_public_sources
太平洋学报,170,政治学,CSSCI,1995,7,1995年第7期,True,False,0,0,0,0,0,0,not_found_in_public_sources
太平洋学报,170,政治学,CSSCI,1995,8,1995年第8期,True,False,0,0,0,0,0,0,not_found_in_public_sources
太平洋学报,170,政治学,CSSCI,1995,9,1995年第9期,True,False,0,0,0,0,0,0,not_found_in_public_sources
太平洋学报,170,政治学,CSSCI,1995,10,1995年第10期,True,False,0,0,0,0,0,0,not_found_in_public_sources
太平洋学报,170,政治学,CSSCI,1995,11,1995年第11期,True,False,0,0,0,0,0,0,not_found_in_public_sources
太平洋学报,170,政治学,CSSCI,1995,12,1995年第12期,True,False,0,0,0,0,0,0,not_found_in_public_sources
太平洋学报,170,政治学,CSSCI,1996,1,1996年第1期,True,False,0,0,0,0,0,0,not_found_in_public_sources
太平洋学报,170,政治学,CSSCI,1996,2,1996年第2期,True,False,0,0,0,0,0,0,not_found_in_public_sources
太平洋学报,170,政治学,CSSCI,1996,3,1996年第3期,True,False,0,0,0,0,0,0,not_found_in_public_sources
太平洋学报,170,政治学,CSSCI,1996,4,1996年第4期,True,True,1,1,0,0,1,0,found
太平洋学报,170,政治学,CSSCI,1996,5,1996年第5期,True,False,0,0,0,0,0,0,not_found_in_public_sources
太平洋学报,170,政治学,CSSCI,1996,6,1996年第6期,True,False,0,0,0,0,0,0,not_found_in_public_sources
太平洋学报,170,政治学,CSSCI,1996,7,1996年第7期,True,False,0,0,0,0,0,0,not_found_in_public_sources
太平洋学报,170,政治学,CSSCI,1996,8,1996年第8期,True,False,0,0,0,0,0,0,not_found_in_public_sources
太平洋学报,170,政治学,CSSCI,1996,9,1996年第9期,True,False,0,0,0,0,0,0,not_found_in_public_sources
太平洋学报,170,政治学,CSSCI,1996,10,1996年第10期,True,False,0,0,0,0,0,0,not_found_in_public_sources
太平洋学报,170,政治学,CSSCI,1996,11,1996年第11期,True,False,0,0,0,0,0,0,not_found_in_public_sources
太平洋学报,170,政治学,CSSCI,1996,12,1996年第12期,True,False,0,0,0,0,0,0,not_found_in_public_sources
太平洋学报,170,政治学,CSSCI,1997,1,1997年第1期,True,True,3,3,0,0,3,0,found
太平洋学报,170,政治学,CSSCI,1997,2,1997年第2期,True,True,1,1,0,0,1,0,found
太平洋学报,170,政治学,CSSCI,1997,3,1997年第3期,True,True,1,1,0,0,1,0,found
太平洋学报,170,政治学,CSSCI,1997,4,1997年第4期,True,False,0,0,0,0,0,0,not_found_in_public_sources
太平洋学报,170,政治学,CSSCI,1997,5,1997年第5期,True,False,0,0,0,0,0,0,not_found_in_public_sources
太平洋学报,170,政治学,CSSCI,1997,6,1997年第6期,True,False,0,0,0,0,0,0,not_found_in_public_sources
太平洋学报,170,政治学,CSSCI,1997,7,1997年第7期,True,False,0,0,0,0,0,0,not_found_in_public_sources
太平洋学报,170,政治学,CSSCI,1997,8,1997年第8期,True,False,0,0,0,0,0,0,not_found_in_public_sources
太平洋学报,170,政治学,CSSCI,1997,9,1997年第9期,True,False,0,0,0,0,0,0,not_found_in_public_sources
太平洋学报,170,政治学,CSSCI,1997,10,1997年第10期,True,False,0,0,0,0,0,0,not_found_in_public_sources
太平洋学报,170,政治学,CSSCI,1997,11,1997年第11期,True,False,0,0,0,0,0,0,not_found_in_public_sources
太平洋学报,170,政治学,CSSCI,1997,12,1997年第12期,True,False,0,0,0,0,0,0,not_found_in_public_sources
太平洋学报,170,政治学,CSSCI,1998,1,1998年第1期,True,True,1,1,0,0,1,0,found
太平洋学报,170,政治学,CSSCI,1998,2,1998年第2期,True,False,0,0,0,0,0,0,not_found_in_public_sources
太平洋学报,170,政治学,CSSCI,1998,3,1998年第3期,True,True,1,1,0,0,1,0,found
太平洋学报,170,政治学,CSSCI,1998,4,1998年第4期,True,False,0,0,0,0,0,0,not_found_in_public_sources
太平洋学报,170,政治学,CSSCI,1998,5,1998年第5期,True,False,0,0,0,0,0,0,not_found_in_public_sources
太平洋学报,170,政治学,CSSCI,1998,6,1998年第6期,True,False,0,0,0,0,0,0,not_found_in_public_sources
太平洋学报,170,政治学,CSSCI,1998,7,1998年第7期,True,False,0,0,0,0,0,0,not_found_in_public_sources
太平洋学报,170,政治学,CSSCI,1998,8,1998年第8期,True,False,0,0,0,0,0,0,not_found_in_public_sources
太平洋学报,170,政治学,CSSCI,1998,9,1998年第9期,True,False,0,0,0,0,0,0,not_found_in_public_sources
太平洋学报,170,政治学,CSSCI,1998,10,1998年第10期,True,False,0,0,0,0,0,0,not_found_in_public_sources
太平洋学报,170,政治学,CSSCI,1998,11,1998年第11期,True,False,0,0,0,0,0,0,not_found_in_public_sources
太平洋学报,170,政治学,CSSCI,1998,12,1998年第12期,True,False,0,0,0,0,0,0,not_found_in_public_sources
太平洋学报,170,政治学,CSSCI,1999,1,1999年第1期,True,False,0,0,0,0,0,0,not_found_in_public_sources
太平洋学报,170,政治学,CSSCI,1999,2,1999年第2期,True,False,0,0,0,0,0,0,not_found_in_public_sources
太平洋学报,170,政治学,CSSCI,1999,3,1999年第3期,True,True,3,3,0,0,3,0,found
太平洋学报,170,政治学,CSSCI,1999,4,1999年第4期,True,True,1,1,0,0,1,0,found
太平洋学报,170,政治学,CSSCI,1999,5,1999年第5期,True,False,0,0,0,0,0,0,not_found_in_public_sources
太平洋学报,170,政治学,CSSCI,1999,6,1999年第6期,True,False,0,0,0,0,0,0,not_found_in_public_sources
太平洋学报,170,政治学,CSSCI,1999,7,1999年第7期,True,False,0,0,0,0,0,0,not_found_in_public_sources
太平洋学报,170,政治学,CSSCI,1999,8,1999年第8期,True,False,0,0,0,0,0,0,not_found_in_public_sources
太平洋学报,170,政治学,CSSCI,1999,9,1999年第9期,True,False,0,0,0,0,0,0,not_found_in_public_sources
太平洋学报,170,政治学,CSSCI,1999,10,1999年第10期,True,False,0,0,0,0,0,0,not_found_in_public_sources
太平洋学报,170,政治学,CSSCI,1999,11,1999年第11期,True,False,0,0,0,0,0,0,not_found_in_public_sources
太平洋学报,170,政治学,CSSCI,1999,12,1999年第12期,True,False,0,0,0,0,0,0,not_found_in_public_sources
太平洋学报,170,政治学,CSSCI,2000,1,2000年第1期,True,False,0,0,0,0,0,0,not_found_in_public_sources
太平洋学报,170,政治学,CSSCI,2000,2,2000年第2期,True,False,0,0,0,0,0,0,not_found_in_public_sources
太平洋学报,170,政治学,CSSCI,2000,3,2000年第3期,True,True,1,1,0,0,1,0,found
太平洋学报,170,政治学,CSSCI,2000,4,2000年第4期,True,True,2,2,0,0,2,0,found
太平洋学报,170,政治学,CSSCI,2000,5,2000年第5期,True,False,0,0,0,0,0,0,not_found_in_public_sources
太平洋学报,170,政治学,CSSCI,2000,6,2000年第6期,True,False,0,0,0,0,0,0,not_found_in_public_sources
太平洋学报,170,政治学,CSSCI,2000,7,2000年第7期,True,False,0,0,0,0,0,0,not_found_in_public_sources
太平洋学报,170,政治学,CSSCI,2000,8,2000年第8期,True,False,0,0,0,0,0,0,not_found_in_public_sources
太平洋学报,170,政治学,CSSCI,2000,9,2000年第9期,True,False,0,0,0,0,0,0,not_found_in_public_sources
太平洋学报,170,政治学,CSSCI,2000,10,2000年第10期,True,False,0,0,0,0,0,0,not_found_in_public_sources
太平洋学报,170,政治学,CSSCI,2000,11,2000年第11期,True,False,0,0,0,0,0,0,not_found_in_public_sources
太平洋学报,170,政治学,CSSCI,2000,12,2000年第12期,True,False,0,0,0,0,0,0,not_found_in_public_sources
太平洋学报,170,政治学,CSSCI,2001,1,2001年第1期,True,True,2,2,0,0,2,0,found
太平洋学报,170,政治学,CSSCI,2001,2,2001年第2期,True,True,3,3,0,0,3,0,found
太平洋学报,170,政治学,CSSCI,2001,3,2001年第3期,True,False,0,0,0,0,0,0,not_found_in_public_sources
太平洋学报,170,政治学,CSSCI,2001,4,2001年第4期,True,False,0,0,0,0,0,0,not_found_in_public_sources
太平洋学报,170,政治学,CSSCI,2001,5,2001年第5期,True,False,0,0,0,0,0,0,not_found_in_public_sources
太平洋学报,170,政治学,CSSCI,2001,6,2001年第6期,True,False,0,0,0,0,0,0,not_found_in_public_sources
太平洋学报,170,政治学,CSSCI,2001,7,2001年第7期,True,False,0,0,0,0,0,0,not_found_in_public_sources
太平洋学报,170,政治学,CSSCI,2001,8,2001年第8期,True,False,0,0,0,0,0,0,not_found_in_public_sources
太平洋学报,170,政治学,CSSCI,2001,9,2001年第9期,True,False,0,0,0,0,0,0,not_found_in_public_sources
太平洋学报,170,政治学,CSSCI,2001,10,2001年第10期,True,False,0,0,0,0,0,0,not_found_in_public_sources
太平洋学报,170,政治学,CSSCI,2001,11,2001年第11期,True,False,0,0,0,0,0,0,not_found_in_public_sources
太平洋学报,170,政治学,CSSCI,2001,12,2001年第12期,True,False,0,0,0,0,0,0,not_found_in_public_sources
太平洋学报,170,政治学,CSSCI,2002,1,2002年第1期,True,True,1,1,0,0,1,0,found
太平洋学报,170,政治学,CSSCI,2002,2,2002年第2期,True,True,1,1,0,0,1,0,found
太平洋学报,170,政治学,CSSCI,2002,3,2002年第3期,True,False,0,0,0,0,0,0,not_found_in_public_sources
太平洋学报,170,政治学,CSSCI,2002,4,2002年第4期,True,False,0,0,0,0,0,0,not_found_in_public_sources
太平洋学报,170,政治学,CSSCI,2002,5,2002年第5期,True,False,0,0,0,0,0,0,not_found_in_public_sources
太平洋学报,170,政治学,CSSCI,2002,6,2002年第6期,True,False,0,0,0,0,0,0,not_found_in_public_sources
太平洋学报,170,政治学,CSSCI,2002,7,2002年第7期,True,False,0,0,0,0,0,0,not_found_in_public_sources
太平洋学报,170,政治学,CSSCI,2002,8,2002年第8期,True,False,0,0,0,0,0,0,not_found_in_public_sources
太平洋学报,170,政治学,CSSCI,2002,9,2002年第9期,True,False,0,0,0,0,0,0,not_found_in_public_sources
太平洋学报,170,政治学,CSSCI,2002,10,2002年第10期,True,False,0,0,0,0,0,0,not_found_in_public_sources
太平洋学报,170,政治学,CSSCI,2002,11,2002年第11期,True,False,0,0,0,0,0,0,not_found_in_public_sources
太平洋学报,170,政治学,CSSCI,2002,12,2002年第12期,True,False,0,0,0,0,0,0,not_found_in_public_sources
太平洋学报,170,政治学,CSSCI,2003,1,2003年第1期,True,True,1,1,0,0,1,0,found
太平洋学报,170,政治学,CSSCI,2003,2,2003年第2期,True,True,2,2,0,0,2,0,found
太平洋学报,170,政治学,CSSCI,2003,3,2003年第3期,True,True,3,3,0,0,3,0,found
太平洋学报,170,政治学,CSSCI,2003,4,2003年第4期,True,False,0,0,0,0,0,0,not_found_in_public_sources
太平洋学报,170,政治学,CSSCI,2003,5,2003年第5期,True,False,0,0,0,0,0,0,not_found_in_public_sources
太平洋学报,170,政治学,CSSCI,2003,6,2003年第6期,True,False,0,0,0,0,0,0,not_found_in_public_sources
太平洋学报,170,政治学,CSSCI,2003,7,2003年第7期,True,False,0,0,0,0,0,0,not_found_in_public_sources
太平洋学报,170,政治学,CSSCI,2003,8,2003年第8期,True,False,0,0,0,0,0,0,not_found_in_public_sources
太平洋学报,170,政治学,CSSCI,2003,9,2003年第9期,True,False,0,0,0,0,0,0,not_found_in_public_sources
太平洋学报,170,政治学,CSSCI,2003,10,2003年第10期,True,False,0,0,0,0,0,0,not_found_in_public_sources
太平洋学报,170,政治学,CSSCI,2003,11,2003年第11期,True,False,0,0,0,0,0,0,not_found_in_public_sources
太平洋学报,170,政治学,CSSCI,2003,12,2003年第12期,True,False,0,0,0,0,0,0,not_found_in_public_sources
太平洋学报,170,政治学,CSSCI,2004,1,2004年第1期,True,True,2,2,0,0,2,0,found
太平洋学报,170,政治学,CSSCI,2004,2,2004年第2期,True,True,2,2,0,0,2,0,found
太平洋学报,170,政治学,CSSCI,2004,3,2004年第3期,True,False,0,0,0,0,0,0,not_found_in_public_sources
太平洋学报,170,政治学,CSSCI,2004,4,2004年第4期,True,False,0,0,0,0,0,0,not_found_in_public_sources
太平洋学报,170,政治学,CSSCI,2004,5,2004年第5期,True,False,0,0,0,0,0,0,not_found_in_public_sources
太平洋学报,170,政治学,CSSCI,2004,6,2004年第6期,True,False,0,0,0,0,0,0,not_found_in_public_sources
太平洋学报,170,政治学,CSSCI,2004,7,2004年第7期,True,True,3,3,0,0,3,0,found
太平洋学报,170,政治学,CSSCI,2004,8,2004年第8期,True,True,3,3,0,0,3,0,found
太平洋学报,170,政治学,CSSCI,2004,9,2004年第9期,True,True,3,3,0,0,3,0,found
太平洋学报,170,政治学,CSSCI,2004,10,2004年第10期,True,False,0,0,0,0,0,0,not_found_in_public_sources
太平洋学报,170,政治学,CSSCI,2004,11,2004年第11期,True,False,0,0,0,0,0,0,not_found_in_public_sources
太平洋学报,170,政治学,CSSCI,2004,12,2004年第12期,True,True,1,1,0,0,1,0,found
太平洋学报,170,政治学,CSSCI,2005,1,2005年第1期,True,False,0,0,0,0,0,0,not_found_in_public_sources
太平洋学报,170,政治学,CSSCI,2005,2,2005年第2期,True,True,2,2,0,0,2,0,found
太平洋学报,170,政治学,CSSCI,2005,3,2005年第3期,True,True,2,2,0,0,2,0,found
太平洋学报,170,政治学,CSSCI,2005,4,2005年第4期,True,False,0,0,0,0,0,0,not_found_in_public_sources
太平洋学报,170,政治学,CSSCI,2005,5,2005年第5期,True,True,1,1,0,0,1,0,found
太平洋学报,170,政治学,CSSCI,2005,6,2005年第6期,True,True,1,1,0,0,1,0,found
太平洋学报,170,政治学,CSSCI,2005,7,2005年第7期,True,True,3,3,0,0,3,0,found
太平洋学报,170,政治学,CSSCI,2005,8,2005年第8期,True,True,4,4,0,0,4,0,found
太平洋学报,170,政治学,CSSCI,2005,9,2005年第9期,True,True,1,1,0,0,1,0,found
太平洋学报,170,政治学,CSSCI,2005,10,2005年第10期,True,True,1,1,0,0,1,0,found
太平洋学报,170,政治学,CSSCI,2005,11,2005年第11期,True,False,0,0,0,0,0,0,not_found_in_public_sources
太平洋学报,170,政治学,CSSCI,2005,12,2005年第12期,True,False,0,0,0,0,0,0,not_found_in_public_sources
太平洋学报,170,政治学,CSSCI,2006,1,2006年第1期,True,True,2,2,0,0,2,0,found
太平洋学报,170,政治学,CSSCI,2006,2,2006年第2期,True,True,2,2,0,0,2,0,found
太平洋学报,170,政治学,CSSCI,2006,3,2006年第3期,True,True,1,1,0,0,1,0,found
太平洋学报,170,政治学,CSSCI,2006,4,2006年第4期,True,True,2,2,0,0,2,0,found
太平洋学报,170,政治学,CSSCI,2006,5,2006年第5期,True,True,1,1,0,0,1,0,found
太平洋学报,170,政治学,CSSCI,2006,6,2006年第6期,True,True,2,2,0,0,2,0,found
太平洋学报,170,政治学,CSSCI,2006,7,2006年第7期,True,True,3,3,0,0,3,0,found
太平洋学报,170,政治学,CSSCI,2006,8,2006年第8期,True,True,2,2,0,0,2,0,found
太平洋学报,170,政治学,CSSCI,2006,9,2006年第9期,True,True,3,3,0,0,3,0,found
太平洋学报,170,政治学,CSSCI,2006,10,2006年第10期,True,True,2,2,0,0,2,0,found
太平洋学报,170,政治学,CSSCI,2006,11,2006年第11期,True,True,1,1,0,0,1,0,found
太平洋学报,170,政治学,CSSCI,2006,12,2006年第12期,True,True,2,2,0,0,2,0,found
太平洋学报,170,政治学,CSSCI,2007,1,2007年第1期,True,True,4,4,0,0,4,0,found
太平洋学报,170,政治学,CSSCI,2007,2,2007年第2期,True,True,1,1,0,0,1,0,found
太平洋学报,170,政治学,CSSCI,2007,3,2007年第3期,True,True,1,1,0,0,1,0,found
太平洋学报,170,政治学,CSSCI,2007,4,2007年第4期,True,True,2,2,0,0,2,0,found
太平洋学报,170,政治学,CSSCI,2007,5,2007年第5期,True,False,0,0,0,0,0,0,not_found_in_public_sources
太平洋学报,170,政治学,CSSCI,2007,6,2007年第6期,True,True,1,1,0,0,1,0,found
太平洋学报,170,政治学,CSSCI,2007,7,2007年第7期,True,True,1,1,0,0,1,0,found
太平洋学报,170,政治学,CSSCI,2007,8,2007年第8期,True,False,0,0,0,0,0,0,not_found_in_public_sources
太平洋学报,170,政治学,CSSCI,2007,9,2007年第9期,True,False,0,0,0,0,0,0,not_found_in_public_sources
太平洋学报,170,政治学,CSSCI,2007,10,2007年第10期,True,True,1,1,0,0,1,0,found
太平洋学报,170,政治学,CSSCI,2007,11,2007年第11期,True,True,2,2,0,0,2,0,found
太平洋学报,170,政治学,CSSCI,2007,12,2007年第12期,True,True,4,4,0,0,4,0,found
太平洋学报,170,政治学,CSSCI,2008,1,2008年第1期,True,True,2,2,0,0,2,0,found
太平洋学报,170,政治学,CSSCI,2008,2,2008年第2期,True,True,1,1,0,0,1,0,found
太平洋学报,170,政治学,CSSCI,2008,3,2008年第3期,True,True,2,2,0,0,2,0,found
太平洋学报,170,政治学,CSSCI,2008,4,2008年第4期,True,True,1,1,0,0,1,0,found
太平洋学报,170,政治学,CSSCI,2008,5,2008年第5期,True,False,0,0,0,0,0,0,not_found_in_public_sources
太平洋学报,170,政治学,CSSCI,2008,6,2008年第6期,True,True,1,1,0,0,1,0,found
太平洋学报,170,政治学,CSSCI,2008,7,2008年第7期,True,True,1,1,0,0,1,0,found
太平洋学报,170,政治学,CSSCI,2008,8,2008年第8期,True,True,2,2,0,0,2,0,found
太平洋学报,170,政治学,CSSCI,2008,9,2008年第9期,True,True,4,4,0,0,4,0,found
太平洋学报,170,政治学,CSSCI,2008,10,2008年第10期,True,True,3,3,0,0,3,0,found
太平洋学报,170,政治学,CSSCI,2008,11,2008年第11期,True,True,2,2,0,0,2,0,found
太平洋学报,170,政治学,CSSCI,2008,12,2008年第12期,True,True,3,3,0,0,3,0,found
太平洋学报,170,政治学,CSSCI,2009,1,2009年第1期,True,True,3,3,0,0,3,0,found
太平洋学报,170,政治学,CSSCI,2009,2,2009年第2期,True,True,4,4,0,0,4,0,found
太平洋学报,170,政治学,CSSCI,2009,3,2009年第3期,True,False,0,0,0,0,0,0,not_found_in_public_sources
太平洋学报,170,政治学,CSSCI,2009,4,2009年第4期,True,True,4,4,0,0,4,0,found
太平洋学报,170,政治学,CSSCI,2009,5,2009年第5期,True,True,1,1,0,0,1,0,found
太平洋学报,170,政治学,CSSCI,2009,6,2009年第6期,True,True,3,3,0,0,3,0,found
太平洋学报,170,政治学,CSSCI,2009,7,2009年第7期,True,True,2,2,0,0,2,0,found
太平洋学报,170,政治学,CSSCI,2009,8,2009年第8期,True,True,2,2,0,0,2,0,found
太平洋学报,170,政治学,CSSCI,2009,9,2009年第9期,True,True,1,1,0,0,1,0,found
太平洋学报,170,政治学,CSSCI,2009,10,2009年第10期,True,True,1,1,0,0,1,0,found
太平洋学报,170,政治学,CSSCI,2009,11,2009年第11期,True,True,3,3,0,0,3,0,found
太平洋学报,170,政治学,CSSCI,2009,12,2009年第12期,True,True,1,1,0,0,1,0,found
太平洋学报,170,政治学,CSSCI,2010,1,2010年第1期,True,True,2,2,0,0,2,0,found
太平洋学报,170,政治学,CSSCI,2010,2,2010年第2期,True,True,1,1,0,0,1,0,found
太平洋学报,170,政治学,CSSCI,2010,3,2010年第3期,True,True,2,2,0,0,2,0,found
太平洋学报,170,政治学,CSSCI,2010,4,2010年第4期,True,True,2,2,0,0,2,0,found
太平洋学报,170,政治学,CSSCI,2010,5,2010年第5期,True,True,1,1,0,0,1,0,found
太平洋学报,170,政治学,CSSCI,2010,6,2010年第6期,True,True,4,4,0,0,4,0,found
太平洋学报,170,政治学,CSSCI,2010,7,2010年第7期,True,True,2,2,0,0,2,0,found
太平洋学报,170,政治学,CSSCI,2010,8,2010年第8期,True,True,1,1,0,0,1,0,found
太平洋学报,170,政治学,CSSCI,2010,9,2010年第9期,True,True,1,1,0,0,1,0,found
太平洋学报,170,政治学,CSSCI,2010,10,2010年第10期,True,True,2,2,0,0,2,0,found
太平洋学报,170,政治学,CSSCI,2010,11,2010年第11期,True,False,0,0,0,0,0,0,not_found_in_public_sources
太平洋学报,170,政治学,CSSCI,2010,12,2010年第12期,True,False,0,0,0,0,0,0,not_found_in_public_sources
太平洋学报,170,政治学,CSSCI,2011,1,2011年第1期,True,True,1,1,0,0,1,0,found
太平洋学报,170,政治学,CSSCI,2011,2,2011年第2期,True,False,0,0,0,0,0,0,not_found_in_public_sources
太平洋学报,170,政治学,CSSCI,2011,3,2011年第3期,True,True,3,3,0,0,3,0,found
太平洋学报,170,政治学,CSSCI,2011,4,2011年第4期,True,True,3,3,0,0,3,0,found
太平洋学报,170,政治学,CSSCI,2011,5,2011年第5期,True,True,2,2,0,0,2,0,found
太平洋学报,170,政治学,CSSCI,2011,6,2011年第6期,True,True,2,2,0,0,2,0,found
太平洋学报,170,政治学,CSSCI,2011,7,2011年第7期,True,True,1,1,0,0,1,0,found
太平洋学报,170,政治学,CSSCI,2011,8,2011年第8期,True,True,2,2,0,0,2,0,found
太平洋学报,170,政治学,CSSCI,2011,9,2011年第9期,True,True,1,1,0,0,1,0,found
太平洋学报,170,政治学,CSSCI,2011,10,2011年第10期,True,True,1,1,0,0,1,0,found
太平洋学报,170,政治学,CSSCI,2011,11,2011年第11期,True,True,1,1,0,0,1,0,found
太平洋学报,170,政治学,CSSCI,2011,12,2011年第12期,True,True,3,3,0,0,3,0,found
太平洋学报,170,政治学,CSSCI,2012,1,2012年第1期,True,True,3,3,0,0,3,0,found
太平洋学报,170,政治学,CSSCI,2012,2,2012年第2期,True,True,1,1,0,0,1,0,found
太平洋学报,170,政治学,CSSCI,2012,3,2012年第3期,True,True,1,1,0,0,1,0,found
太平洋学报,170,政治学,CSSCI,2012,4,2012年第4期,True,False,0,0,0,0,0,0,not_found_in_public_sources
太平洋学报,170,政治学,CSSCI,2012,5,2012年第5期,True,True,2,2,0,0,2,0,found
太平洋学报,170,政治学,CSSCI,2012,6,2012年第6期,True,True,2,2,0,0,2,0,found
太平洋学报,170,政治学,CSSCI,2012,7,2012年第7期,True,True,1,1,0,0,1,0,found
太平洋学报,170,政治学,CSSCI,2012,8,2012年第8期,True,True,1,1,0,0,1,0,found
太平洋学报,170,政治学,CSSCI,2012,9,2012年第9期,True,True,1,1,0,0,1,0,found
太平洋学报,170,政治学,CSSCI,2012,10,2012年第10期,True,True,3,3,0,0,3,0,found
太平洋学报,170,政治学,CSSCI,2012,11,2012年第11期,True,True,3,3,0,0,3,0,found
太平洋学报,170,政治学,CSSCI,2012,12,2012年第12期,True,True,5,5,0,0,5,0,found
太平洋学报,170,政治学,CSSCI,2013,1,2013年第1期,True,True,1,1,0,0,1,0,found
太平洋学报,170,政治学,CSSCI,2013,2,2013年第2期,True,True,3,3,0,0,3,0,found
太平洋学报,170,政治学,CSSCI,2013,3,2013年第3期,True,True,3,3,0,0,3,0,found
太平洋学报,170,政治学,CSSCI,2013,4,2013年第4期,True,True,3,3,0,0,3,0,found
太平洋学报,170,政治学,CSSCI,2013,5,2013年第5期,True,False,0,0,0,0,0,0,not_found_in_public_sources
太平洋学报,170,政治学,CSSCI,2013,6,2013年第6期,True,True,5,5,0,0,5,0,found
太平洋学报,170,政治学,CSSCI,2013,7,2013年第7期,True,True,3,3,0,0,3,0,found
太平洋学报,170,政治学,CSSCI,2013,8,2013年第8期,True,True,2,2,0,0,2,0,found
太平洋学报,170,政治学,CSSCI,2013,9,2013年第9期,True,True,3,3,0,0,3,0,found
太平洋学报,170,政治学,CSSCI,2013,10,2013年第10期,True,True,6,6,0,0,6,0,found
太平洋学报,170,政治学,CSSCI,2013,11,2013年第11期,True,True,3,3,0,0,3,0,found
太平洋学报,170,政治学,CSSCI,2013,12,2013年第12期,True,True,2,2,0,0,2,0,found
太平洋学报,170,政治学,CSSCI,2014,1,2014年第1期,True,True,3,3,0,0,3,0,found
太平洋学报,170,政治学,CSSCI,2014,2,2014年第2期,True,True,2,2,0,0,2,0,found
太平洋学报,170,政治学,CSSCI,2014,3,2014年第3期,True,True,1,1,0,0,1,0,found
太平洋学报,170,政治学,CSSCI,2014,4,2014年第4期,True,True,3,3,0,0,3,0,found
太平洋学报,170,政治学,CSSCI,2014,5,2014年第5期,True,True,5,5,0,0,5,0,found
太平洋学报,170,政治学,CSSCI,2014,6,2014年第6期,True,True,3,3,0,0,3,0,found
太平洋学报,170,政治学,CSSCI,2014,7,2014年第7期,True,True,6,6,0,0,6,0,found
太平洋学报,170,政治学,CSSCI,2014,8,2014年第8期,True,True,1,1,0,0,1,0,found
太平洋学报,170,政治学,CSSCI,2014,9,2014年第9期,True,True,2,2,0,0,2,0,found
太平洋学报,170,政治学,CSSCI,2014,10,2014年第10期,True,False,0,0,0,0,0,0,not_found_in_public_sources
太平洋学报,170,政治学,CSSCI,2014,11,2014年第11期,True,False,0,0,0,0,0,0,not_found_in_public_sources
太平洋学报,170,政治学,CSSCI,2014,12,2014年第12期,True,True,7,7,0,0,7,0,found
太平洋学报,170,政治学,CSSCI,2015,1,2015年第1期,True,True,3,3,0,0,3,0,found
太平洋学报,170,政治学,CSSCI,2015,2,2015年第2期,True,True,2,2,0,0,2,0,found
太平洋学报,170,政治学,CSSCI,2015,3,2015年第3期,True,True,4,4,0,0,4,0,found
太平洋学报,170,政治学,CSSCI,2015,4,2015年第4期,True,True,3,3,0,0,3,0,found
太平洋学报,170,政治学,CSSCI,2015,5,2015年第5期,True,True,4,4,0,0,4,0,found
太平洋学报,170,政治学,CSSCI,2015,6,2015年第6期,True,True,1,1,0,0,1,0,found
太平洋学报,170,政治学,CSSCI,2015,7,2015年第7期,True,True,2,2,0,0,2,0,found
太平洋学报,170,政治学,CSSCI,2015,8,2015年第8期,True,True,1,1,0,0,1,0,found
太平洋学报,170,政治学,CSSCI,2015,9,2015年第9期,True,True,3,3,0,0,3,0,found
太平洋学报,170,政治学,CSSCI,2015,10,2015年第10期,True,True,4,4,0,0,4,0,found
太平洋学报,170,政治学,CSSCI,2015,11,2015年第11期,True,True,3,3,0,0,3,0,found
太平洋学报,170,政治学,CSSCI,2015,12,2015年第12期,True,True,4,4,0,0,4,0,found
太平洋学报,170,政治学,CSSCI,2016,1,2016年第1期,True,True,3,3,0,0,3,0,found
太平洋学报,170,政治学,CSSCI,2016,2,2016年第2期,True,True,2,2,0,0,2,0,found
太平洋学报,170,政治学,CSSCI,2016,3,2016年第3期,True,True,1,1,0,0,1,0,found
太平洋学报,170,政治学,CSSCI,2016,4,2016年第4期,True,True,1,1,0,0,1,0,found
太平洋学报,170,政治学,CSSCI,2016,5,2016年第5期,True,True,1,1,0,0,1,0,found
太平洋学报,170,政治学,CSSCI,2016,6,2016年第6期,True,True,3,3,0,0,3,0,found
太平洋学报,170,政治学,CSSCI,2016,7,2016年第7期,True,True,2,2,0,0,2,0,found
太平洋学报,170,政治学,CSSCI,2016,8,2016年第8期,True,True,2,2,0,0,2,0,found
太平洋学报,170,政治学,CSSCI,2016,9,2016年第9期,True,False,0,0,0,0,0,0,not_found_in_public_sources
太平洋学报,170,政治学,CSSCI,2016,10,2016年第10期,True,False,0,0,0,0,0,0,not_found_in_public_sources
太平洋学报,170,政治学,CSSCI,2016,11,2016年第11期,True,False,0,0,0,0,0,0,not_found_in_public_sources
太平洋学报,170,政治学,CSSCI,2016,12,2016年第12期,True,False,0,0,0,0,0,0,not_found_in_public_sources
太平洋学报,170,政治学,CSSCI,2017,1,2017年第1期,True,False,0,0,0,0,0,0,not_found_in_public_sources
太平洋学报,170,政治学,CSSCI,2017,2,2017年第2期,True,False,0,0,0,0,0,0,not_found_in_public_sources
太平洋学报,170,政治学,CSSCI,2017,3,2017年第3期,True,False,0,0,0,0,0,0,not_found_in_public_sources
太平洋学报,170,政治学,CSSCI,2017,4,2017年第4期,True,False,0,0,0,0,0,0,not_found_in_public_sources
太平洋学报,170,政治学,CSSCI,2017,5,2017年第5期,True,False,0,0,0,0,0,0,not_found_in_public_sources
太平洋学报,170,政治学,CSSCI,2017,6,2017年第6期,True,False,0,0,0,0,0,0,not_found_in_public_sources
太平洋学报,170,政治学,CSSCI,2017,7,2017年第7期,True,False,0,0,0,0,0,0,not_found_in_public_sources
太平洋学报,170,政治学,CSSCI,2017,8,2017年第8期,True,False,0,0,0,0,0,0,not_found_in_public_sources
太平洋学报,170,政治学,CSSCI,2017,9,2017年第9期,True,False,0,0,0,0,0,0,not_found_in_public_sources
太平洋学报,170,政治学,CSSCI,2017,10,2017年第10期,True,False,0,0,0,0,0,0,not_found_in_public_sources
太平洋学报,170,政治学,CSSCI,2017,11,2017年第11期,True,True,1,1,0,0,1,0,found
太平洋学报,170,政治学,CSSCI,2017,12,2017年第12期,True,True,1,1,0,0,1,0,found
太平洋学报,170,政治学,CSSCI,2018,1,2018年第1期,True,False,0,0,0,0,0,0,not_found_in_public_sources
太平洋学报,170,政治学,CSSCI,2018,2,2018年第2期,True,False,0,0,0,0,0,0,not_found_in_public_sources
太平洋学报,170,政治学,CSSCI,2018,3,2018年第3期,True,True,1,1,0,0,1,0,found
太平洋学报,170,政治学,CSSCI,2018,4,2018年第4期,True,False,0,0,0,0,0,0,not_found_in_public_sources
太平洋学报,170,政治学,CSSCI,2018,5,2018年第5期,True,False,0,0,0,0,0,0,not_found_in_public_sources
太平洋学报,170,政治学,CSSCI,2018,6,2018年第6期,True,False,0,0,0,0,0,0,not_found_in_public_sources
太平洋学报,170,政治学,CSSCI,2018,7,2018年第7期,True,False,0,0,0,0,0,0,not_found_in_public_sources
太平洋学报,170,政治学,CSSCI,2018,8,2018年第8期,True,False,0,0,0,0,0,0,not_found_in_public_sources
太平洋学报,170,政治学,CSSCI,2018,9,2018年第9期,True,False,0,0,0,0,0,0,not_found_in_public_sources
太平洋学报,170,政治学,CSSCI,2018,10,2018年第10期,True,False,0,0,0,0,0,0,not_found_in_public_sources
太平洋学报,170,政治学,CSSCI,2018,11,2018年第11期,True,False,0,0,0,0,0,0,not_found_in_public_sources
太平洋学报,170,政治学,CSSCI,2018,12,2018年第12期,True,True,1,1,0,0,1,0,found
太平洋学报,170,政治学,CSSCI,2019,1,2019年第1期,True,False,0,0,0,0,0,0,not_found_in_public_sources
太平洋学报,170,政治学,CSSCI,2019,2,2019年第2期,True,False,0,0,0,0,0,0,not_found_in_public_sources
太平洋学报,170,政治学,CSSCI,2019,3,2019年第3期,True,False,0,0,0,0,0,0,not_found_in_public_sources
太平洋学报,170,政治学,CSSCI,2019,4,2019年第4期,True,False,0,0,0,0,0,0,not_found_in_public_sources
太平洋学报,170,政治学,CSSCI,2019,5,2019年第5期,True,True,1,1,0,0,1,0,found
太平洋学报,170,政治学,CSSCI,2019,6,2019年第6期,True,True,1,1,0,0,1,0,found
太平洋学报,170,政治学,CSSCI,2019,7,2019年第7期,True,False,0,0,0,0,0,0,not_found_in_public_sources
太平洋学报,170,政治学,CSSCI,2019,8,2019年第8期,True,False,0,0,0,0,0,0,not_found_in_public_sources
太平洋学报,170,政治学,CSSCI,2019,9,2019年第9期,True,True,2,2,0,0,2,0,found
太平洋学报,170,政治学,CSSCI,2019,10,2019年第10期,True,False,0,0,0,0,0,0,not_found_in_public_sources
太平洋学报,170,政治学,CSSCI,2019,11,2019年第11期,True,False,0,0,0,0,0,0,not_found_in_public_sources
太平洋学报,170,政治学,CSSCI,2019,12,2019年第12期,True,True,1,1,0,0,1,0,found
太平洋学报,170,政治学,CSSCI,2020,1,2020年第1期,True,True,1,1,0,0,1,0,found
太平洋学报,170,政治学,CSSCI,2020,2,2020年第2期,True,False,0,0,0,0,0,0,not_found_in_public_sources
太平洋学报,170,政治学,CSSCI,2020,3,2020年第3期,True,True,1,1,0,0,1,0,found
太平洋学报,170,政治学,CSSCI,2020,4,2020年第4期,True,False,0,0,0,0,0,0,not_found_in_public_sources
太平洋学报,170,政治学,CSSCI,2020,5,2020年第5期,True,False,0,0,0,0,0,0,not_found_in_public_sources
太平洋学报,170,政治学,CSSCI,2020,6,2020年第6期,True,True,1,1,0,0,1,0,found
太平洋学报,170,政治学,CSSCI,2020,7,2020年第7期,True,False,0,0,0,0,0,0,not_found_in_public_sources
太平洋学报,170,政治学,CSSCI,2020,8,2020年第8期,True,False,0,0,0,0,0,0,not_found_in_public_sources
太平洋学报,170,政治学,CSSCI,2020,9,2020年第9期,True,False,0,0,0,0,0,0,not_found_in_public_sources
太平洋学报,170,政治学,CSSCI,2020,10,2020年第10期,True,False,0,0,0,0,0,0,not_found_in_public_sources
太平洋学报,170,政治学,CSSCI,2020,11,2020年第11期,True,False,0,0,0,0,0,0,not_found_in_public_sources
太平洋学报,170,政治学,CSSCI,2020,12,2020年第12期,True,False,0,0,0,0,0,0,not_found_in_public_sources
太平洋学报,170,政治学,CSSCI,2021,1,2021年第1期,True,False,0,0,0,0,0,0,not_found_in_public_sources
太平洋学报,170,政治学,CSSCI,2021,2,2021年第2期,True,False,0,0,0,0,0,0,not_found_in_public_sources
太平洋学报,170,政治学,CSSCI,2021,3,2021年第3期,True,False,0,0,0,0,0,0,not_found_in_public_sources
太平洋学报,170,政治学,CSSCI,2021,4,2021年第4期,True,False,0,0,0,0,0,0,not_found_in_public_sources
太平洋学报,170,政治学,CSSCI,2021,5,2021年第5期,True,False,0,0,0,0,0,0,not_found_in_public_sources
太平洋学报,170,政治学,CSSCI,2021,6,2021年第6期,True,False,0,0,0,0,0,0,not_found_in_public_sources
太平洋学报,170,政治学,CSSCI,2021,7,2021年第7期,True,False,0,0,0,0,0,0,not_found_in_public_sources
太平洋学报,170,政治学,CSSCI,2021,8,2021年第8期,True,False,0,0,0,0,0,0,not_found_in_public_sources
太平洋学报,170,政治学,CSSCI,2021,9,2021年第9期,True,False,0,0,0,0,0,0,not_found_in_public_sources
太平洋学报,170,政治学,CSSCI,2021,10,2021年第10期,True,False,0,0,0,0,0,0,not_found_in_public_sources
太平洋学报,170,政治学,CSSCI,2021,11,2021年第11期,True,False,0,0,0,0,0,0,not_found_in_public_sources
太平洋学报,170,政治学,CSSCI,2021,12,2021年第12期,True,False,0,0,0,0,0,0,not_found_in_public_sources
太平洋学报,170,政治学,CSSCI,2022,1,2022年第1期,True,False,0,0,0,0,0,0,not_found_in_public_sources
太平洋学报,170,政治学,CSSCI,2022,2,2022年第2期,True,False,0,0,0,0,0,0,not_found_in_public_sources
太平洋学报,170,政治学,CSSCI,2022,3,2022年第3期,True,False,0,0,0,0,0,0,not_found_in_public_sources
太平洋学报,170,政治学,CSSCI,2022,4,2022年第4期,True,False,0,0,0,0,0,0,not_found_in_public_sources
太平洋学报,170,政治学,CSSCI,2022,5,2022年第5期,True,False,0,0,0,0,0,0,not_found_in_public_sources
太平洋学报,170,政治学,CSSCI,2022,6,2022年第6期,True,False,0,0,0,0,0,0,not_found_in_public_sources
太平洋学报,170,政治学,CSSCI,2022,7,2022年第7期,True,False,0,0,0,0,0,0,not_found_in_public_sources
太平洋学报,170,政治学,CSSCI,2022,8,2022年第8期,True,False,0,0,0,0,0,0,not_found_in_public_sources
太平洋学报,170,政治学,CSSCI,2022,9,2022年第9期,True,False,0,0,0,0,0,0,not_found_in_public_sources
太平洋学报,170,政治学,CSSCI,2022,10,2022年第10期,True,False,0,0,0,0,0,0,not_found_in_public_sources
太平洋学报,170,政治学,CSSCI,2022,11,2022年第11期,True,False,0,0,0,0,0,0,not_found_in_public_sources
太平洋学报,170,政治学,CSSCI,2022,12,2022年第12期,True,False,0,0,0,0,0,0,not_found_in_public_sources
太平洋学报,170,政治学,CSSCI,2023,1,2023年第1期,True,False,0,0,0,0,0,0,not_found_in_public_sources
太平洋学报,170,政治学,CSSCI,2023,2,2023年第2期,True,False,0,0,0,0,0,0,not_found_in_public_sources
太平洋学报,170,政治学,CSSCI,2023,3,2023年第3期,True,False,0,0,0,0,0,0,not_found_in_public_sources
太平洋学报,170,政治学,CSSCI,2023,4,2023年第4期,True,False,0,0,0,0,0,0,not_found_in_public_sources
太平洋学报,170,政治学,CSSCI,2023,5,2023年第5期,True,False,0,0,0,0,0,0,not_found_in_public_sources
太平洋学报,170,政治学,CSSCI,2023,6,2023年第6期,True,False,0,0,0,0,0,0,not_found_in_public_sources
太平洋学报,170,政治学,CSSCI,2023,7,2023年第7期,True,False,0,0,0,0,0,0,not_found_in_public_sources
太平洋学报,170,政治学,CSSCI,2023,8,2023年第8期,True,False,0,0,0,0,0,0,not_found_in_public_sources
太平洋学报,170,政治学,CSSCI,2023,9,2023年第9期,True,False,0,0,0,0,0,0,not_found_in_public_sources
太平洋学报,170,政治学,CSSCI,2023,10,2023年第10期,True,False,0,0,0,0,0,0,not_found_in_public_sources
太平洋学报,170,政治学,CSSCI,2023,11,2023年第11期,True,False,0,0,0,0,0,0,not_found_in_public_sources
太平洋学报,170,政治学,CSSCI,2023,12,2023年第12期,True,False,0,0,0,0,0,0,not_found_in_public_sources
太平洋学报,170,政治学,CSSCI,2024,1,2024年第1期,True,False,0,0,0,0,0,0,not_found_in_public_sources
太平洋学报,170,政治学,CSSCI,2024,2,2024年第2期,True,False,0,0,0,0,0,0,not_found_in_public_sources
太平洋学报,170,政治学,CSSCI,2024,3,2024年第3期,True,False,0,0,0,0,0,0,not_found_in_public_sources
太平洋学报,170,政治学,CSSCI,2024,4,2024年第4期,True,False,0,0,0,0,0,0,not_found_in_public_sources
太平洋学报,170,政治学,CSSCI,2024,5,2024年第5期,True,False,0,0,0,0,0,0,not_found_in_public_sources
太平洋学报,170,政治学,CSSCI,2024,6,2024年第6期,True,False,0,0,0,0,0,0,not_found_in_public_sources
太平洋学报,170,政治学,CSSCI,2024,7,2024年第7期,True,False,0,0,0,0,0,0,not_found_in_public_sources
太平洋学报,170,政治学,CSSCI,2024,8,2024年第8期,True,False,0,0,0,0,0,0,not_found_in_public_sources
太平洋学报,170,政治学,CSSCI,2024,9,2024年第9期,True,False,0,0,0,0,0,0,not_found_in_public_sources
太平洋学报,170,政治学,CSSCI,2024,10,2024年第10期,True,False,0,0,0,0,0,0,not_found_in_public_sources
太平洋学报,170,政治学,CSSCI,2024,11,2024年第11期,True,False,0,0,0,0,0,0,not_found_in_public_sources
太平洋学报,170,政治学,CSSCI,2024,12,2024年第12期,True,False,0,0,0,0,0,0,not_found_in_public_sources
太平洋学报,170,政治学,CSSCI,2025,1,2025年第1期,True,False,0,0,0,0,0,0,not_found_in_public_sources
太平洋学报,170,政治学,CSSCI,2025,2,2025年第2期,True,False,0,0,0,0,0,0,not_found_in_public_sources
太平洋学报,170,政治学,CSSCI,2025,3,2025年第3期,True,False,0,0,0,0,0,0,not_found_in_public_sources
太平洋学报,170,政治学,CSSCI,2025,4,2025年第4期,True,False,0,0,0,0,0,0,not_found_in_public_sources
太平洋学报,170,政治学,CSSCI,2025,5,2025年第5期,True,False,0,0,0,0,0,0,not_found_in_public_sources
太平洋学报,170,政治学,CSSCI,2025,6,2025年第6期,True,False,0,0,0,0,0,0,not_found_in_public_sources
太平洋学报,170,政治学,CSSCI,2025,7,2025年第7期,True,False,0,0,0,0,0,0,not_found_in_public_sources
太平洋学报,170,政治学,CSSCI,2025,8,2025年第8期,True,False,0,0,0,0,0,0,not_found_in_public_sources
太平洋学报,170,政治学,CSSCI,2025,9,2025年第9期,True,False,0,0,0,0,0,0,not_found_in_public_sources
太平洋学报,170,政治学,CSSCI,2025,10,2025年第10期,True,False,0,0,0,0,0,0,not_found_in_public_sources
太平洋学报,170,政治学,CSSCI,2025,11,2025年第11期,True,False,0,0,0,0,0,0,not_found_in_public_sources
太平洋学报,170,政治学,CSSCI,2025,12,2025年第12期,True,False,0,0,0,0,0,0,not_found_in_public_sources
台湾研究,171,政治学,CSSCI,2000,1,2000年第1期,True,False,0,0,0,0,0,0,not_found_in_public_sources
台湾研究,171,政治学,CSSCI,2000,2,2000年第2期,True,True,1,1,0,0,1,0,found
台湾研究,171,政治学,CSSCI,2000,3,2000年第3期,True,False,0,0,0,0,0,0,not_found_in_public_sources
台湾研究,171,政治学,CSSCI,2000,4,2000年第4期,True,True,3,3,0,0,3,0,found
台湾研究,171,政治学,CSSCI,2000,5,2000年第5期,True,False,0,0,0,0,0,0,not_found_in_public_sources
台湾研究,171,政治学,CSSCI,2000,6,2000年第6期,True,False,0,0,0,0,0,0,not_found_in_public_sources
台湾研究,171,政治学,CSSCI,2001,1,2001年第1期,True,True,2,2,0,0,2,0,found
台湾研究,171,政治学,CSSCI,2001,2,2001年第2期,True,True,1,1,0,0,1,0,found
台湾研究,171,政治学,CSSCI,2001,3,2001年第3期,True,True,3,3,0,0,3,0,found
台湾研究,171,政治学,CSSCI,2001,4,2001年第4期,True,True,1,1,0,0,1,0,found
台湾研究,171,政治学,CSSCI,2001,5,2001年第5期,True,True,2,2,0,0,2,0,found
台湾研究,171,政治学,CSSCI,2001,6,2001年第6期,True,True,4,4,0,0,4,0,found
台湾研究,171,政治学,CSSCI,2002,1,2002年第1期,True,True,3,3,0,0,3,0,found
台湾研究,171,政治学,CSSCI,2002,2,2002年第2期,True,True,6,6,0,0,6,0,found
台湾研究,171,政治学,CSSCI,2002,3,2002年第3期,True,True,1,1,0,0,1,0,found
台湾研究,171,政治学,CSSCI,2002,4,2002年第4期,True,True,2,2,0,0,2,0,found
台湾研究,171,政治学,CSSCI,2002,5,2002年第5期,True,True,3,3,0,0,3,0,found
台湾研究,171,政治学,CSSCI,2002,6,2002年第6期,True,True,9,9,0,0,9,0,found
台湾研究,171,政治学,CSSCI,2003,1,2003年第1期,True,True,2,2,0,0,2,0,found
台湾研究,171,政治学,CSSCI,2003,2,2003年第2期,True,True,2,2,0,0,2,0,found
台湾研究,171,政治学,CSSCI,2003,3,2003年第3期,True,True,1,1,0,0,1,0,found
台湾研究,171,政治学,CSSCI,2003,4,2003年第4期,True,False,0,0,0,0,0,0,not_found_in_public_sources
台湾研究,171,政治学,CSSCI,2003,5,2003年第5期,True,True,4,4,0,0,4,0,found
台湾研究,171,政治学,CSSCI,2003,6,2003年第6期,True,True,5,5,0,0,5,0,found
台湾研究,171,政治学,CSSCI,2004,1,2004年第1期,True,True,5,5,0,0,5,0,found
台湾研究,171,政治学,CSSCI,2004,2,2004年第2期,True,True,3,3,0,0,3,0,found
台湾研究,171,政治学,CSSCI,2004,3,2004年第3期,True,True,5,5,0,0,5,0,found
台湾研究,171,政治学,CSSCI,2004,4,2004年第4期,True,True,5,5,0,0,5,0,found
台湾研究,171,政治学,CSSCI,2004,5,2004年第5期,True,True,6,6,0,0,6,0,found
台湾研究,171,政治学,CSSCI,2004,6,2004年第6期,True,True,2,2,0,0,2,0,found
台湾研究,171,政治学,CSSCI,2005,1,2005年第1期,True,True,5,5,0,0,5,0,found
台湾研究,171,政治学,CSSCI,2005,2,2005年第2期,True,True,3,3,0,0,3,0,found
台湾研究,171,政治学,CSSCI,2005,3,2005年第3期,True,True,4,4,0,0,4,0,found
台湾研究,171,政治学,CSSCI,2005,4,2005年第4期,True,True,3,3,0,0,3,0,found
台湾研究,171,政治学,CSSCI,2005,5,2005年第5期,True,False,0,0,0,0,0,0,not_found_in_public_sources
台湾研究,171,政治学,CSSCI,2005,6,2005年第6期,True,True,4,4,0,0,4,0,found
台湾研究,171,政治学,CSSCI,2006,1,2006年第1期,True,True,3,3,0,0,3,0,found
台湾研究,171,政治学,CSSCI,2006,2,2006年第2期,True,True,3,3,0,0,3,0,found
台湾研究,171,政治学,CSSCI,2006,3,2006年第3期,True,True,3,3,0,0,3,0,found
台湾研究,171,政治学,CSSCI,2006,4,2006年第4期,True,True,2,2,0,0,2,0,found
台湾研究,171,政治学,CSSCI,2006,5,2006年第5期,True,True,5,5,0,0,5,0,found
台湾研究,171,政治学,CSSCI,2006,6,2006年第6期,True,True,2,2,0,0,2,0,found
台湾研究,171,政治学,CSSCI,2007,1,2007年第1期,True,True,2,2,0,0,2,0,found
台湾研究,171,政治学,CSSCI,2007,2,2007年第2期,True,True,3,3,0,0,3,0,found
台湾研究,171,政治学,CSSCI,2007,3,2007年第3期,True,True,4,4,0,0,4,0,found
台湾研究,171,政治学,CSSCI,2007,4,2007年第4期,True,True,6,6,0,0,6,0,found
台湾研究,171,政治学,CSSCI,2007,5,2007年第5期,True,True,5,5,0,0,5,0,found
台湾研究,171,政治学,CSSCI,2007,6,2007年第6期,True,True,3,3,0,0,3,0,found
台湾研究,171,政治学,CSSCI,2008,1,2008年第1期,True,True,4,4,0,0,4,0,found
台湾研究,171,政治学,CSSCI,2008,2,2008年第2期,True,True,4,4,0,0,4,0,found
台湾研究,171,政治学,CSSCI,2008,3,2008年第3期,True,True,5,5,0,0,5,0,found
台湾研究,171,政治学,CSSCI,2008,4,2008年第4期,True,True,2,2,0,0,2,0,found
台湾研究,171,政治学,CSSCI,2008,5,2008年第5期,True,True,2,2,0,0,2,0,found
台湾研究,171,政治学,CSSCI,2008,6,2008年第6期,True,False,0,0,0,0,0,0,not_found_in_public_sources
台湾研究,171,政治学,CSSCI,2009,1,2009年第1期,True,False,0,0,0,0,0,0,not_found_in_public_sources
台湾研究,171,政治学,CSSCI,2009,2,2009年第2期,True,False,0,0,0,0,0,0,not_found_in_public_sources
台湾研究,171,政治学,CSSCI,2009,3,2009年第3期,True,False,0,0,0,0,0,0,not_found_in_public_sources
台湾研究,171,政治学,CSSCI,2009,4,2009年第4期,True,False,0,0,0,0,0,0,not_found_in_public_sources
台湾研究,171,政治学,CSSCI,2009,5,2009年第5期,True,False,0,0,0,0,0,0,not_found_in_public_sources
台湾研究,171,政治学,CSSCI,2009,6,2009年第6期,True,False,0,0,0,0,0,0,not_found_in_public_sources
台湾研究,171,政治学,CSSCI,2010,1,2010年第1期,True,False,0,0,0,0,0,0,not_found_in_public_sources
台湾研究,171,政治学,CSSCI,2010,2,2010年第2期,True,False,0,0,0,0,0,0,not_found_in_public_sources
台湾研究,171,政治学,CSSCI,2010,3,2010年第3期,True,False,0,0,0,0,0,0,not_found_in_public_sources
台湾研究,171,政治学,CSSCI,2010,4,2010年第4期,True,False,0,0,0,0,0,0,not_found_in_public_sources
台湾研究,171,政治学,CSSCI,2010,5,2010年第5期,True,False,0,0,0,0,0,0,not_found_in_public_sources
台湾研究,171,政治学,CSSCI,2010,6,2010年第6期,True,False,0,0,0,0,0,0,not_found_in_public_sources
台湾研究,171,政治学,CSSCI,2011,1,2011年第1期,True,False,0,0,0,0,0,0,not_found_in_public_sources
台湾研究,171,政治学,CSSCI,2011,2,2011年第2期,True,False,0,0,0,0,0,0,not_found_in_public_sources
台湾研究,171,政治学,CSSCI,2011,3,2011年第3期,True,False,0,0,0,0,0,0,not_found_in_public_sources
台湾研究,171,政治学,CSSCI,2011,4,2011年第4期,True,False,0,0,0,0,0,0,not_found_in_public_sources
台湾研究,171,政治学,CSSCI,2011,5,2011年第5期,True,False,0,0,0,0,0,0,not_found_in_public_sources
台湾研究,171,政治学,CSSCI,2011,6,2011年第6期,True,False,0,0,0,0,0,0,not_found_in_public_sources
台湾研究,171,政治学,CSSCI,2012,1,2012年第1期,True,True,5,5,0,0,5,0,found
台湾研究,171,政治学,CSSCI,2012,2,2012年第2期,True,True,2,2,0,0,2,0,found
台湾研究,171,政治学,CSSCI,2012,3,2012年第3期,True,True,3,3,0,0,3,0,found
台湾研究,171,政治学,CSSCI,2012,4,2012年第4期,True,False,0,0,0,0,0,0,not_found_in_public_sources
台湾研究,171,政治学,CSSCI,2012,5,2012年第5期,True,True,3,3,0,0,3,0,found
台湾研究,171,政治学,CSSCI,2012,6,2012年第6期,True,False,0,0,0,0,0,0,not_found_in_public_sources
台湾研究,171,政治学,CSSCI,2013,1,2013年第1期,True,False,0,0,0,0,0,0,not_found_in_public_sources
台湾研究,171,政治学,CSSCI,2013,2,2013年第2期,True,True,1,1,0,0,1,0,found
台湾研究,171,政治学,CSSCI,2013,3,2013年第3期,True,True,2,2,0,0,2,0,found
台湾研究,171,政治学,CSSCI,2013,4,2013年第4期,True,True,2,2,0,0,2,0,found
台湾研究,171,政治学,CSSCI,2013,5,2013年第5期,True,True,4,4,0,0,4,0,found
台湾研究,171,政治学,CSSCI,2013,6,2013年第6期,True,True,2,2,0,0,2,0,found
台湾研究,171,政治学,CSSCI,2014,1,2014年第1期,True,True,3,3,0,0,3,0,found
台湾研究,171,政治学,CSSCI,2014,2,2014年第2期,True,True,2,2,0,0,2,0,found
台湾研究,171,政治学,CSSCI,2014,3,2014年第3期,True,True,3,3,0,0,3,0,found
台湾研究,171,政治学,CSSCI,2014,4,2014年第4期,True,True,4,4,0,0,4,0,found
台湾研究,171,政治学,CSSCI,2014,5,2014年第5期,True,True,4,4,0,0,4,0,found
台湾研究,171,政治学,CSSCI,2014,6,2014年第6期,True,False,0,0,0,0,0,0,not_found_in_public_sources
台湾研究,171,政治学,CSSCI,2015,1,2015年第1期,True,True,1,1,0,0,1,0,found
台湾研究,171,政治学,CSSCI,2015,2,2015年第2期,True,True,3,3,0,0,3,0,found
台湾研究,171,政治学,CSSCI,2015,3,2015年第3期,True,True,1,1,0,0,1,0,found
台湾研究,171,政治学,CSSCI,2015,4,2015年第4期,True,False,0,0,0,0,0,0,not_found_in_public_sources
台湾研究,171,政治学,CSSCI,2015,5,2015年第5期,True,True,1,1,0,0,1,0,found
台湾研究,171,政治学,CSSCI,2015,6,2015年第6期,True,True,3,3,0,0,3,0,found
台湾研究,171,政治学,CSSCI,2016,1,2016年第1期,True,False,0,0,0,0,0,0,not_found_in_public_sources
台湾研究,171,政治学,CSSCI,2016,2,2016年第2期,True,True,6,6,0,0,6,0,found
台湾研究,171,政治学,CSSCI,2016,3,2016年第3期,True,True,1,1,0,0,1,0,found
台湾研究,171,政治学,CSSCI,2016,4,2016年第4期,True,False,0,0,0,0,0,0,not_found_in_public_sources
台湾研究,171,政治学,CSSCI,2016,5,2016年第5期,True,False,0,0,0,0,0,0,not_found_in_public_sources
台湾研究,171,政治学,CSSCI,2016,6,2016年第6期,True,False,0,0,0,0,0,0,not_found_in_public_sources
台湾研究,171,政治学,CSSCI,2017,1,2017年第1期,True,False,0,0,0,0,0,0,not_found_in_public_sources
台湾研究,171,政治学,CSSCI,2017,2,2017年第2期,True,False,0,0,0,0,0,0,not_found_in_public_sources
台湾研究,171,政治学,CSSCI,2017,3,2017年第3期,True,True,1,1,0,0,1,0,found
台湾研究,171,政治学,CSSCI,2017,4,2017年第4期,True,False,0,0,0,0,0,0,not_found_in_public_sources
台湾研究,171,政治学,CSSCI,2017,5,2017年第5期,True,False,0,0,0,0,0,0,not_found_in_public_sources
台湾研究,171,政治学,CSSCI,2017,6,2017年第6期,True,False,0,0,0,0,0,0,not_found_in_public_sources
台湾研究,171,政治学,CSSCI,2018,1,2018年第1期,True,False,0,0,0,0,0,0,not_found_in_public_sources
台湾研究,171,政治学,CSSCI,2018,2,2018年第2期,True,False,0,0,0,0,0,0,not_found_in_public_sources
台湾研究,171,政治学,CSSCI,2018,3,2018年第3期,True,False,0,0,0,0,0,0,not_found_in_public_sources
台湾研究,171,政治学,CSSCI,2018,4,2018年第4期,True,False,0,0,0,0,0,0,not_found_in_public_sources
台湾研究,171,政治学,CSSCI,2018,5,2018年第5期,True,False,0,0,0,0,0,0,not_found_in_public_sources
台湾研究,171,政治学,CSSCI,2018,6,2018年第6期,True,False,0,0,0,0,0,0,not_found_in_public_sources
台湾研究,171,政治学,CSSCI,2019,1,2019年第1期,True,False,0,0,0,0,0,0,not_found_in_public_sources
台湾研究,171,政治学,CSSCI,2019,2,2019年第2期,True,False,0,0,0,0,0,0,not_found_in_public_sources
台湾研究,171,政治学,CSSCI,2019,3,2019年第3期,True,False,0,0,0,0,0,0,not_found_in_public_sources
台湾研究,171,政治学,CSSCI,2019,4,2019年第4期,True,False,0,0,0,0,0,0,not_found_in_public_sources
台湾研究,171,政治学,CSSCI,2019,5,2019年第5期,True,True,1,1,0,0,1,0,found
台湾研究,171,政治学,CSSCI,2019,6,2019年第6期,True,False,0,0,0,0,0,0,not_found_in_public_sources
台湾研究,171,政治学,CSSCI,2020,1,2020年第1期,True,False,0,0,0,0,0,0,not_found_in_public_sources
台湾研究,171,政治学,CSSCI,2020,2,2020年第2期,True,False,0,0,0,0,0,0,not_found_in_public_sources
台湾研究,171,政治学,CSSCI,2020,3,2020年第3期,True,True,1,1,0,0,1,0,found
台湾研究,171,政治学,CSSCI,2020,4,2020年第4期,True,False,0,0,0,0,0,0,not_found_in_public_sources
台湾研究,171,政治学,CSSCI,2020,5,2020年第5期,True,False,0,0,0,0,0,0,not_found_in_public_sources
台湾研究,171,政治学,CSSCI,2020,6,2020年第6期,True,False,0,0,0,0,0,0,not_found_in_public_sources
台湾研究,171,政治学,CSSCI,2021,1,2021年第1期,True,False,0,0,0,0,0,0,not_found_in_public_sources
台湾研究,171,政治学,CSSCI,2021,2,2021年第2期,True,False,0,0,0,0,0,0,not_found_in_public_sources
台湾研究,171,政治学,CSSCI,2021,3,2021年第3期,True,False,0,0,0,0,0,0,not_found_in_public_sources
台湾研究,171,政治学,CSSCI,2021,4,2021年第4期,True,False,0,0,0,0,0,0,not_found_in_public_sources
台湾研究,171,政治学,CSSCI,2021,5,2021年第5期,True,False,0,0,0,0,0,0,not_found_in_public_sources
台湾研究,171,政治学,CSSCI,2021,6,2021年第6期,True,False,0,0,0,0,0,0,not_found_in_public_sources
台湾研究,171,政治学,CSSCI,2022,1,2022年第1期,True,False,0,0,0,0,0,0,not_found_in_public_sources
台湾研究,171,政治学,CSSCI,2022,2,2022年第2期,True,False,0,0,0,0,0,0,not_found_in_public_sources
台湾研究,171,政治学,CSSCI,2022,3,2022年第3期,True,False,0,0,0,0,0,0,not_found_in_public_sources
台湾研究,171,政治学,CSSCI,2022,4,2022年第4期,True,False,0,0,0,0,0,0,not_found_in_public_sources
台湾研究,171,政治学,CSSCI,2022,5,2022年第5期,True,False,0,0,0,0,0,0,not_found_in_public_sources
台湾研究,171,政治学,CSSCI,2022,6,2022年第6期,True,False,0,0,0,0,0,0,not_found_in_public_sources
台湾研究,171,政治学,CSSCI,2023,1,2023年第1期,True,False,0,0,0,0,0,0,not_found_in_public_sources
台湾研究,171,政治学,CSSCI,2023,2,2023年第2期,True,False,0,0,0,0,0,0,not_found_in_public_sources
台湾研究,171,政治学,CSSCI,2023,3,2023年第3期,True,False,0,0,0,0,0,0,not_found_in_public_sources
台湾研究,171,政治学,CSSCI,2023,4,2023年第4期,True,False,0,0,0,0,0,0,not_found_in_public_sources
台湾研究,171,政治学,CSSCI,2023,5,2023年第5期,True,False,0,0,0,0,0,0,not_found_in_public_sources
台湾研究,171,政治学,CSSCI,2023,6,2023年第6期,True,False,0,0,0,0,0,0,not_found_in_public_sources
台湾研究,171,政治学,CSSCI,2024,1,2024年第1期,True,False,0,0,0,0,0,0,not_found_in_public_sources
台湾研究,171,政治学,CSSCI,2024,2,2024年第2期,True,False,0,0,0,0,0,0,not_found_in_public_sources
台湾研究,171,政治学,CSSCI,2024,3,2024年第3期,True,False,0,0,0,0,0,0,not_found_in_public_sources
台湾研究,171,政治学,CSSCI,2024,4,2024年第4期,True,False,0,0,0,0,0,0,not_found_in_public_sources
台湾研究,171,政治学,CSSCI,2024,5,2024年第5期,True,False,0,0,0,0,0,0,not_found_in_public_sources
台湾研究,171,政治学,CSSCI,2024,6,2024年第6期,True,False,0,0,0,0,0,0,not_found_in_public_sources
台湾研究,171,政治学,CSSCI,2025,1,2025年第1期,True,False,0,0,0,0,0,0,not_found_in_public_sources
台湾研究,171,政治学,CSSCI,2025,2,2025年第2期,True,False,0,0,0,0,0,0,not_found_in_public_sources
台湾研究,171,政治学,CSSCI,2025,3,2025年第3期,True,False,0,0,0,0,0,0,not_found_in_public_sources
台湾研究,171,政治学,CSSCI,2025,4,2025年第4期,True,False,0,0,0,0,0,0,not_found_in_public_sources
台湾研究,171,政治学,CSSCI,2025,5,2025年第5期,True,False,0,0,0,0,0,0,not_found_in_public_sources
台湾研究,171,政治学,CSSCI,2025,6,2025年第6期,True,False,0,0,0,0,0,0,not_found_in_public_sources
台湾研究,171,政治学,CSSCI,2026,,2026年,False,False,0,0,0,0,0,0,2026_no_public_issue_found
当代世界,174,政治学,CSSCI,1994,1,1994年第1期,True,True,3,3,0,0,3,0,found
当代世界,174,政治学,CSSCI,1994,2,1994年第2期,True,True,1,1,0,0,1,0,found
当代世界,174,政治学,CSSCI,1994,3,1994年第3期,True,False,0,0,0,0,0,0,not_found_in_public_sources
当代世界,174,政治学,CSSCI,1994,4,1994年第4期,True,True,1,1,0,0,1,0,found
当代世界,174,政治学,CSSCI,1994,5,1994年第5期,True,True,4,4,0,0,4,0,found
当代世界,174,政治学,CSSCI,1994,6,1994年第6期,True,False,0,0,0,0,0,0,not_found_in_public_sources
当代世界,174,政治学,CSSCI,1994,7,1994年第7期,True,False,0,0,0,0,0,0,not_found_in_public_sources
当代世界,174,政治学,CSSCI,1994,8,1994年第8期,True,False,0,0,0,0,0,0,not_found_in_public_sources
当代世界,174,政治学,CSSCI,1994,9,1994年第9期,True,False,0,0,0,0,0,0,not_found_in_public_sources
当代世界,174,政治学,CSSCI,1994,10,1994年第10期,True,True,2,2,0,0,2,0,found
当代世界,174,政治学,CSSCI,1994,11,1994年第11期,True,True,2,2,0,0,2,0,found
当代世界,174,政治学,CSSCI,1994,12,1994年第12期,True,True,2,2,0,0,2,0,found
当代世界,174,政治学,CSSCI,1995,1,1995年第1期,True,True,2,2,0,0,2,0,found
当代世界,174,政治学,CSSCI,1995,2,1995年第2期,True,True,3,3,0,0,3,0,found
当代世界,174,政治学,CSSCI,1995,3,1995年第3期,True,True,2,2,0,0,2,0,found
当代世界,174,政治学,CSSCI,1995,4,1995年第4期,True,False,0,0,0,0,0,0,not_found_in_public_sources
当代世界,174,政治学,CSSCI,1995,5,1995年第5期,True,True,3,3,0,0,3,0,found
当代世界,174,政治学,CSSCI,1995,6,1995年第6期,True,True,2,2,0,0,2,0,found
当代世界,174,政治学,CSSCI,1995,7,1995年第7期,True,True,2,2,0,0,2,0,found
当代世界,174,政治学,CSSCI,1995,8,1995年第8期,True,False,0,0,0,0,0,0,not_found_in_public_sources
当代世界,174,政治学,CSSCI,1995,9,1995年第9期,True,True,3,3,0,0,3,0,found
当代世界,174,政治学,CSSCI,1995,10,1995年第10期,True,True,3,3,0,0,3,0,found
当代世界,174,政治学,CSSCI,1995,11,1995年第11期,True,True,2,2,0,0,2,0,found
当代世界,174,政治学,CSSCI,1995,12,1995年第12期,True,True,2,2,0,0,2,0,found
当代世界,174,政治学,CSSCI,1996,1,1996年第1期,True,True,4,4,0,0,4,0,found
当代世界,174,政治学,CSSCI,1996,2,1996年第2期,True,True,5,5,0,0,5,0,found
当代世界,174,政治学,CSSCI,1996,3,1996年第3期,True,True,1,1,0,0,1,0,found
当代世界,174,政治学,CSSCI,1996,4,1996年第4期,True,True,4,4,0,0,4,0,found
当代世界,174,政治学,CSSCI,1996,5,1996年第5期,True,True,2,2,0,0,2,0,found
当代世界,174,政治学,CSSCI,1996,6,1996年第6期,True,True,3,3,0,0,3,0,found
当代世界,174,政治学,CSSCI,1996,7,1996年第7期,True,True,1,1,0,0,1,0,found
当代世界,174,政治学,CSSCI,1996,8,1996年第8期,True,True,4,4,0,0,4,0,found
当代世界,174,政治学,CSSCI,1996,9,1996年第9期,True,True,2,2,0,0,2,0,found
当代世界,174,政治学,CSSCI,1996,10,1996年第10期,True,True,3,3,0,0,3,0,found
当代世界,174,政治学,CSSCI,1996,11,1996年第11期,True,True,1,1,0,0,1,0,found
当代世界,174,政治学,CSSCI,1996,12,1996年第12期,True,False,0,0,0,0,0,0,not_found_in_public_sources
当代世界,174,政治学,CSSCI,1997,1,1997年第1期,True,False,0,0,0,0,0,0,not_found_in_public_sources
当代世界,174,政治学,CSSCI,1997,2,1997年第2期,True,True,2,2,0,0,2,0,found
当代世界,174,政治学,CSSCI,1997,3,1997年第3期,True,True,2,2,0,0,2,0,found
当代世界,174,政治学,CSSCI,1997,4,1997年第4期,True,True,4,4,0,0,4,0,found
当代世界,174,政治学,CSSCI,1997,5,1997年第5期,True,True,3,3,0,0,3,0,found
当代世界,174,政治学,CSSCI,1997,6,1997年第6期,True,True,4,4,0,0,4,0,found
当代世界,174,政治学,CSSCI,1997,7,1997年第7期,True,True,3,3,0,0,3,0,found
当代世界,174,政治学,CSSCI,1997,8,1997年第8期,True,True,4,4,0,0,4,0,found
当代世界,174,政治学,CSSCI,1997,9,1997年第9期,True,True,3,3,0,0,3,0,found
当代世界,174,政治学,CSSCI,1997,10,1997年第10期,True,True,6,6,0,0,6,0,found
当代世界,174,政治学,CSSCI,1997,11,1997年第11期,True,True,3,3,0,0,3,0,found
当代世界,174,政治学,CSSCI,1997,12,1997年第12期,True,True,3,3,0,0,3,0,found
当代世界,174,政治学,CSSCI,1998,1,1998年第1期,True,True,3,3,0,0,3,0,found
当代世界,174,政治学,CSSCI,1998,2,1998年第2期,True,True,3,3,0,0,3,0,found
当代世界,174,政治学,CSSCI,1998,3,1998年第3期,True,True,1,1,0,0,1,0,found
当代世界,174,政治学,CSSCI,1998,4,1998年第4期,True,True,1,1,0,0,1,0,found
当代世界,174,政治学,CSSCI,1998,5,1998年第5期,True,True,8,8,0,0,8,0,found
当代世界,174,政治学,CSSCI,1998,6,1998年第6期,True,True,2,2,0,0,2,0,found
当代世界,174,政治学,CSSCI,1998,7,1998年第7期,True,True,1,1,0,0,1,0,found
当代世界,174,政治学,CSSCI,1998,8,1998年第8期,True,True,1,1,0,0,1,0,found
当代世界,174,政治学,CSSCI,1998,9,1998年第9期,True,True,4,4,0,0,4,0,found
当代世界,174,政治学,CSSCI,1998,10,1998年第10期,True,True,1,1,0,0,1,0,found
当代世界,174,政治学,CSSCI,1998,11,1998年第11期,True,True,5,5,0,0,5,0,found
当代世界,174,政治学,CSSCI,1998,12,1998年第12期,True,True,3,3,0,0,3,0,found
当代世界,174,政治学,CSSCI,1999,1,1999年第1期,True,True,3,3,0,0,3,0,found
当代世界,174,政治学,CSSCI,1999,2,1999年第2期,True,True,5,5,0,0,5,0,found
当代世界,174,政治学,CSSCI,1999,3,1999年第3期,True,True,3,3,0,0,3,0,found
当代世界,174,政治学,CSSCI,1999,4,1999年第4期,True,True,3,3,0,0,3,0,found
当代世界,174,政治学,CSSCI,1999,5,1999年第5期,True,True,5,5,0,0,5,0,found
当代世界,174,政治学,CSSCI,1999,6,1999年第6期,True,True,3,3,0,0,3,0,found
当代世界,174,政治学,CSSCI,1999,7,1999年第7期,True,True,6,6,0,0,6,0,found
当代世界,174,政治学,CSSCI,1999,8,1999年第8期,True,True,4,4,0,0,4,0,found
当代世界,174,政治学,CSSCI,1999,9,1999年第9期,True,True,1,1,0,0,1,0,found
当代世界,174,政治学,CSSCI,1999,10,1999年第10期,True,True,5,5,0,0,5,0,found
当代世界,174,政治学,CSSCI,1999,11,1999年第11期,True,True,6,6,0,0,6,0,found
当代世界,174,政治学,CSSCI,1999,12,1999年第12期,True,True,4,4,0,0,4,0,found
当代世界,174,政治学,CSSCI,2000,1,2000年第1期,True,True,3,3,0,0,3,0,found
当代世界,174,政治学,CSSCI,2000,2,2000年第2期,True,True,1,1,0,0,1,0,found
当代世界,174,政治学,CSSCI,2000,3,2000年第3期,True,True,3,3,0,0,3,0,found
当代世界,174,政治学,CSSCI,2000,4,2000年第4期,True,True,3,3,0,0,3,0,found
当代世界,174,政治学,CSSCI,2000,5,2000年第5期,True,True,1,1,0,0,1,0,found
当代世界,174,政治学,CSSCI,2000,6,2000年第6期,True,True,2,2,0,0,2,0,found
当代世界,174,政治学,CSSCI,2000,7,2000年第7期,True,True,2,2,0,0,2,0,found
当代世界,174,政治学,CSSCI,2000,8,2000年第8期,True,True,2,2,0,0,2,0,found
当代世界,174,政治学,CSSCI,2000,9,2000年第9期,True,True,3,3,0,0,3,0,found
当代世界,174,政治学,CSSCI,2000,10,2000年第10期,True,True,3,3,0,0,3,0,found
当代世界,174,政治学,CSSCI,2000,11,2000年第11期,True,True,5,5,0,0,5,0,found
当代世界,174,政治学,CSSCI,2000,12,2000年第12期,True,True,1,1,0,0,1,0,found
当代世界,174,政治学,CSSCI,2001,1,2001年第1期,True,True,2,2,0,0,2,0,found
当代世界,174,政治学,CSSCI,2001,2,2001年第2期,True,True,5,5,0,0,5,0,found
当代世界,174,政治学,CSSCI,2001,3,2001年第3期,True,True,3,3,0,0,3,0,found
当代世界,174,政治学,CSSCI,2001,4,2001年第4期,True,True,7,7,0,0,7,0,found
当代世界,174,政治学,CSSCI,2001,5,2001年第5期,True,True,4,4,0,0,4,0,found
当代世界,174,政治学,CSSCI,2001,6,2001年第6期,True,True,4,4,0,0,4,0,found
当代世界,174,政治学,CSSCI,2001,7,2001年第7期,True,True,2,2,0,0,2,0,found
当代世界,174,政治学,CSSCI,2001,8,2001年第8期,True,False,0,0,0,0,0,0,not_found_in_public_sources
当代世界,174,政治学,CSSCI,2001,9,2001年第9期,True,True,5,5,0,0,5,0,found
当代世界,174,政治学,CSSCI,2001,10,2001年第10期,True,True,5,5,0,0,5,0,found
当代世界,174,政治学,CSSCI,2001,11,2001年第11期,True,True,4,4,0,0,4,0,found
当代世界,174,政治学,CSSCI,2001,12,2001年第12期,True,True,2,2,0,0,2,0,found
当代世界,174,政治学,CSSCI,2002,1,2002年第1期,True,True,4,4,0,0,4,0,found
当代世界,174,政治学,CSSCI,2002,2,2002年第2期,True,True,4,4,0,0,4,0,found
当代世界,174,政治学,CSSCI,2002,3,2002年第3期,True,True,3,3,0,0,3,0,found
当代世界,174,政治学,CSSCI,2002,4,2002年第4期,True,True,4,4,0,0,4,0,found
当代世界,174,政治学,CSSCI,2002,5,2002年第5期,True,True,4,4,0,0,4,0,found
当代世界,174,政治学,CSSCI,2002,6,2002年第6期,True,True,4,4,0,0,4,0,found
当代世界,174,政治学,CSSCI,2002,7,2002年第7期,True,True,5,5,0,0,5,0,found
当代世界,174,政治学,CSSCI,2002,8,2002年第8期,True,True,7,7,0,0,7,0,found
当代世界,174,政治学,CSSCI,2002,9,2002年第9期,True,True,2,2,0,0,2,0,found
当代世界,174,政治学,CSSCI,2002,10,2002年第10期,True,True,2,2,0,0,2,0,found
当代世界,174,政治学,CSSCI,2002,11,2002年第11期,True,True,6,6,0,0,6,0,found
当代世界,174,政治学,CSSCI,2002,12,2002年第12期,True,True,4,4,0,0,4,0,found
当代世界,174,政治学,CSSCI,2003,1,2003年第1期,True,True,2,2,0,0,2,0,found
当代世界,174,政治学,CSSCI,2003,2,2003年第2期,True,True,1,1,0,0,1,0,found
当代世界,174,政治学,CSSCI,2003,3,2003年第3期,True,True,4,4,0,0,4,0,found
当代世界,174,政治学,CSSCI,2003,4,2003年第4期,True,True,2,2,0,0,2,0,found
当代世界,174,政治学,CSSCI,2003,5,2003年第5期,True,True,3,3,0,0,3,0,found
当代世界,174,政治学,CSSCI,2003,6,2003年第6期,True,True,2,2,0,0,2,0,found
当代世界,174,政治学,CSSCI,2003,7,2003年第7期,True,True,1,1,0,0,1,0,found
当代世界,174,政治学,CSSCI,2003,8,2003年第8期,True,True,2,2,0,0,2,0,found
当代世界,174,政治学,CSSCI,2003,9,2003年第9期,True,True,1,1,0,0,1,0,found
当代世界,174,政治学,CSSCI,2003,10,2003年第10期,True,True,3,3,0,0,3,0,found
当代世界,174,政治学,CSSCI,2003,11,2003年第11期,True,True,3,3,0,0,3,0,found
当代世界,174,政治学,CSSCI,2003,12,2003年第12期,True,True,3,3,0,0,3,0,found
当代世界,174,政治学,CSSCI,2004,1,2004年第1期,True,False,0,0,0,0,0,0,not_found_in_public_sources
当代世界,174,政治学,CSSCI,2004,2,2004年第2期,True,True,2,2,0,0,2,0,found
当代世界,174,政治学,CSSCI,2004,3,2004年第3期,True,True,1,1,0,0,1,0,found
当代世界,174,政治学,CSSCI,2004,4,2004年第4期,True,True,2,2,0,0,2,0,found
当代世界,174,政治学,CSSCI,2004,5,2004年第5期,True,True,2,2,0,0,2,0,found
当代世界,174,政治学,CSSCI,2004,6,2004年第6期,True,True,2,2,0,0,2,0,found
当代世界,174,政治学,CSSCI,2004,7,2004年第7期,True,True,3,3,0,0,3,0,found
当代世界,174,政治学,CSSCI,2004,8,2004年第8期,True,True,1,1,0,0,1,0,found
当代世界,174,政治学,CSSCI,2004,9,2004年第9期,True,False,0,0,0,0,0,0,not_found_in_public_sources
当代世界,174,政治学,CSSCI,2004,10,2004年第10期,True,True,2,2,0,0,2,0,found
当代世界,174,政治学,CSSCI,2004,11,2004年第11期,True,True,3,3,0,0,3,0,found
当代世界,174,政治学,CSSCI,2004,12,2004年第12期,True,True,2,2,0,0,2,0,found
当代世界,174,政治学,CSSCI,2005,1,2005年第1期,True,True,8,8,0,0,8,0,found
当代世界,174,政治学,CSSCI,2005,2,2005年第2期,True,True,3,3,0,0,3,0,found
当代世界,174,政治学,CSSCI,2005,3,2005年第3期,True,False,0,0,0,0,0,0,not_found_in_public_sources
当代世界,174,政治学,CSSCI,2005,4,2005年第4期,True,True,1,1,0,0,1,0,found
当代世界,174,政治学,CSSCI,2005,5,2005年第5期,True,True,2,2,0,0,2,0,found
当代世界,174,政治学,CSSCI,2005,6,2005年第6期,True,True,1,1,0,0,1,0,found
当代世界,174,政治学,CSSCI,2005,7,2005年第7期,True,True,10,10,0,0,10,0,found
当代世界,174,政治学,CSSCI,2005,8,2005年第8期,True,True,5,5,0,0,5,0,found
当代世界,174,政治学,CSSCI,2005,9,2005年第9期,True,True,4,4,0,0,4,0,found
当代世界,174,政治学,CSSCI,2005,10,2005年第10期,True,True,4,4,0,0,4,0,found
当代世界,174,政治学,CSSCI,2005,11,2005年第11期,True,True,5,5,0,0,5,0,found
当代世界,174,政治学,CSSCI,2005,12,2005年第12期,True,True,4,4,0,0,4,0,found
当代世界,174,政治学,CSSCI,2006,1,2006年第1期,True,True,3,3,0,0,3,0,found
当代世界,174,政治学,CSSCI,2006,2,2006年第2期,True,True,4,4,0,0,4,0,found
当代世界,174,政治学,CSSCI,2006,3,2006年第3期,True,True,4,4,0,0,4,0,found
当代世界,174,政治学,CSSCI,2006,4,2006年第4期,True,True,4,4,0,0,4,0,found
当代世界,174,政治学,CSSCI,2006,5,2006年第5期,True,True,1,1,0,0,1,0,found
当代世界,174,政治学,CSSCI,2006,6,2006年第6期,True,True,8,8,0,0,8,0,found
当代世界,174,政治学,CSSCI,2006,7,2006年第7期,True,True,5,5,0,0,5,0,found
当代世界,174,政治学,CSSCI,2006,8,2006年第8期,True,True,2,2,0,0,2,0,found
当代世界,174,政治学,CSSCI,2006,9,2006年第9期,True,True,2,2,0,0,2,0,found
当代世界,174,政治学,CSSCI,2006,10,2006年第10期,True,True,4,4,0,0,4,0,found
当代世界,174,政治学,CSSCI,2006,11,2006年第11期,True,True,4,4,0,0,4,0,found
当代世界,174,政治学,CSSCI,2006,12,2006年第12期,True,True,3,3,0,0,3,0,found
当代世界,174,政治学,CSSCI,2007,1,2007年第1期,True,True,9,9,0,0,9,0,found
当代世界,174,政治学,CSSCI,2007,2,2007年第2期,True,True,4,4,0,0,4,0,found
当代世界,174,政治学,CSSCI,2007,3,2007年第3期,True,True,5,5,0,0,5,0,found
当代世界,174,政治学,CSSCI,2007,4,2007年第4期,True,True,2,2,0,0,2,0,found
当代世界,174,政治学,CSSCI,2007,5,2007年第5期,True,True,9,9,0,0,9,0,found
当代世界,174,政治学,CSSCI,2007,6,2007年第6期,True,True,3,3,0,0,3,0,found
当代世界,174,政治学,CSSCI,2007,7,2007年第7期,True,True,5,5,0,0,5,0,found
当代世界,174,政治学,CSSCI,2007,8,2007年第8期,True,True,3,3,0,0,3,0,found
当代世界,174,政治学,CSSCI,2007,9,2007年第9期,True,True,2,2,0,0,2,0,found
当代世界,174,政治学,CSSCI,2007,10,2007年第10期,True,True,4,4,0,0,4,0,found
当代世界,174,政治学,CSSCI,2007,11,2007年第11期,True,True,1,1,0,0,1,0,found
当代世界,174,政治学,CSSCI,2007,12,2007年第12期,True,True,7,7,0,0,7,0,found
当代世界,174,政治学,CSSCI,2008,1,2008年第1期,True,True,5,5,0,0,5,0,found
当代世界,174,政治学,CSSCI,2008,2,2008年第2期,True,True,3,3,0,0,3,0,found
当代世界,174,政治学,CSSCI,2008,3,2008年第3期,True,False,0,0,0,0,0,0,not_found_in_public_sources
当代世界,174,政治学,CSSCI,2008,4,2008年第4期,True,True,2,2,0,0,2,0,found
当代世界,174,政治学,CSSCI,2008,5,2008年第5期,True,True,3,3,0,0,3,0,found
当代世界,174,政治学,CSSCI,2008,6,2008年第6期,True,True,4,4,0,0,4,0,found
当代世界,174,政治学,CSSCI,2008,7,2008年第7期,True,True,3,3,0,0,3,0,found
当代世界,174,政治学,CSSCI,2008,8,2008年第8期,True,True,4,4,0,0,4,0,found
当代世界,174,政治学,CSSCI,2008,9,2008年第9期,True,True,2,2,0,0,2,0,found
当代世界,174,政治学,CSSCI,2008,10,2008年第10期,True,True,5,5,0,0,5,0,found
当代世界,174,政治学,CSSCI,2008,11,2008年第11期,True,True,2,2,0,0,2,0,found
当代世界,174,政治学,CSSCI,2008,12,2008年第12期,True,True,6,6,0,0,6,0,found
当代世界,174,政治学,CSSCI,2009,1,2009年第1期,True,True,3,3,0,0,3,0,found
当代世界,174,政治学,CSSCI,2009,2,2009年第2期,True,True,1,1,0,0,1,0,found
当代世界,174,政治学,CSSCI,2009,3,2009年第3期,True,True,3,3,0,0,3,0,found
当代世界,174,政治学,CSSCI,2009,4,2009年第4期,True,True,4,4,0,0,4,0,found
当代世界,174,政治学,CSSCI,2009,5,2009年第5期,True,True,4,4,0,0,4,0,found
当代世界,174,政治学,CSSCI,2009,6,2009年第6期,True,True,4,4,0,0,4,0,found
当代世界,174,政治学,CSSCI,2009,7,2009年第7期,True,True,6,6,0,0,6,0,found
当代世界,174,政治学,CSSCI,2009,8,2009年第8期,True,True,4,4,0,0,4,0,found
当代世界,174,政治学,CSSCI,2009,9,2009年第9期,True,True,2,2,0,0,2,0,found
当代世界,174,政治学,CSSCI,2009,10,2009年第10期,True,True,5,5,0,0,5,0,found
当代世界,174,政治学,CSSCI,2009,11,2009年第11期,True,True,8,8,0,0,8,0,found
当代世界,174,政治学,CSSCI,2009,12,2009年第12期,True,True,7,7,0,0,7,0,found
当代世界,174,政治学,CSSCI,2010,1,2010年第1期,True,True,4,4,0,0,4,0,found
当代世界,174,政治学,CSSCI,2010,2,2010年第2期,True,True,4,4,0,0,4,0,found
当代世界,174,政治学,CSSCI,2010,3,2010年第3期,True,True,2,2,0,0,2,0,found
当代世界,174,政治学,CSSCI,2010,4,2010年第4期,True,True,6,6,0,0,6,0,found
当代世界,174,政治学,CSSCI,2010,5,2010年第5期,True,True,6,6,0,0,6,0,found
当代世界,174,政治学,CSSCI,2010,6,2010年第6期,True,True,8,8,0,0,8,0,found
当代世界,174,政治学,CSSCI,2010,7,2010年第7期,True,True,6,6,0,0,6,0,found
当代世界,174,政治学,CSSCI,2010,8,2010年第8期,True,True,3,3,0,0,3,0,found
当代世界,174,政治学,CSSCI,2010,9,2010年第9期,True,False,0,0,0,0,0,0,not_found_in_public_sources
当代世界,174,政治学,CSSCI,2010,10,2010年第10期,True,True,7,7,0,0,7,0,found
当代世界,174,政治学,CSSCI,2010,11,2010年第11期,True,True,4,4,0,0,4,0,found
当代世界,174,政治学,CSSCI,2010,12,2010年第12期,True,True,8,8,0,0,8,0,found
当代世界,174,政治学,CSSCI,2011,1,2011年第1期,True,True,3,3,0,0,3,0,found
当代世界,174,政治学,CSSCI,2011,2,2011年第2期,True,True,4,4,0,0,4,0,found
当代世界,174,政治学,CSSCI,2011,3,2011年第3期,True,True,1,1,0,0,1,0,found
当代世界,174,政治学,CSSCI,2011,4,2011年第4期,True,True,3,3,0,0,3,0,found
当代世界,174,政治学,CSSCI,2011,5,2011年第5期,True,True,4,4,0,0,4,0,found
当代世界,174,政治学,CSSCI,2011,6,2011年第6期,True,True,3,3,0,0,3,0,found
当代世界,174,政治学,CSSCI,2011,7,2011年第7期,True,True,3,3,0,0,3,0,found
当代世界,174,政治学,CSSCI,2011,8,2011年第8期,True,True,8,8,0,0,8,0,found
当代世界,174,政治学,CSSCI,2011,9,2011年第9期,True,True,5,5,0,0,5,0,found
当代世界,174,政治学,CSSCI,2011,10,2011年第10期,True,True,4,4,0,0,4,0,found
当代世界,174,政治学,CSSCI,2011,11,2011年第11期,True,True,5,5,0,0,5,0,found
当代世界,174,政治学,CSSCI,2011,12,2011年第12期,True,True,6,6,0,0,6,0,found
当代世界,174,政治学,CSSCI,2012,1,2012年第1期,True,True,2,2,0,0,2,0,found
当代世界,174,政治学,CSSCI,2012,2,2012年第2期,True,True,5,5,0,0,5,0,found
当代世界,174,政治学,CSSCI,2012,3,2012年第3期,True,True,3,3,0,0,3,0,found
当代世界,174,政治学,CSSCI,2012,4,2012年第4期,True,True,4,4,0,0,4,0,found
当代世界,174,政治学,CSSCI,2012,5,2012年第5期,True,True,7,7,0,0,7,0,found
当代世界,174,政治学,CSSCI,2012,6,2012年第6期,True,True,10,10,0,0,10,0,found
当代世界,174,政治学,CSSCI,2012,7,2012年第7期,True,True,4,4,0,0,4,0,found
当代世界,174,政治学,CSSCI,2012,8,2012年第8期,True,False,0,0,0,0,0,0,not_found_in_public_sources
当代世界,174,政治学,CSSCI,2012,9,2012年第9期,True,True,3,3,0,0,3,0,found
当代世界,174,政治学,CSSCI,2012,10,2012年第10期,True,True,2,2,0,0,2,0,found
当代世界,174,政治学,CSSCI,2012,11,2012年第11期,True,True,5,5,0,0,5,0,found
当代世界,174,政治学,CSSCI,2012,12,2012年第12期,True,True,2,2,0,0,2,0,found
当代世界,174,政治学,CSSCI,2013,1,2013年第1期,True,True,3,3,0,0,3,0,found
当代世界,174,政治学,CSSCI,2013,2,2013年第2期,True,True,1,1,0,0,1,0,found
当代世界,174,政治学,CSSCI,2013,3,2013年第3期,True,True,4,4,0,0,4,0,found
当代世界,174,政治学,CSSCI,2013,4,2013年第4期,True,True,4,4,0,0,4,0,found
当代世界,174,政治学,CSSCI,2013,5,2013年第5期,True,True,9,9,0,0,9,0,found
当代世界,174,政治学,CSSCI,2013,6,2013年第6期,True,True,5,5,0,0,5,0,found
当代世界,174,政治学,CSSCI,2013,7,2013年第7期,True,True,5,5,0,0,5,0,found
当代世界,174,政治学,CSSCI,2013,8,2013年第8期,True,True,4,4,0,0,4,0,found
当代世界,174,政治学,CSSCI,2013,9,2013年第9期,True,True,4,4,0,0,4,0,found
当代世界,174,政治学,CSSCI,2013,10,2013年第10期,True,True,7,7,0,0,7,0,found
当代世界,174,政治学,CSSCI,2013,11,2013年第11期,True,True,9,9,0,0,9,0,found
当代世界,174,政治学,CSSCI,2013,12,2013年第12期,True,True,5,5,0,0,5,0,found
当代世界,174,政治学,CSSCI,2014,1,2014年第1期,True,True,3,3,0,0,3,0,found
当代世界,174,政治学,CSSCI,2014,2,2014年第2期,True,True,6,6,0,0,6,0,found
当代世界,174,政治学,CSSCI,2014,3,2014年第3期,True,True,5,5,0,0,5,0,found
当代世界,174,政治学,CSSCI,2014,4,2014年第4期,True,True,2,2,0,0,2,0,found
当代世界,174,政治学,CSSCI,2014,5,2014年第5期,True,True,1,1,0,0,1,0,found
当代世界,174,政治学,CSSCI,2014,6,2014年第6期,True,True,7,7,0,0,7,0,found
当代世界,174,政治学,CSSCI,2014,7,2014年第7期,True,True,8,8,0,0,8,0,found
当代世界,174,政治学,CSSCI,2014,8,2014年第8期,True,True,4,4,0,0,4,0,found
当代世界,174,政治学,CSSCI,2014,9,2014年第9期,True,True,6,6,0,0,6,0,found
当代世界,174,政治学,CSSCI,2014,10,2014年第10期,True,True,7,7,0,0,7,0,found
当代世界,174,政治学,CSSCI,2014,11,2014年第11期,True,True,1,1,0,0,1,0,found
当代世界,174,政治学,CSSCI,2014,12,2014年第12期,True,True,5,5,0,0,5,0,found
当代世界,174,政治学,CSSCI,2015,1,2015年第1期,True,True,3,3,0,0,3,0,found
当代世界,174,政治学,CSSCI,2015,2,2015年第2期,True,True,7,7,0,0,7,0,found
当代世界,174,政治学,CSSCI,2015,3,2015年第3期,True,True,4,4,0,0,4,0,found
当代世界,174,政治学,CSSCI,2015,4,2015年第4期,True,True,2,2,0,0,2,0,found
当代世界,174,政治学,CSSCI,2015,5,2015年第5期,True,True,5,5,0,0,5,0,found
当代世界,174,政治学,CSSCI,2015,6,2015年第6期,True,True,3,3,0,0,3,0,found
当代世界,174,政治学,CSSCI,2015,7,2015年第7期,True,True,6,6,0,0,6,0,found
当代世界,174,政治学,CSSCI,2015,8,2015年第8期,True,True,6,6,0,0,6,0,found
当代世界,174,政治学,CSSCI,2015,9,2015年第9期,True,True,4,4,0,0,4,0,found
当代世界,174,政治学,CSSCI,2015,10,2015年第10期,True,True,5,5,0,0,5,0,found
当代世界,174,政治学,CSSCI,2015,11,2015年第11期,True,True,6,6,0,0,6,0,found
当代世界,174,政治学,CSSCI,2015,12,2015年第12期,True,True,7,7,0,0,7,0,found
当代世界,174,政治学,CSSCI,2016,1,2016年第1期,True,True,7,7,0,0,7,0,found
当代世界,174,政治学,CSSCI,2016,2,2016年第2期,True,True,3,3,0,0,3,0,found
当代世界,174,政治学,CSSCI,2016,3,2016年第3期,True,True,5,5,0,0,5,0,found
当代世界,174,政治学,CSSCI,2016,4,2016年第4期,True,True,7,7,0,0,7,0,found
当代世界,174,政治学,CSSCI,2016,5,2016年第5期,True,True,5,5,0,0,5,0,found
当代世界,174,政治学,CSSCI,2016,6,2016年第6期,True,True,7,7,0,0,7,0,found
当代世界,174,政治学,CSSCI,2016,7,2016年第7期,True,True,2,2,0,0,2,0,found
当代世界,174,政治学,CSSCI,2016,8,2016年第8期,True,True,6,6,0,0,6,0,found
当代世界,174,政治学,CSSCI,2016,9,2016年第9期,True,True,3,3,0,0,3,0,found
当代世界,174,政治学,CSSCI,2016,10,2016年第10期,True,False,0,0,0,0,0,0,not_found_in_public_sources
当代世界,174,政治学,CSSCI,2016,11,2016年第11期,True,False,0,0,0,0,0,0,not_found_in_public_sources
当代世界,174,政治学,CSSCI,2016,12,2016年第12期,True,False,0,0,0,0,0,0,not_found_in_public_sources
当代世界,174,政治学,CSSCI,2017,1,2017年第1期,True,False,0,0,0,0,0,0,not_found_in_public_sources
当代世界,174,政治学,CSSCI,2017,2,2017年第2期,True,True,1,1,0,0,1,0,found
当代世界,174,政治学,CSSCI,2017,3,2017年第3期,True,True,2,2,0,0,2,0,found
当代世界,174,政治学,CSSCI,2017,4,2017年第4期,True,True,2,2,0,0,2,0,found
当代世界,174,政治学,CSSCI,2017,5,2017年第5期,True,False,0,0,0,0,0,0,not_found_in_public_sources
当代世界,174,政治学,CSSCI,2017,6,2017年第6期,True,True,1,1,0,0,1,0,found
当代世界,174,政治学,CSSCI,2017,7,2017年第7期,True,False,0,0,0,0,0,0,not_found_in_public_sources
当代世界,174,政治学,CSSCI,2017,8,2017年第8期,True,False,0,0,0,0,0,0,not_found_in_public_sources
当代世界,174,政治学,CSSCI,2017,9,2017年第9期,True,True,1,1,0,0,1,0,found
当代世界,174,政治学,CSSCI,2017,10,2017年第10期,True,False,0,0,0,0,0,0,not_found_in_public_sources
当代世界,174,政治学,CSSCI,2017,11,2017年第11期,True,False,0,0,0,0,0,0,not_found_in_public_sources
当代世界,174,政治学,CSSCI,2017,12,2017年第12期,True,True,1,1,0,0,1,0,found
当代世界,174,政治学,CSSCI,2018,1,2018年第1期,True,True,1,1,0,0,1,0,found
当代世界,174,政治学,CSSCI,2018,2,2018年第2期,True,False,0,0,0,0,0,0,not_found_in_public_sources
当代世界,174,政治学,CSSCI,2018,3,2018年第3期,True,False,0,0,0,0,0,0,not_found_in_public_sources
当代世界,174,政治学,CSSCI,2018,4,2018年第4期,True,False,0,0,0,0,0,0,not_found_in_public_sources
当代世界,174,政治学,CSSCI,2018,5,2018年第5期,True,False,0,0,0,0,0,0,not_found_in_public_sources
当代世界,174,政治学,CSSCI,2018,6,2018年第6期,True,False,0,0,0,0,0,0,not_found_in_public_sources
当代世界,174,政治学,CSSCI,2018,7,2018年第7期,True,False,0,0,0,0,0,0,not_found_in_public_sources
当代世界,174,政治学,CSSCI,2018,8,2018年第8期,True,False,0,0,0,0,0,0,not_found_in_public_sources
当代世界,174,政治学,CSSCI,2018,9,2018年第9期,True,False,0,0,0,0,0,0,not_found_in_public_sources
当代世界,174,政治学,CSSCI,2018,10,2018年第10期,True,False,0,0,0,0,0,0,not_found_in_public_sources
当代世界,174,政治学,CSSCI,2018,11,2018年第11期,True,True,1,1,0,0,1,0,found
当代世界,174,政治学,CSSCI,2018,12,2018年第12期,True,False,0,0,0,0,0,0,not_found_in_public_sources
当代世界,174,政治学,CSSCI,2019,1,2019年第1期,True,False,0,0,0,0,0,0,not_found_in_public_sources
当代世界,174,政治学,CSSCI,2019,2,2019年第2期,True,False,0,0,0,0,0,0,not_found_in_public_sources
当代世界,174,政治学,CSSCI,2019,3,2019年第3期,True,False,0,0,0,0,0,0,not_found_in_public_sources
当代世界,174,政治学,CSSCI,2019,4,2019年第4期,True,False,0,0,0,0,0,0,not_found_in_public_sources
当代世界,174,政治学,CSSCI,2019,5,2019年第5期,True,False,0,0,0,0,0,0,not_found_in_public_sources
当代世界,174,政治学,CSSCI,2019,6,2019年第6期,True,False,0,0,0,0,0,0,not_found_in_public_sources
当代世界,174,政治学,CSSCI,2019,7,2019年第7期,True,False,0,0,0,0,0,0,not_found_in_public_sources
当代世界,174,政治学,CSSCI,2019,8,2019年第8期,True,False,0,0,0,0,0,0,not_found_in_public_sources
当代世界,174,政治学,CSSCI,2019,9,2019年第9期,True,False,0,0,0,0,0,0,not_found_in_public_sources
当代世界,174,政治学,CSSCI,2019,10,2019年第10期,True,True,1,1,0,0,1,0,found
当代世界,174,政治学,CSSCI,2019,11,2019年第11期,True,False,0,0,0,0,0,0,not_found_in_public_sources
当代世界,174,政治学,CSSCI,2019,12,2019年第12期,True,False,0,0,0,0,0,0,not_found_in_public_sources
当代世界,174,政治学,CSSCI,2020,1,2020年第1期,True,True,1,1,0,0,1,0,found
当代世界,174,政治学,CSSCI,2020,2,2020年第2期,True,True,2,2,0,0,2,0,found
当代世界,174,政治学,CSSCI,2020,3,2020年第3期,True,True,1,1,0,0,1,0,found
当代世界,174,政治学,CSSCI,2020,4,2020年第4期,True,True,1,1,0,0,1,0,found
当代世界,174,政治学,CSSCI,2020,5,2020年第5期,True,False,0,0,0,0,0,0,not_found_in_public_sources
当代世界,174,政治学,CSSCI,2020,6,2020年第6期,True,False,0,0,0,0,0,0,not_found_in_public_sources
当代世界,174,政治学,CSSCI,2020,7,2020年第7期,True,False,0,0,0,0,0,0,not_found_in_public_sources
当代世界,174,政治学,CSSCI,2020,8,2020年第8期,True,True,2,2,0,0,2,0,found
当代世界,174,政治学,CSSCI,2020,9,2020年第9期,True,True,1,1,0,0,1,0,found
当代世界,174,政治学,CSSCI,2020,10,2020年第10期,True,True,1,1,0,0,1,0,found
当代世界,174,政治学,CSSCI,2020,11,2020年第11期,True,False,0,0,0,0,0,0,not_found_in_public_sources
当代世界,174,政治学,CSSCI,2020,12,2020年第12期,True,False,0,0,0,0,0,0,not_found_in_public_sources
当代世界,174,政治学,CSSCI,2021,1,2021年第1期,True,False,0,0,0,0,0,0,not_found_in_public_sources
当代世界,174,政治学,CSSCI,2021,2,2021年第2期,True,False,0,0,0,0,0,0,not_found_in_public_sources
当代世界,174,政治学,CSSCI,2021,3,2021年第3期,True,False,0,0,0,0,0,0,not_found_in_public_sources
当代世界,174,政治学,CSSCI,2021,4,2021年第4期,True,False,0,0,0,0,0,0,not_found_in_public_sources
当代世界,174,政治学,CSSCI,2021,5,2021年第5期,True,False,0,0,0,0,0,0,not_found_in_public_sources
当代世界,174,政治学,CSSCI,2021,6,2021年第6期,True,False,0,0,0,0,0,0,not_found_in_public_sources
当代世界,174,政治学,CSSCI,2021,7,2021年第7期,True,False,0,0,0,0,0,0,not_found_in_public_sources
当代世界,174,政治学,CSSCI,2021,8,2021年第8期,True,False,0,0,0,0,0,0,not_found_in_public_sources
当代世界,174,政治学,CSSCI,2021,9,2021年第9期,True,False,0,0,0,0,0,0,not_found_in_public_sources
当代世界,174,政治学,CSSCI,2021,10,2021年第10期,True,False,0,0,0,0,0,0,not_found_in_public_sources
当代世界,174,政治学,CSSCI,2021,11,2021年第11期,True,False,0,0,0,0,0,0,not_found_in_public_sources
当代世界,174,政治学,CSSCI,2021,12,2021年第12期,True,False,0,0,0,0,0,0,not_found_in_public_sources
当代世界,174,政治学,CSSCI,2022,1,2022年第1期,True,False,0,0,0,0,0,0,not_found_in_public_sources
当代世界,174,政治学,CSSCI,2022,2,2022年第2期,True,False,0,0,0,0,0,0,not_found_in_public_sources
当代世界,174,政治学,CSSCI,2022,3,2022年第3期,True,False,0,0,0,0,0,0,not_found_in_public_sources
当代世界,174,政治学,CSSCI,2022,4,2022年第4期,True,False,0,0,0,0,0,0,not_found_in_public_sources
当代世界,174,政治学,CSSCI,2022,5,2022年第5期,True,False,0,0,0,0,0,0,not_found_in_public_sources
当代世界,174,政治学,CSSCI,2022,6,2022年第6期,True,False,0,0,0,0,0,0,not_found_in_public_sources
当代世界,174,政治学,CSSCI,2022,7,2022年第7期,True,False,0,0,0,0,0,0,not_found_in_public_sources
当代世界,174,政治学,CSSCI,2022,8,2022年第8期,True,False,0,0,0,0,0,0,not_found_in_public_sources
当代世界,174,政治学,CSSCI,2022,9,2022年第9期,True,False,0,0,0,0,0,0,not_found_in_public_sources
当代世界,174,政治学,CSSCI,2022,10,2022年第10期,True,False,0,0,0,0,0,0,not_found_in_public_sources
当代世界,174,政治学,CSSCI,2022,11,2022年第11期,True,False,0,0,0,0,0,0,not_found_in_public_sources
当代世界,174,政治学,CSSCI,2022,12,2022年第12期,True,False,0,0,0,0,0,0,not_found_in_public_sources
当代世界,174,政治学,CSSCI,2023,1,2023年第1期,True,False,0,0,0,0,0,0,not_found_in_public_sources
当代世界,174,政治学,CSSCI,2023,2,2023年第2期,True,False,0,0,0,0,0,0,not_found_in_public_sources
当代世界,174,政治学,CSSCI,2023,3,2023年第3期,True,False,0,0,0,0,0,0,not_found_in_public_sources
当代世界,174,政治学,CSSCI,2023,4,2023年第4期,True,False,0,0,0,0,0,0,not_found_in_public_sources
当代世界,174,政治学,CSSCI,2023,5,2023年第5期,True,False,0,0,0,0,0,0,not_found_in_public_sources
当代世界,174,政治学,CSSCI,2023,6,2023年第6期,True,False,0,0,0,0,0,0,not_found_in_public_sources
当代世界,174,政治学,CSSCI,2023,7,2023年第7期,True,False,0,0,0,0,0,0,not_found_in_public_sources
当代世界,174,政治学,CSSCI,2023,8,2023年第8期,True,False,0,0,0,0,0,0,not_found_in_public_sources
当代世界,174,政治学,CSSCI,2023,9,2023年第9期,True,False,0,0,0,0,0,0,not_found_in_public_sources
当代世界,174,政治学,CSSCI,2023,10,2023年第10期,True,False,0,0,0,0,0,0,not_found_in_public_sources
当代世界,174,政治学,CSSCI,2023,11,2023年第11期,True,False,0,0,0,0,0,0,not_found_in_public_sources
当代世界,174,政治学,CSSCI,2023,12,2023年第12期,True,False,0,0,0,0,0,0,not_found_in_public_sources
当代世界,174,政治学,CSSCI,2024,1,2024年第1期,True,False,0,0,0,0,0,0,not_found_in_public_sources
当代世界,174,政治学,CSSCI,2024,2,2024年第2期,True,False,0,0,0,0,0,0,not_found_in_public_sources
当代世界,174,政治学,CSSCI,2024,3,2024年第3期,True,False,0,0,0,0,0,0,not_found_in_public_sources
当代世界,174,政治学,CSSCI,2024,4,2024年第4期,True,False,0,0,0,0,0,0,not_found_in_public_sources
当代世界,174,政治学,CSSCI,2024,5,2024年第5期,True,False,0,0,0,0,0,0,not_found_in_public_sources
当代世界,174,政治学,CSSCI,2024,6,2024年第6期,True,False,0,0,0,0,0,0,not_found_in_public_sources
当代世界,174,政治学,CSSCI,2024,7,2024年第7期,True,False,0,0,0,0,0,0,not_found_in_public_sources
当代世界,174,政治学,CSSCI,2024,8,2024年第8期,True,False,0,0,0,0,0,0,not_found_in_public_sources
当代世界,174,政治学,CSSCI,2024,9,2024年第9期,True,False,0,0,0,0,0,0,not_found_in_public_sources
当代世界,174,政治学,CSSCI,2024,10,2024年第10期,True,False,0,0,0,0,0,0,not_found_in_public_sources
当代世界,174,政治学,CSSCI,2024,11,2024年第11期,True,False,0,0,0,0,0,0,not_found_in_public_sources
当代世界,174,政治学,CSSCI,2024,12,2024年第12期,True,False,0,0,0,0,0,0,not_found_in_public_sources
当代世界,174,政治学,CSSCI,2025,1,2025年第1期,True,False,0,0,0,0,0,0,not_found_in_public_sources
当代世界,174,政治学,CSSCI,2025,2,2025年第2期,True,False,0,0,0,0,0,0,not_found_in_public_sources
当代世界,174,政治学,CSSCI,2025,3,2025年第3期,True,False,0,0,0,0,0,0,not_found_in_public_sources
当代世界,174,政治学,CSSCI,2025,4,2025年第4期,True,False,0,0,0,0,0,0,not_found_in_public_sources
当代世界,174,政治学,CSSCI,2025,5,2025年第5期,True,False,0,0,0,0,0,0,not_found_in_public_sources
当代世界,174,政治学,CSSCI,2025,6,2025年第6期,True,False,0,0,0,0,0,0,not_found_in_public_sources
当代世界,174,政治学,CSSCI,2025,7,2025年第7期,True,False,0,0,0,0,0,0,not_found_in_public_sources
当代世界,174,政治学,CSSCI,2025,8,2025年第8期,True,False,0,0,0,0,0,0,not_found_in_public_sources
当代世界,174,政治学,CSSCI,2025,9,2025年第9期,True,False,0,0,0,0,0,0,not_found_in_public_sources
当代世界,174,政治学,CSSCI,2025,10,2025年第10期,True,False,0,0,0,0,0,0,not_found_in_public_sources
当代世界,174,政治学,CSSCI,2025,11,2025年第11期,True,False,0,0,0,0,0,0,not_found_in_public_sources
当代世界,174,政治学,CSSCI,2025,12,2025年第12期,True,False,0,0,0,0,0,0,not_found_in_public_sources
和平与发展,175,政治学,CSSCI,2000,1,2000年第1期,True,False,0,0,0,0,0,0,not_found_in_public_sources
和平与发展,175,政治学,CSSCI,2000,2,2000年第2期,True,False,0,0,0,0,0,0,not_found_in_public_sources
和平与发展,175,政治学,CSSCI,2000,3,2000年第3期,True,False,0,0,0,0,0,0,not_found_in_public_sources
和平与发展,175,政治学,CSSCI,2000,4,2000年第4期,True,True,1,1,0,0,1,0,found
和平与发展,175,政治学,CSSCI,2000,5,2000年第5期,True,False,0,0,0,0,0,0,not_found_in_public_sources
和平与发展,175,政治学,CSSCI,2000,6,2000年第6期,True,False,0,0,0,0,0,0,not_found_in_public_sources
和平与发展,175,政治学,CSSCI,2001,1,2001年第1期,True,True,1,1,0,0,1,0,found
和平与发展,175,政治学,CSSCI,2001,2,2001年第2期,True,False,0,0,0,0,0,0,not_found_in_public_sources
和平与发展,175,政治学,CSSCI,2001,3,2001年第3期,True,True,1,1,0,0,1,0,found
和平与发展,175,政治学,CSSCI,2001,4,2001年第4期,True,True,2,2,0,0,2,0,found
和平与发展,175,政治学,CSSCI,2001,5,2001年第5期,True,False,0,0,0,0,0,0,not_found_in_public_sources
和平与发展,175,政治学,CSSCI,2001,6,2001年第6期,True,False,0,0,0,0,0,0,not_found_in_public_sources
和平与发展,175,政治学,CSSCI,2002,1,2002年第1期,True,True,7,7,0,0,7,0,found
和平与发展,175,政治学,CSSCI,2002,2,2002年第2期,True,True,3,3,0,0,3,0,found
和平与发展,175,政治学,CSSCI,2002,3,2002年第3期,True,True,7,7,0,0,7,0,found
和平与发展,175,政治学,CSSCI,2002,4,2002年第4期,True,True,3,3,0,0,3,0,found
和平与发展,175,政治学,CSSCI,2002,5,2002年第5期,True,False,0,0,0,0,0,0,not_found_in_public_sources
和平与发展,175,政治学,CSSCI,2002,6,2002年第6期,True,False,0,0,0,0,0,0,not_found_in_public_sources
和平与发展,175,政治学,CSSCI,2003,1,2003年第1期,True,True,2,2,0,0,2,0,found
和平与发展,175,政治学,CSSCI,2003,2,2003年第2期,True,True,2,2,0,0,2,0,found
和平与发展,175,政治学,CSSCI,2003,3,2003年第3期,True,True,2,2,0,0,2,0,found
和平与发展,175,政治学,CSSCI,2003,4,2003年第4期,True,True,1,1,0,0,1,0,found
和平与发展,175,政治学,CSSCI,2003,5,2003年第5期,True,False,0,0,0,0,0,0,not_found_in_public_sources
和平与发展,175,政治学,CSSCI,2003,6,2003年第6期,True,False,0,0,0,0,0,0,not_found_in_public_sources
和平与发展,175,政治学,CSSCI,2004,1,2004年第1期,True,True,4,4,0,0,4,0,found
和平与发展,175,政治学,CSSCI,2004,2,2004年第2期,True,True,3,3,0,0,3,0,found
和平与发展,175,政治学,CSSCI,2004,3,2004年第3期,True,True,1,1,0,0,1,0,found
和平与发展,175,政治学,CSSCI,2004,4,2004年第4期,True,True,3,3,0,0,3,0,found
和平与发展,175,政治学,CSSCI,2004,5,2004年第5期,True,False,0,0,0,0,0,0,not_found_in_public_sources
和平与发展,175,政治学,CSSCI,2004,6,2004年第6期,True,False,0,0,0,0,0,0,not_found_in_public_sources
和平与发展,175,政治学,CSSCI,2005,1,2005年第1期,True,True,3,3,0,0,3,0,found
和平与发展,175,政治学,CSSCI,2005,2,2005年第2期,True,True,2,2,0,0,2,0,found
和平与发展,175,政治学,CSSCI,2005,3,2005年第3期,True,False,0,0,0,0,0,0,not_found_in_public_sources
和平与发展,175,政治学,CSSCI,2005,4,2005年第4期,True,True,2,2,0,0,2,0,found
和平与发展,175,政治学,CSSCI,2005,5,2005年第5期,True,False,0,0,0,0,0,0,not_found_in_public_sources
和平与发展,175,政治学,CSSCI,2005,6,2005年第6期,True,False,0,0,0,0,0,0,not_found_in_public_sources
和平与发展,175,政治学,CSSCI,2006,1,2006年第1期,True,True,2,2,0,0,2,0,found
和平与发展,175,政治学,CSSCI,2006,2,2006年第2期,True,True,3,3,0,0,3,0,found
和平与发展,175,政治学,CSSCI,2006,3,2006年第3期,True,True,4,4,0,0,4,0,found
和平与发展,175,政治学,CSSCI,2006,4,2006年第4期,True,True,1,1,0,0,1,0,found
和平与发展,175,政治学,CSSCI,2006,5,2006年第5期,True,False,0,0,0,0,0,0,not_found_in_public_sources
和平与发展,175,政治学,CSSCI,2006,6,2006年第6期,True,False,0,0,0,0,0,0,not_found_in_public_sources
和平与发展,175,政治学,CSSCI,2007,1,2007年第1期,True,True,2,2,0,0,2,0,found
和平与发展,175,政治学,CSSCI,2007,2,2007年第2期,True,True,1,1,0,0,1,0,found
和平与发展,175,政治学,CSSCI,2007,3,2007年第3期,True,False,0,0,0,0,0,0,not_found_in_public_sources
和平与发展,175,政治学,CSSCI,2007,4,2007年第4期,True,True,1,1,0,0,1,0,found
和平与发展,175,政治学,CSSCI,2007,5,2007年第5期,True,False,0,0,0,0,0,0,not_found_in_public_sources
和平与发展,175,政治学,CSSCI,2007,6,2007年第6期,True,False,0,0,0,0,0,0,not_found_in_public_sources
和平与发展,175,政治学,CSSCI,2008,1,2008年第1期,True,True,2,2,0,0,2,0,found
和平与发展,175,政治学,CSSCI,2008,2,2008年第2期,True,False,0,0,0,0,0,0,not_found_in_public_sources
和平与发展,175,政治学,CSSCI,2008,3,2008年第3期,True,True,1,1,0,0,1,0,found
和平与发展,175,政治学,CSSCI,2008,4,2008年第4期,True,True,2,2,0,0,2,0,found
和平与发展,175,政治学,CSSCI,2008,5,2008年第5期,True,False,0,0,0,0,0,0,not_found_in_public_sources
和平与发展,175,政治学,CSSCI,2008,6,2008年第6期,True,False,0,0,0,0,0,0,not_found_in_public_sources
和平与发展,175,政治学,CSSCI,2009,1,2009年第1期,True,True,2,2,0,0,2,0,found
和平与发展,175,政治学,CSSCI,2009,2,2009年第2期,True,True,1,1,0,0,1,0,found
和平与发展,175,政治学,CSSCI,2009,3,2009年第3期,True,True,5,5,0,0,5,0,found
和平与发展,175,政治学,CSSCI,2009,4,2009年第4期,True,True,2,2,0,0,2,0,found
和平与发展,175,政治学,CSSCI,2009,5,2009年第5期,True,True,2,2,0,0,2,0,found
和平与发展,175,政治学,CSSCI,2009,6,2009年第6期,True,True,5,5,0,0,5,0,found
和平与发展,175,政治学,CSSCI,2010,1,2010年第1期,True,True,3,3,0,0,3,0,found
和平与发展,175,政治学,CSSCI,2010,2,2010年第2期,True,True,2,2,0,0,2,0,found
和平与发展,175,政治学,CSSCI,2010,3,2010年第3期,True,True,2,2,0,0,2,0,found
和平与发展,175,政治学,CSSCI,2010,4,2010年第4期,True,True,4,4,0,0,4,0,found
和平与发展,175,政治学,CSSCI,2010,5,2010年第5期,True,True,1,1,0,0,1,0,found
和平与发展,175,政治学,CSSCI,2010,6,2010年第6期,True,True,3,3,0,0,3,0,found
和平与发展,175,政治学,CSSCI,2011,1,2011年第1期,True,True,1,1,0,0,1,0,found
和平与发展,175,政治学,CSSCI,2011,2,2011年第2期,True,True,4,4,0,0,4,0,found
和平与发展,175,政治学,CSSCI,2011,3,2011年第3期,True,True,3,3,0,0,3,0,found
和平与发展,175,政治学,CSSCI,2011,4,2011年第4期,True,True,3,3,0,0,3,0,found
和平与发展,175,政治学,CSSCI,2011,5,2011年第5期,True,True,1,1,0,0,1,0,found
和平与发展,175,政治学,CSSCI,2011,6,2011年第6期,True,True,3,3,0,0,3,0,found
和平与发展,175,政治学,CSSCI,2012,1,2012年第1期,True,True,3,3,0,0,3,0,found
和平与发展,175,政治学,CSSCI,2012,2,2012年第2期,True,True,1,1,0,0,1,0,found
和平与发展,175,政治学,CSSCI,2012,3,2012年第3期,True,False,0,0,0,0,0,0,not_found_in_public_sources
和平与发展,175,政治学,CSSCI,2012,4,2012年第4期,True,True,5,5,0,0,5,0,found
和平与发展,175,政治学,CSSCI,2012,5,2012年第5期,True,True,7,7,0,0,7,0,found
和平与发展,175,政治学,CSSCI,2012,6,2012年第6期,True,True,2,2,0,0,2,0,found
和平与发展,175,政治学,CSSCI,2013,1,2013年第1期,True,True,2,2,0,0,2,0,found
和平与发展,175,政治学,CSSCI,2013,2,2013年第2期,True,True,1,1,0,0,1,0,found
和平与发展,175,政治学,CSSCI,2013,3,2013年第3期,True,True,2,2,0,0,2,0,found
和平与发展,175,政治学,CSSCI,2013,4,2013年第4期,True,True,1,1,0,0,1,0,found
和平与发展,175,政治学,CSSCI,2013,5,2013年第5期,True,True,2,2,0,0,2,0,found
和平与发展,175,政治学,CSSCI,2013,6,2013年第6期,True,True,2,2,0,0,2,0,found
和平与发展,175,政治学,CSSCI,2014,1,2014年第1期,True,False,0,0,0,0,0,0,not_found_in_public_sources
和平与发展,175,政治学,CSSCI,2014,2,2014年第2期,True,True,3,3,0,0,3,0,found
和平与发展,175,政治学,CSSCI,2014,3,2014年第3期,True,True,2,2,0,0,2,0,found
和平与发展,175,政治学,CSSCI,2014,4,2014年第4期,True,True,1,1,0,0,1,0,found
和平与发展,175,政治学,CSSCI,2014,5,2014年第5期,True,False,0,0,0,0,0,0,not_found_in_public_sources
和平与发展,175,政治学,CSSCI,2014,6,2014年第6期,True,False,0,0,0,0,0,0,not_found_in_public_sources
和平与发展,175,政治学,CSSCI,2015,1,2015年第1期,True,False,0,0,0,0,0,0,not_found_in_public_sources
和平与发展,175,政治学,CSSCI,2015,2,2015年第2期,True,False,0,0,0,0,0,0,not_found_in_public_sources
和平与发展,175,政治学,CSSCI,2015,3,2015年第3期,True,True,2,2,0,0,2,0,found
和平与发展,175,政治学,CSSCI,2015,4,2015年第4期,True,True,4,4,0,0,4,0,found
和平与发展,175,政治学,CSSCI,2015,5,2015年第5期,True,True,2,2,0,0,2,0,found
和平与发展,175,政治学,CSSCI,2015,6,2015年第6期,True,True,1,1,0,0,1,0,found
和平与发展,175,政治学,CSSCI,2016,1,2016年第1期,True,True,3,3,0,0,3,0,found
和平与发展,175,政治学,CSSCI,2016,2,2016年第2期,True,True,2,2,0,0,2,0,found
和平与发展,175,政治学,CSSCI,2016,3,2016年第3期,True,True,4,4,0,0,4,0,found
和平与发展,175,政治学,CSSCI,2016,4,2016年第4期,True,False,0,0,0,0,0,0,not_found_in_public_sources
和平与发展,175,政治学,CSSCI,2016,5,2016年第5期,True,False,0,0,0,0,0,0,not_found_in_public_sources
和平与发展,175,政治学,CSSCI,2016,6,2016年第6期,True,False,0,0,0,0,0,0,not_found_in_public_sources
和平与发展,175,政治学,CSSCI,2017,1,2017年第1期,True,False,0,0,0,0,0,0,not_found_in_public_sources
和平与发展,175,政治学,CSSCI,2017,2,2017年第2期,True,False,0,0,0,0,0,0,not_found_in_public_sources
和平与发展,175,政治学,CSSCI,2017,3,2017年第3期,True,False,0,0,0,0,0,0,not_found_in_public_sources
和平与发展,175,政治学,CSSCI,2017,4,2017年第4期,True,True,1,1,0,0,1,0,found
和平与发展,175,政治学,CSSCI,2017,5,2017年第5期,True,True,2,2,0,0,2,0,found
和平与发展,175,政治学,CSSCI,2017,6,2017年第6期,True,False,0,0,0,0,0,0,not_found_in_public_sources
和平与发展,175,政治学,CSSCI,2018,1,2018年第1期,True,False,0,0,0,0,0,0,not_found_in_public_sources
和平与发展,175,政治学,CSSCI,2018,2,2018年第2期,True,False,0,0,0,0,0,0,not_found_in_public_sources
和平与发展,175,政治学,CSSCI,2018,3,2018年第3期,True,False,0,0,0,0,0,0,not_found_in_public_sources
和平与发展,175,政治学,CSSCI,2018,4,2018年第4期,True,False,0,0,0,0,0,0,not_found_in_public_sources
和平与发展,175,政治学,CSSCI,2018,5,2018年第5期,True,False,0,0,0,0,0,0,not_found_in_public_sources
和平与发展,175,政治学,CSSCI,2018,6,2018年第6期,True,False,0,0,0,0,0,0,not_found_in_public_sources
和平与发展,175,政治学,CSSCI,2019,1,2019年第1期,True,False,0,0,0,0,0,0,not_found_in_public_sources
和平与发展,175,政治学,CSSCI,2019,2,2019年第2期,True,False,0,0,0,0,0,0,not_found_in_public_sources
和平与发展,175,政治学,CSSCI,2019,3,2019年第3期,True,False,0,0,0,0,0,0,not_found_in_public_sources
和平与发展,175,政治学,CSSCI,2019,4,2019年第4期,True,False,0,0,0,0,0,0,not_found_in_public_sources
和平与发展,175,政治学,CSSCI,2019,5,2019年第5期,True,False,0,0,0,0,0,0,not_found_in_public_sources
和平与发展,175,政治学,CSSCI,2019,6,2019年第6期,True,False,0,0,0,0,0,0,not_found_in_public_sources
和平与发展,175,政治学,CSSCI,2020,1,2020年第1期,True,False,0,0,0,0,0,0,not_found_in_public_sources
和平与发展,175,政治学,CSSCI,2020,2,2020年第2期,True,False,0,0,0,0,0,0,not_found_in_public_sources
和平与发展,175,政治学,CSSCI,2020,3,2020年第3期,True,False,0,0,0,0,0,0,not_found_in_public_sources
和平与发展,175,政治学,CSSCI,2020,4,2020年第4期,True,True,1,1,0,0,1,0,found
和平与发展,175,政治学,CSSCI,2020,5,2020年第5期,True,False,0,0,0,0,0,0,not_found_in_public_sources
和平与发展,175,政治学,CSSCI,2020,6,2020年第6期,True,False,0,0,0,0,0,0,not_found_in_public_sources
和平与发展,175,政治学,CSSCI,2021,1,2021年第1期,True,False,0,0,0,0,0,0,not_found_in_public_sources
和平与发展,175,政治学,CSSCI,2021,2,2021年第2期,True,False,0,0,0,0,0,0,not_found_in_public_sources
和平与发展,175,政治学,CSSCI,2021,3,2021年第3期,True,False,0,0,0,0,0,0,not_found_in_public_sources
和平与发展,175,政治学,CSSCI,2021,4,2021年第4期,True,False,0,0,0,0,0,0,not_found_in_public_sources
和平与发展,175,政治学,CSSCI,2021,5,2021年第5期,True,False,0,0,0,0,0,0,not_found_in_public_sources
和平与发展,175,政治学,CSSCI,2021,6,2021年第6期,True,False,0,0,0,0,0,0,not_found_in_public_sources
和平与发展,175,政治学,CSSCI,2022,1,2022年第1期,True,False,0,0,0,0,0,0,not_found_in_public_sources
和平与发展,175,政治学,CSSCI,2022,2,2022年第2期,True,False,0,0,0,0,0,0,not_found_in_public_sources
和平与发展,175,政治学,CSSCI,2022,3,2022年第3期,True,False,0,0,0,0,0,0,not_found_in_public_sources
和平与发展,175,政治学,CSSCI,2022,4,2022年第4期,True,False,0,0,0,0,0,0,not_found_in_public_sources
和平与发展,175,政治学,CSSCI,2022,5,2022年第5期,True,False,0,0,0,0,0,0,not_found_in_public_sources
和平与发展,175,政治学,CSSCI,2022,6,2022年第6期,True,False,0,0,0,0,0,0,not_found_in_public_sources
和平与发展,175,政治学,CSSCI,2023,1,2023年第1期,True,False,0,0,0,0,0,0,not_found_in_public_sources
和平与发展,175,政治学,CSSCI,2023,2,2023年第2期,True,False,0,0,0,0,0,0,not_found_in_public_sources
和平与发展,175,政治学,CSSCI,2023,3,2023年第3期,True,False,0,0,0,0,0,0,not_found_in_public_sources
和平与发展,175,政治学,CSSCI,2023,4,2023年第4期,True,False,0,0,0,0,0,0,not_found_in_public_sources
和平与发展,175,政治学,CSSCI,2023,5,2023年第5期,True,False,0,0,0,0,0,0,not_found_in_public_sources
和平与发展,175,政治学,CSSCI,2023,6,2023年第6期,True,False,0,0,0,0,0,0,not_found_in_public_sources
和平与发展,175,政治学,CSSCI,2024,1,2024年第1期,True,False,0,0,0,0,0,0,not_found_in_public_sources
和平与发展,175,政治学,CSSCI,2024,2,2024年第2期,True,False,0,0,0,0,0,0,not_found_in_public_sources
和平与发展,175,政治学,CSSCI,2024,3,2024年第3期,True,False,0,0,0,0,0,0,not_found_in_public_sources
和平与发展,175,政治学,CSSCI,2024,4,2024年第4期,True,False,0,0,0,0,0,0,not_found_in_public_sources
和平与发展,175,政治学,CSSCI,2024,5,2024年第5期,True,False,0,0,0,0,0,0,not_found_in_public_sources
和平与发展,175,政治学,CSSCI,2024,6,2024年第6期,True,False,0,0,0,0,0,0,not_found_in_public_sources
和平与发展,175,政治学,CSSCI,2025,1,2025年第1期,True,False,0,0,0,0,0,0,not_found_in_public_sources
和平与发展,175,政治学,CSSCI,2025,2,2025年第2期,True,False,0,0,0,0,0,0,not_found_in_public_sources
和平与发展,175,政治学,CSSCI,2025,3,2025年第3期,True,False,0,0,0,0,0,0,not_found_in_public_sources
和平与发展,175,政治学,CSSCI,2025,4,2025年第4期,True,False,0,0,0,0,0,0,not_found_in_public_sources
和平与发展,175,政治学,CSSCI,2025,5,2025年第5期,True,False,0,0,0,0,0,0,not_found_in_public_sources
和平与发展,175,政治学,CSSCI,2025,6,2025年第6期,True,False,0,0,0,0,0,0,not_found_in_public_sources
中国评论,176,政治学,CSSCI,2003,1,2003年第1期,True,True,14,14,0,0,14,0,found
中国评论,176,政治学,CSSCI,2003,2,2003年第2期,True,True,11,11,0,0,11,0,found
中国评论,176,政治学,CSSCI,2003,3,2003年第3期,True,True,14,14,0,0,14,0,found
中国评论,176,政治学,CSSCI,2003,4,2003年第4期,True,True,12,12,0,0,12,0,found
中国评论,176,政治学,CSSCI,2003,5,2003年第5期,True,True,9,9,0,0,9,0,found
中国评论,176,政治学,CSSCI,2003,6,2003年第6期,True,False,0,0,0,0,0,0,not_found_in_public_sources
中国评论,176,政治学,CSSCI,2003,7,2003年第7期,True,False,0,0,0,0,0,0,not_found_in_public_sources
中国评论,176,政治学,CSSCI,2003,8,2003年第8期,True,False,0,0,0,0,0,0,not_found_in_public_sources
中国评论,176,政治学,CSSCI,2003,9,2003年第9期,True,False,0,0,0,0,0,0,not_found_in_public_sources
中国评论,176,政治学,CSSCI,2003,10,2003年第10期,True,False,0,0,0,0,0,0,not_found_in_public_sources
中国评论,176,政治学,CSSCI,2003,11,2003年第11期,True,False,0,0,0,0,0,0,not_found_in_public_sources
中国评论,176,政治学,CSSCI,2003,12,2003年第12期,True,False,0,0,0,0,0,0,not_found_in_public_sources
中国评论,176,政治学,CSSCI,2004,1,2004年第1期,True,True,15,15,0,0,15,0,found
中国评论,176,政治学,CSSCI,2004,2,2004年第2期,True,True,13,13,0,0,13,0,found
中国评论,176,政治学,CSSCI,2004,3,2004年第3期,True,True,12,12,0,0,12,0,found
中国评论,176,政治学,CSSCI,2004,4,2004年第4期,True,False,0,0,0,0,0,0,not_found_in_public_sources
中国评论,176,政治学,CSSCI,2004,5,2004年第5期,True,False,0,0,0,0,0,0,not_found_in_public_sources
中国评论,176,政治学,CSSCI,2004,6,2004年第6期,True,True,15,15,0,0,15,0,found
中国评论,176,政治学,CSSCI,2004,7,2004年第7期,True,True,13,13,0,0,13,0,found
中国评论,176,政治学,CSSCI,2004,8,2004年第8期,True,True,17,17,0,0,17,0,found
中国评论,176,政治学,CSSCI,2004,9,2004年第9期,True,True,14,14,0,0,14,0,found
中国评论,176,政治学,CSSCI,2004,10,2004年第10期,True,True,14,14,0,0,14,0,found
中国评论,176,政治学,CSSCI,2004,11,2004年第11期,True,True,14,14,0,0,14,0,found
中国评论,176,政治学,CSSCI,2004,12,2004年第12期,True,False,0,0,0,0,0,0,not_found_in_public_sources
中国评论,176,政治学,CSSCI,2005,1,2005年第1期,True,True,17,17,0,0,17,0,found
中国评论,176,政治学,CSSCI,2005,2,2005年第2期,True,True,16,16,0,0,16,0,found
中国评论,176,政治学,CSSCI,2005,3,2005年第3期,True,True,18,18,0,0,18,0,found
中国评论,176,政治学,CSSCI,2005,4,2005年第4期,True,True,18,18,0,0,18,0,found
中国评论,176,政治学,CSSCI,2005,5,2005年第5期,True,True,17,17,0,0,17,0,found
中国评论,176,政治学,CSSCI,2005,6,2005年第6期,True,True,17,17,0,0,17,0,found
中国评论,176,政治学,CSSCI,2005,7,2005年第7期,True,True,14,14,0,0,14,0,found
中国评论,176,政治学,CSSCI,2005,8,2005年第8期,True,True,14,14,0,0,14,0,found
中国评论,176,政治学,CSSCI,2005,9,2005年第9期,True,True,15,15,0,0,15,0,found
中国评论,176,政治学,CSSCI,2005,10,2005年第10期,True,True,15,15,0,0,15,0,found
中国评论,176,政治学,CSSCI,2005,11,2005年第11期,True,False,0,0,0,0,0,0,not_found_in_public_sources
中国评论,176,政治学,CSSCI,2005,12,2005年第12期,True,False,0,0,0,0,0,0,not_found_in_public_sources
中国评论,176,政治学,CSSCI,2006,1,2006年第1期,True,True,22,22,0,0,22,0,found
中国评论,176,政治学,CSSCI,2006,2,2006年第2期,True,True,15,15,0,0,15,0,found
中国评论,176,政治学,CSSCI,2006,3,2006年第3期,True,True,12,12,0,0,12,0,found
中国评论,176,政治学,CSSCI,2006,4,2006年第4期,True,True,11,11,0,0,11,0,found
中国评论,176,政治学,CSSCI,2006,5,2006年第5期,True,True,10,10,0,0,10,0,found
中国评论,176,政治学,CSSCI,2006,6,2006年第6期,True,True,11,11,0,0,11,0,found
中国评论,176,政治学,CSSCI,2006,7,2006年第7期,True,True,8,8,0,0,8,0,found
中国评论,176,政治学,CSSCI,2006,8,2006年第8期,True,False,0,0,0,0,0,0,not_found_in_public_sources
中国评论,176,政治学,CSSCI,2006,9,2006年第9期,True,False,0,0,0,0,0,0,not_found_in_public_sources
中国评论,176,政治学,CSSCI,2006,10,2006年第10期,True,False,0,0,0,0,0,0,not_found_in_public_sources
中国评论,176,政治学,CSSCI,2006,11,2006年第11期,True,False,0,0,0,0,0,0,not_found_in_public_sources
中国评论,176,政治学,CSSCI,2006,12,2006年第12期,True,False,0,0,0,0,0,0,not_found_in_public_sources
中国评论,176,政治学,CSSCI,2007,1,2007年第1期,True,True,10,10,0,0,10,0,found
中国评论,176,政治学,CSSCI,2007,2,2007年第2期,True,True,1,1,0,0,1,0,found
中国评论,176,政治学,CSSCI,2007,3,2007年第3期,True,True,1,1,0,0,1,0,found
中国评论,176,政治学,CSSCI,2007,4,2007年第4期,True,True,5,5,0,0,5,0,found
中国评论,176,政治学,CSSCI,2007,5,2007年第5期,True,False,0,0,0,0,0,0,not_found_in_public_sources
中国评论,176,政治学,CSSCI,2007,6,2007年第6期,True,True,2,2,0,0,2,0,found
中国评论,176,政治学,CSSCI,2007,7,2007年第7期,True,False,0,0,0,0,0,0,not_found_in_public_sources
中国评论,176,政治学,CSSCI,2007,8,2007年第8期,True,False,0,0,0,0,0,0,not_found_in_public_sources
中国评论,176,政治学,CSSCI,2007,9,2007年第9期,True,False,0,0,0,0,0,0,not_found_in_public_sources
中国评论,176,政治学,CSSCI,2007,10,2007年第10期,True,False,0,0,0,0,0,0,not_found_in_public_sources
中国评论,176,政治学,CSSCI,2007,11,2007年第11期,True,False,0,0,0,0,0,0,not_found_in_public_sources
中国评论,176,政治学,CSSCI,2007,12,2007年第12期,True,False,0,0,0,0,0,0,not_found_in_public_sources
中国评论,176,政治学,CSSCI,2008,1,2008年第1期,True,True,2,2,0,0,2,0,found
中国评论,176,政治学,CSSCI,2008,2,2008年第2期,True,False,0,0,0,0,0,0,not_found_in_public_sources
中国评论,176,政治学,CSSCI,2008,3,2008年第3期,True,False,0,0,0,0,0,0,not_found_in_public_sources
中国评论,176,政治学,CSSCI,2008,4,2008年第4期,True,False,0,0,0,0,0,0,not_found_in_public_sources
中国评论,176,政治学,CSSCI,2008,5,2008年第5期,True,False,0,0,0,0,0,0,not_found_in_public_sources
中国评论,176,政治学,CSSCI,2008,6,2008年第6期,True,False,0,0,0,0,0,0,not_found_in_public_sources
中国评论,176,政治学,CSSCI,2008,7,2008年第7期,True,False,0,0,0,0,0,0,not_found_in_public_sources
中国评论,176,政治学,CSSCI,2008,8,2008年第8期,True,False,0,0,0,0,0,0,not_found_in_public_sources
中国评论,176,政治学,CSSCI,2008,9,2008年第9期,True,True,1,1,0,0,1,0,found
中国评论,176,政治学,CSSCI,2008,10,2008年第10期,True,False,0,0,0,0,0,0,not_found_in_public_sources
中国评论,176,政治学,CSSCI,2008,11,2008年第11期,True,False,0,0,0,0,0,0,not_found_in_public_sources
中国评论,176,政治学,CSSCI,2008,12,2008年第12期,True,False,0,0,0,0,0,0,not_found_in_public_sources
中国评论,176,政治学,CSSCI,2009,1,2009年第1期,True,True,1,1,0,0,1,0,found
中国评论,176,政治学,CSSCI,2009,2,2009年第2期,True,True,3,3,0,0,3,0,found
中国评论,176,政治学,CSSCI,2009,3,2009年第3期,True,True,3,3,0,0,3,0,found
中国评论,176,政治学,CSSCI,2009,4,2009年第4期,True,False,0,0,0,0,0,0,not_found_in_public_sources
中国评论,176,政治学,CSSCI,2009,5,2009年第5期,True,False,0,0,0,0,0,0,not_found_in_public_sources
中国评论,176,政治学,CSSCI,2009,6,2009年第6期,True,False,0,0,0,0,0,0,not_found_in_public_sources
中国评论,176,政治学,CSSCI,2009,7,2009年第7期,True,True,1,1,0,0,1,0,found
中国评论,176,政治学,CSSCI,2009,8,2009年第8期,True,True,2,2,0,0,2,0,found
中国评论,176,政治学,CSSCI,2009,9,2009年第9期,True,True,1,1,0,0,1,0,found
中国评论,176,政治学,CSSCI,2009,10,2009年第10期,True,True,5,5,0,0,5,0,found
中国评论,176,政治学,CSSCI,2009,11,2009年第11期,True,False,0,0,0,0,0,0,not_found_in_public_sources
中国评论,176,政治学,CSSCI,2009,12,2009年第12期,True,True,3,3,0,0,3,0,found
中国评论,176,政治学,CSSCI,2010,1,2010年第1期,True,True,1,1,0,0,1,0,found
中国评论,176,政治学,CSSCI,2010,2,2010年第2期,True,True,7,7,0,0,7,0,found
中国评论,176,政治学,CSSCI,2010,3,2010年第3期,True,True,4,4,0,0,4,0,found
中国评论,176,政治学,CSSCI,2010,4,2010年第4期,True,True,2,2,0,0,2,0,found
中国评论,176,政治学,CSSCI,2010,5,2010年第5期,True,True,5,5,0,0,5,0,found
中国评论,176,政治学,CSSCI,2010,6,2010年第6期,True,True,8,8,0,0,8,0,found
中国评论,176,政治学,CSSCI,2010,7,2010年第7期,True,False,0,0,0,0,0,0,not_found_in_public_sources
中国评论,176,政治学,CSSCI,2010,8,2010年第8期,True,True,1,1,0,0,1,0,found
中国评论,176,政治学,CSSCI,2010,9,2010年第9期,True,True,1,1,0,0,1,0,found
中国评论,176,政治学,CSSCI,2010,10,2010年第10期,True,True,1,1,0,0,1,0,found
中国评论,176,政治学,CSSCI,2010,11,2010年第11期,True,True,2,2,0,0,2,0,found
中国评论,176,政治学,CSSCI,2010,12,2010年第12期,True,False,0,0,0,0,0,0,not_found_in_public_sources
中国评论,176,政治学,CSSCI,2011,1,2011年第1期,True,True,3,3,0,0,3,0,found
中国评论,176,政治学,CSSCI,2011,2,2011年第2期,True,True,2,2,0,0,2,0,found
中国评论,176,政治学,CSSCI,2011,3,2011年第3期,True,True,1,1,0,0,1,0,found
中国评论,176,政治学,CSSCI,2011,4,2011年第4期,True,True,1,1,0,0,1,0,found
中国评论,176,政治学,CSSCI,2011,5,2011年第5期,True,True,1,1,0,0,1,0,found
中国评论,176,政治学,CSSCI,2011,6,2011年第6期,True,True,1,1,0,0,1,0,found
中国评论,176,政治学,CSSCI,2011,7,2011年第7期,True,True,1,1,0,0,1,0,found
中国评论,176,政治学,CSSCI,2011,8,2011年第8期,True,True,2,2,0,0,2,0,found
中国评论,176,政治学,CSSCI,2011,9,2011年第9期,True,True,3,3,0,0,3,0,found
中国评论,176,政治学,CSSCI,2011,10,2011年第10期,True,True,6,6,0,0,6,0,found
中国评论,176,政治学,CSSCI,2011,11,2011年第11期,True,True,6,6,0,0,6,0,found
中国评论,176,政治学,CSSCI,2011,12,2011年第12期,True,False,0,0,0,0,0,0,not_found_in_public_sources
中国评论,176,政治学,CSSCI,2012,1,2012年第1期,True,True,5,5,0,0,5,0,found
中国评论,176,政治学,CSSCI,2012,2,2012年第2期,True,True,3,3,0,0,3,0,found
中国评论,176,政治学,CSSCI,2012,3,2012年第3期,True,True,5,5,0,0,5,0,found
中国评论,176,政治学,CSSCI,2012,4,2012年第4期,True,True,1,1,0,0,1,0,found
中国评论,176,政治学,CSSCI,2012,5,2012年第5期,True,True,3,3,0,0,3,0,found
中国评论,176,政治学,CSSCI,2012,6,2012年第6期,True,True,4,4,0,0,4,0,found
中国评论,176,政治学,CSSCI,2012,7,2012年第7期,True,False,0,0,0,0,0,0,not_found_in_public_sources
中国评论,176,政治学,CSSCI,2012,8,2012年第8期,True,True,2,2,0,0,2,0,found
中国评论,176,政治学,CSSCI,2012,9,2012年第9期,True,True,3,3,0,0,3,0,found
中国评论,176,政治学,CSSCI,2012,10,2012年第10期,True,True,3,3,0,0,3,0,found
中国评论,176,政治学,CSSCI,2012,11,2012年第11期,True,True,3,3,0,0,3,0,found
中国评论,176,政治学,CSSCI,2012,12,2012年第12期,True,True,4,4,0,0,4,0,found
中国评论,176,政治学,CSSCI,2013,1,2013年第1期,True,True,3,3,0,0,3,0,found
中国评论,176,政治学,CSSCI,2013,2,2013年第2期,True,True,2,2,0,0,2,0,found
中国评论,176,政治学,CSSCI,2013,3,2013年第3期,True,True,2,2,0,0,2,0,found
中国评论,176,政治学,CSSCI,2013,4,2013年第4期,True,True,4,4,0,0,4,0,found
中国评论,176,政治学,CSSCI,2013,5,2013年第5期,True,True,4,4,0,0,4,0,found
中国评论,176,政治学,CSSCI,2013,6,2013年第6期,True,True,3,3,0,0,3,0,found
中国评论,176,政治学,CSSCI,2013,7,2013年第7期,True,True,3,3,0,0,3,0,found
中国评论,176,政治学,CSSCI,2013,8,2013年第8期,True,True,1,1,0,0,1,0,found
中国评论,176,政治学,CSSCI,2013,9,2013年第9期,True,True,1,1,0,0,1,0,found
中国评论,176,政治学,CSSCI,2013,10,2013年第10期,True,True,2,2,0,0,2,0,found
中国评论,176,政治学,CSSCI,2013,11,2013年第11期,True,False,0,0,0,0,0,0,not_found_in_public_sources
中国评论,176,政治学,CSSCI,2013,12,2013年第12期,True,True,2,2,0,0,2,0,found
中国评论,176,政治学,CSSCI,2014,1,2014年第1期,True,True,1,1,0,0,1,0,found
中国评论,176,政治学,CSSCI,2014,2,2014年第2期,True,True,1,1,0,0,1,0,found
中国评论,176,政治学,CSSCI,2014,3,2014年第3期,True,True,1,1,0,0,1,0,found
中国评论,176,政治学,CSSCI,2014,4,2014年第4期,True,True,2,2,0,0,2,0,found
中国评论,176,政治学,CSSCI,2014,5,2014年第5期,True,True,2,2,0,0,2,0,found
中国评论,176,政治学,CSSCI,2014,6,2014年第6期,True,True,4,4,0,0,4,0,found
中国评论,176,政治学,CSSCI,2014,7,2014年第7期,True,True,2,2,0,0,2,0,found
中国评论,176,政治学,CSSCI,2014,8,2014年第8期,True,False,0,0,0,0,0,0,not_found_in_public_sources
中国评论,176,政治学,CSSCI,2014,9,2014年第9期,True,False,0,0,0,0,0,0,not_found_in_public_sources
中国评论,176,政治学,CSSCI,2014,10,2014年第10期,True,False,0,0,0,0,0,0,not_found_in_public_sources
中国评论,176,政治学,CSSCI,2014,11,2014年第11期,True,True,2,2,0,0,2,0,found
中国评论,176,政治学,CSSCI,2014,12,2014年第12期,True,True,1,1,0,0,1,0,found
中国评论,176,政治学,CSSCI,2015,1,2015年第1期,True,True,2,2,0,0,2,0,found
中国评论,176,政治学,CSSCI,2015,2,2015年第2期,True,True,2,2,0,0,2,0,found
中国评论,176,政治学,CSSCI,2015,3,2015年第3期,True,True,5,5,0,0,5,0,found
中国评论,176,政治学,CSSCI,2015,4,2015年第4期,True,True,5,5,0,0,5,0,found
中国评论,176,政治学,CSSCI,2015,5,2015年第5期,True,True,5,5,0,0,5,0,found
中国评论,176,政治学,CSSCI,2015,6,2015年第6期,True,True,3,3,0,0,3,0,found
中国评论,176,政治学,CSSCI,2015,7,2015年第7期,True,True,4,4,0,0,4,0,found
中国评论,176,政治学,CSSCI,2015,8,2015年第8期,True,True,4,4,0,0,4,0,found
中国评论,176,政治学,CSSCI,2015,9,2015年第9期,True,True,5,5,0,0,5,0,found
中国评论,176,政治学,CSSCI,2015,10,2015年第10期,True,True,4,4,0,0,4,0,found
中国评论,176,政治学,CSSCI,2015,11,2015年第11期,True,True,4,4,0,0,4,0,found
中国评论,176,政治学,CSSCI,2015,12,2015年第12期,True,True,4,4,0,0,4,0,found
中国评论,176,政治学,CSSCI,2016,1,2016年第1期,True,True,5,5,0,0,5,0,found
中国评论,176,政治学,CSSCI,2016,2,2016年第2期,True,True,4,4,0,0,4,0,found
中国评论,176,政治学,CSSCI,2016,3,2016年第3期,True,True,6,6,0,0,6,0,found
中国评论,176,政治学,CSSCI,2016,4,2016年第4期,True,False,0,0,0,0,0,0,not_found_in_public_sources
中国评论,176,政治学,CSSCI,2016,5,2016年第5期,True,True,4,4,0,0,4,0,found
中国评论,176,政治学,CSSCI,2016,6,2016年第6期,True,False,0,0,0,0,0,0,not_found_in_public_sources
中国评论,176,政治学,CSSCI,2016,7,2016年第7期,True,False,0,0,0,0,0,0,not_found_in_public_sources
中国评论,176,政治学,CSSCI,2016,8,2016年第8期,True,False,0,0,0,0,0,0,not_found_in_public_sources
中国评论,176,政治学,CSSCI,2016,9,2016年第9期,True,False,0,0,0,0,0,0,not_found_in_public_sources
中国评论,176,政治学,CSSCI,2016,10,2016年第10期,True,False,0,0,0,0,0,0,not_found_in_public_sources
中国评论,176,政治学,CSSCI,2016,11,2016年第11期,True,False,0,0,0,0,0,0,not_found_in_public_sources
中国评论,176,政治学,CSSCI,2016,12,2016年第12期,True,False,0,0,0,0,0,0,not_found_in_public_sources
中国评论,176,政治学,CSSCI,2017,1,2017年第1期,True,False,0,0,0,0,0,0,not_found_in_public_sources
中国评论,176,政治学,CSSCI,2017,2,2017年第2期,True,False,0,0,0,0,0,0,not_found_in_public_sources
中国评论,176,政治学,CSSCI,2017,3,2017年第3期,True,False,0,0,0,0,0,0,not_found_in_public_sources
中国评论,176,政治学,CSSCI,2017,4,2017年第4期,True,True,2,2,0,0,2,0,found
中国评论,176,政治学,CSSCI,2017,5,2017年第5期,True,True,2,2,0,0,2,0,found
中国评论,176,政治学,CSSCI,2017,6,2017年第6期,True,False,0,0,0,0,0,0,not_found_in_public_sources
中国评论,176,政治学,CSSCI,2017,7,2017年第7期,True,False,0,0,0,0,0,0,not_found_in_public_sources
中国评论,176,政治学,CSSCI,2017,8,2017年第8期,True,False,0,0,0,0,0,0,not_found_in_public_sources
中国评论,176,政治学,CSSCI,2017,9,2017年第9期,True,False,0,0,0,0,0,0,not_found_in_public_sources
中国评论,176,政治学,CSSCI,2017,10,2017年第10期,True,False,0,0,0,0,0,0,not_found_in_public_sources
中国评论,176,政治学,CSSCI,2017,11,2017年第11期,True,False,0,0,0,0,0,0,not_found_in_public_sources
中国评论,176,政治学,CSSCI,2017,12,2017年第12期,True,False,0,0,0,0,0,0,not_found_in_public_sources
中国评论,176,政治学,CSSCI,2018,1,2018年第1期,True,False,0,0,0,0,0,0,not_found_in_public_sources
中国评论,176,政治学,CSSCI,2018,2,2018年第2期,True,True,1,1,0,0,1,0,found
中国评论,176,政治学,CSSCI,2018,3,2018年第3期,True,False,0,0,0,0,0,0,not_found_in_public_sources
中国评论,176,政治学,CSSCI,2018,4,2018年第4期,True,False,0,0,0,0,0,0,not_found_in_public_sources
中国评论,176,政治学,CSSCI,2018,5,2018年第5期,True,False,0,0,0,0,0,0,not_found_in_public_sources
中国评论,176,政治学,CSSCI,2018,6,2018年第6期,True,False,0,0,0,0,0,0,not_found_in_public_sources
中国评论,176,政治学,CSSCI,2018,7,2018年第7期,True,False,0,0,0,0,0,0,not_found_in_public_sources
中国评论,176,政治学,CSSCI,2018,8,2018年第8期,True,False,0,0,0,0,0,0,not_found_in_public_sources
中国评论,176,政治学,CSSCI,2018,9,2018年第9期,True,False,0,0,0,0,0,0,not_found_in_public_sources
中国评论,176,政治学,CSSCI,2018,10,2018年第10期,True,False,0,0,0,0,0,0,not_found_in_public_sources
中国评论,176,政治学,CSSCI,2018,11,2018年第11期,True,False,0,0,0,0,0,0,not_found_in_public_sources
中国评论,176,政治学,CSSCI,2018,12,2018年第12期,True,False,0,0,0,0,0,0,not_found_in_public_sources
中国评论,176,政治学,CSSCI,2019,1,2019年第1期,True,False,0,0,0,0,0,0,not_found_in_public_sources
中国评论,176,政治学,CSSCI,2019,2,2019年第2期,True,False,0,0,0,0,0,0,not_found_in_public_sources
中国评论,176,政治学,CSSCI,2019,3,2019年第3期,True,False,0,0,0,0,0,0,not_found_in_public_sources
中国评论,176,政治学,CSSCI,2019,4,2019年第4期,True,False,0,0,0,0,0,0,not_found_in_public_sources
中国评论,176,政治学,CSSCI,2019,5,2019年第5期,True,False,0,0,0,0,0,0,not_found_in_public_sources
中国评论,176,政治学,CSSCI,2019,6,2019年第6期,True,False,0,0,0,0,0,0,not_found_in_public_sources
中国评论,176,政治学,CSSCI,2019,7,2019年第7期,True,False,0,0,0,0,0,0,not_found_in_public_sources
中国评论,176,政治学,CSSCI,2019,8,2019年第8期,True,False,0,0,0,0,0,0,not_found_in_public_sources
中国评论,176,政治学,CSSCI,2019,9,2019年第9期,True,False,0,0,0,0,0,0,not_found_in_public_sources
中国评论,176,政治学,CSSCI,2019,10,2019年第10期,True,False,0,0,0,0,0,0,not_found_in_public_sources
中国评论,176,政治学,CSSCI,2019,11,2019年第11期,True,False,0,0,0,0,0,0,not_found_in_public_sources
中国评论,176,政治学,CSSCI,2019,12,2019年第12期,True,False,0,0,0,0,0,0,not_found_in_public_sources
中国评论,176,政治学,CSSCI,2020,1,2020年第1期,True,False,0,0,0,0,0,0,not_found_in_public_sources
中国评论,176,政治学,CSSCI,2020,2,2020年第2期,True,False,0,0,0,0,0,0,not_found_in_public_sources
中国评论,176,政治学,CSSCI,2020,3,2020年第3期,True,False,0,0,0,0,0,0,not_found_in_public_sources
中国评论,176,政治学,CSSCI,2020,4,2020年第4期,True,False,0,0,0,0,0,0,not_found_in_public_sources
中国评论,176,政治学,CSSCI,2020,5,2020年第5期,True,False,0,0,0,0,0,0,not_found_in_public_sources
中国评论,176,政治学,CSSCI,2020,6,2020年第6期,True,False,0,0,0,0,0,0,not_found_in_public_sources
中国评论,176,政治学,CSSCI,2020,7,2020年第7期,True,False,0,0,0,0,0,0,not_found_in_public_sources
中国评论,176,政治学,CSSCI,2020,8,2020年第8期,True,False,0,0,0,0,0,0,not_found_in_public_sources
中国评论,176,政治学,CSSCI,2020,9,2020年第9期,True,False,0,0,0,0,0,0,not_found_in_public_sources
中国评论,176,政治学,CSSCI,2020,10,2020年第10期,True,False,0,0,0,0,0,0,not_found_in_public_sources
中国评论,176,政治学,CSSCI,2020,11,2020年第11期,True,False,0,0,0,0,0,0,not_found_in_public_sources
中国评论,176,政治学,CSSCI,2020,12,2020年第12期,True,False,0,0,0,0,0,0,not_found_in_public_sources
中国评论,176,政治学,CSSCI,2021,1,2021年第1期,True,False,0,0,0,0,0,0,not_found_in_public_sources
中国评论,176,政治学,CSSCI,2021,2,2021年第2期,True,False,0,0,0,0,0,0,not_found_in_public_sources
中国评论,176,政治学,CSSCI,2021,3,2021年第3期,True,False,0,0,0,0,0,0,not_found_in_public_sources
中国评论,176,政治学,CSSCI,2021,4,2021年第4期,True,False,0,0,0,0,0,0,not_found_in_public_sources
中国评论,176,政治学,CSSCI,2021,5,2021年第5期,True,False,0,0,0,0,0,0,not_found_in_public_sources
中国评论,176,政治学,CSSCI,2021,6,2021年第6期,True,False,0,0,0,0,0,0,not_found_in_public_sources
中国评论,176,政治学,CSSCI,2021,7,2021年第7期,True,False,0,0,0,0,0,0,not_found_in_public_sources
中国评论,176,政治学,CSSCI,2021,8,2021年第8期,True,False,0,0,0,0,0,0,not_found_in_public_sources
中国评论,176,政治学,CSSCI,2021,9,2021年第9期,True,False,0,0,0,0,0,0,not_found_in_public_sources
中国评论,176,政治学,CSSCI,2021,10,2021年第10期,True,False,0,0,0,0,0,0,not_found_in_public_sources
中国评论,176,政治学,CSSCI,2021,11,2021年第11期,True,False,0,0,0,0,0,0,not_found_in_public_sources
中国评论,176,政治学,CSSCI,2021,12,2021年第12期,True,False,0,0,0,0,0,0,not_found_in_public_sources
中国评论,176,政治学,CSSCI,2022,1,2022年第1期,True,False,0,0,0,0,0,0,not_found_in_public_sources
中国评论,176,政治学,CSSCI,2022,2,2022年第2期,True,False,0,0,0,0,0,0,not_found_in_public_sources
中国评论,176,政治学,CSSCI,2022,3,2022年第3期,True,False,0,0,0,0,0,0,not_found_in_public_sources
中国评论,176,政治学,CSSCI,2022,4,2022年第4期,True,False,0,0,0,0,0,0,not_found_in_public_sources
中国评论,176,政治学,CSSCI,2022,5,2022年第5期,True,False,0,0,0,0,0,0,not_found_in_public_sources
中国评论,176,政治学,CSSCI,2022,6,2022年第6期,True,False,0,0,0,0,0,0,not_found_in_public_sources
中国评论,176,政治学,CSSCI,2022,7,2022年第7期,True,False,0,0,0,0,0,0,not_found_in_public_sources
中国评论,176,政治学,CSSCI,2022,8,2022年第8期,True,False,0,0,0,0,0,0,not_found_in_public_sources
中国评论,176,政治学,CSSCI,2022,9,2022年第9期,True,False,0,0,0,0,0,0,not_found_in_public_sources
中国评论,176,政治学,CSSCI,2022,10,2022年第10期,True,False,0,0,0,0,0,0,not_found_in_public_sources
中国评论,176,政治学,CSSCI,2022,11,2022年第11期,True,False,0,0,0,0,0,0,not_found_in_public_sources
中国评论,176,政治学,CSSCI,2022,12,2022年第12期,True,False,0,0,0,0,0,0,not_found_in_public_sources
中国评论,176,政治学,CSSCI,2023,1,2023年第1期,True,False,0,0,0,0,0,0,not_found_in_public_sources
中国评论,176,政治学,CSSCI,2023,2,2023年第2期,True,False,0,0,0,0,0,0,not_found_in_public_sources
中国评论,176,政治学,CSSCI,2023,3,2023年第3期,True,False,0,0,0,0,0,0,not_found_in_public_sources
中国评论,176,政治学,CSSCI,2023,4,2023年第4期,True,False,0,0,0,0,0,0,not_found_in_public_sources
中国评论,176,政治学,CSSCI,2023,5,2023年第5期,True,False,0,0,0,0,0,0,not_found_in_public_sources
中国评论,176,政治学,CSSCI,2023,6,2023年第6期,True,False,0,0,0,0,0,0,not_found_in_public_sources
中国评论,176,政治学,CSSCI,2023,7,2023年第7期,True,False,0,0,0,0,0,0,not_found_in_public_sources
中国评论,176,政治学,CSSCI,2023,8,2023年第8期,True,False,0,0,0,0,0,0,not_found_in_public_sources
中国评论,176,政治学,CSSCI,2023,9,2023年第9期,True,False,0,0,0,0,0,0,not_found_in_public_sources
中国评论,176,政治学,CSSCI,2023,10,2023年第10期,True,False,0,0,0,0,0,0,not_found_in_public_sources
中国评论,176,政治学,CSSCI,2023,11,2023年第11期,True,False,0,0,0,0,0,0,not_found_in_public_sources
中国评论,176,政治学,CSSCI,2023,12,2023年第12期,True,False,0,0,0,0,0,0,not_found_in_public_sources
中国评论,176,政治学,CSSCI,2024,1,2024年第1期,True,False,0,0,0,0,0,0,not_found_in_public_sources
中国评论,176,政治学,CSSCI,2024,2,2024年第2期,True,False,0,0,0,0,0,0,not_found_in_public_sources
中国评论,176,政治学,CSSCI,2024,3,2024年第3期,True,False,0,0,0,0,0,0,not_found_in_public_sources
中国评论,176,政治学,CSSCI,2024,4,2024年第4期,True,False,0,0,0,0,0,0,not_found_in_public_sources
中国评论,176,政治学,CSSCI,2024,5,2024年第5期,True,False,0,0,0,0,0,0,not_found_in_public_sources
中国评论,176,政治学,CSSCI,2024,6,2024年第6期,True,False,0,0,0,0,0,0,not_found_in_public_sources
中国评论,176,政治学,CSSCI,2024,7,2024年第7期,True,False,0,0,0,0,0,0,not_found_in_public_sources
中国评论,176,政治学,CSSCI,2024,8,2024年第8期,True,False,0,0,0,0,0,0,not_found_in_public_sources
中国评论,176,政治学,CSSCI,2024,9,2024年第9期,True,False,0,0,0,0,0,0,not_found_in_public_sources
中国评论,176,政治学,CSSCI,2024,10,2024年第10期,True,False,0,0,0,0,0,0,not_found_in_public_sources
中国评论,176,政治学,CSSCI,2024,11,2024年第11期,True,False,0,0,0,0,0,0,not_found_in_public_sources
中国评论,176,政治学,CSSCI,2024,12,2024年第12期,True,False,0,0,0,0,0,0,not_found_in_public_sources
中国评论,176,政治学,CSSCI,2025,1,2025年第1期,True,False,0,0,0,0,0,0,not_found_in_public_sources
中国评论,176,政治学,CSSCI,2025,2,2025年第2期,True,False,0,0,0,0,0,0,not_found_in_public_sources
中国评论,176,政治学,CSSCI,2025,3,2025年第3期,True,False,0,0,0,0,0,0,not_found_in_public_sources
中国评论,176,政治学,CSSCI,2025,4,2025年第4期,True,False,0,0,0,0,0,0,not_found_in_public_sources
中国评论,176,政治学,CSSCI,2025,5,2025年第5期,True,False,0,0,0,0,0,0,not_found_in_public_sources
中国评论,176,政治学,CSSCI,2025,6,2025年第6期,True,False,0,0,0,0,0,0,not_found_in_public_sources
中国评论,176,政治学,CSSCI,2025,7,2025年第7期,True,False,0,0,0,0,0,0,not_found_in_public_sources
中国评论,176,政治学,CSSCI,2025,8,2025年第8期,True,False,0,0,0,0,0,0,not_found_in_public_sources
中国评论,176,政治学,CSSCI,2025,9,2025年第9期,True,False,0,0,0,0,0,0,not_found_in_public_sources
中国评论,176,政治学,CSSCI,2025,10,2025年第10期,True,False,0,0,0,0,0,0,not_found_in_public_sources
中国评论,176,政治学,CSSCI,2025,11,2025年第11期,True,False,0,0,0,0,0,0,not_found_in_public_sources
中国评论,176,政治学,CSSCI,2025,12,2025年第12期,True,False,0,0,0,0,0,0,not_found_in_public_sources
中国评论,176,政治学,CSSCI,2026,,2026年,False,False,0,0,0,0,0,0,2026_no_public_issue_found
人权,177,政治学,CSSCI,2002,1,2002年第1期,True,True,38,38,0,0,38,0,found
人权,177,政治学,CSSCI,2003,1,2003年第1期,True,True,33,33,0,0,33,0,found
人权,177,政治学,CSSCI,2004,1,2004年第1期,True,True,45,45,0,0,45,0,found
人权,177,政治学,CSSCI,2005,1,2005年第1期,True,True,45,45,0,0,45,0,found
人权,177,政治学,CSSCI,2006,1,2006年第1期,True,True,34,34,0,0,34,0,found
人权,177,政治学,CSSCI,2007,1,2007年第1期,True,True,39,39,0,0,39,0,found
人权,177,政治学,CSSCI,2008,1,2008年第1期,True,True,30,30,0,0,30,0,found
人权,177,政治学,CSSCI,2009,1,2009年第1期,True,True,32,32,0,0,32,0,found
人权,177,政治学,CSSCI,2010,1,2010年第1期,True,True,35,35,0,0,35,0,found
人权,177,政治学,CSSCI,2011,1,2011年第1期,True,True,36,36,0,0,36,0,found
人权,177,政治学,CSSCI,2012,1,2012年第1期,True,True,6,6,0,0,6,0,found
人权,177,政治学,CSSCI,2013,1,2013年第1期,True,True,1,1,0,0,1,0,found
人权,177,政治学,CSSCI,2014,1,2014年第1期,True,False,0,0,0,0,0,0,not_found_in_public_sources
人权,177,政治学,CSSCI,2015,1,2015年第1期,True,True,10,10,0,0,10,0,found
人权,177,政治学,CSSCI,2016,1,2016年第1期,True,False,0,0,0,0,0,0,not_found_in_public_sources
人权,177,政治学,CSSCI,2017,1,2017年第1期,True,False,0,0,0,0,0,0,not_found_in_public_sources
人权,177,政治学,CSSCI,2018,1,2018年第1期,True,True,1,1,0,0,1,0,found
人权,177,政治学,CSSCI,2019,1,2019年第1期,True,False,0,0,0,0,0,0,not_found_in_public_sources
人权,177,政治学,CSSCI,2020,1,2020年第1期,True,True,1,1,0,0,1,0,found
人权,177,政治学,CSSCI,2021,1,2021年第1期,True,False,0,0,0,0,0,0,not_found_in_public_sources
人权,177,政治学,CSSCI,2022,1,2022年第1期,True,False,0,0,0,0,0,0,not_found_in_public_sources
人权,177,政治学,CSSCI,2023,1,2023年第1期,True,False,0,0,0,0,0,0,not_found_in_public_sources
人权,177,政治学,CSSCI,2024,1,2024年第1期,True,False,0,0,0,0,0,0,not_found_in_public_sources
人权,177,政治学,CSSCI,2025,1,2025年第1期,True,False,0,0,0,0,0,0,not_found_in_public_sources
人权,177,政治学,CSSCI,2026,,2026年,False,False,0,0,0,0,0,0,2026_no_public_issue_found
北京行政学院学报,178,政治学,CSSCI,2010,1,2010年第1期,True,True,23,0,0,0,0,0,found
北京行政学院学报,178,政治学,CSSCI,2010,2,2010年第2期,True,True,24,0,1,0,0,0,found
北京行政学院学报,178,政治学,CSSCI,2010,3,2010年第3期,True,True,23,0,1,0,0,0,found
北京行政学院学报,178,政治学,CSSCI,2010,4,2010年第4期,True,True,24,0,1,0,0,0,found
北京行政学院学报,178,政治学,CSSCI,2010,5,2010年第5期,True,True,22,0,0,0,0,0,found
北京行政学院学报,178,政治学,CSSCI,2010,6,2010年第6期,True,True,22,0,1,0,1,0,found
北京行政学院学报,178,政治学,CSSCI,2011,1,2011年第1期,True,True,25,0,0,0,0,0,found
北京行政学院学报,178,政治学,CSSCI,2011,2,2011年第2期,True,True,26,0,0,0,0,0,found
北京行政学院学报,178,政治学,CSSCI,2011,3,2011年第3期,True,True,28,0,0,0,0,0,found
北京行政学院学报,178,政治学,CSSCI,2011,4,2011年第4期,True,True,26,0,0,0,0,0,found
北京行政学院学报,178,政治学,CSSCI,2011,5,2011年第5期,True,True,27,0,0,0,0,0,found
北京行政学院学报,178,政治学,CSSCI,2011,6,2011年第6期,True,True,27,0,1,0,1,0,found
北京行政学院学报,178,政治学,CSSCI,2011,7,2011年第7期,True,True,1,1,0,0,1,0,found
北京行政学院学报,178,政治学,CSSCI,2012,1,2012年第1期,True,True,25,0,0,0,0,0,found
北京行政学院学报,178,政治学,CSSCI,2012,2,2012年第2期,True,True,26,0,0,0,0,0,found
北京行政学院学报,178,政治学,CSSCI,2012,3,2012年第3期,True,True,26,0,0,0,0,0,found
北京行政学院学报,178,政治学,CSSCI,2012,4,2012年第4期,True,True,23,0,0,0,0,0,found
北京行政学院学报,178,政治学,CSSCI,2012,5,2012年第5期,True,True,25,0,0,0,0,0,found
北京行政学院学报,178,政治学,CSSCI,2012,6,2012年第6期,True,True,23,0,1,0,1,0,found
北京行政学院学报,178,政治学,CSSCI,2013,1,2013年第1期,True,True,24,0,0,0,0,0,found
北京行政学院学报,178,政治学,CSSCI,2013,2,2013年第2期,True,True,29,0,0,0,0,0,found
北京行政学院学报,178,政治学,CSSCI,2013,3,2013年第3期,True,True,22,0,0,0,0,0,found
北京行政学院学报,178,政治学,CSSCI,2013,4,2013年第4期,True,True,24,0,0,0,0,0,found
北京行政学院学报,178,政治学,CSSCI,2013,5,2013年第5期,True,True,23,0,0,0,0,0,found
北京行政学院学报,178,政治学,CSSCI,2013,6,2013年第6期,True,True,24,0,0,0,0,0,found
北京行政学院学报,178,政治学,CSSCI,2014,1,2014年第1期,True,True,21,0,0,0,0,0,found
北京行政学院学报,178,政治学,CSSCI,2014,2,2014年第2期,True,True,22,0,0,0,0,0,found
北京行政学院学报,178,政治学,CSSCI,2014,3,2014年第3期,True,True,21,0,0,0,0,0,found
北京行政学院学报,178,政治学,CSSCI,2014,4,2014年第4期,True,True,19,0,0,0,0,0,found
北京行政学院学报,178,政治学,CSSCI,2014,5,2014年第5期,True,True,20,0,0,0,0,0,found
北京行政学院学报,178,政治学,CSSCI,2014,6,2014年第6期,True,True,20,0,0,0,0,0,found
北京行政学院学报,178,政治学,CSSCI,2015,1,2015年第1期,True,True,16,0,0,0,0,0,found
北京行政学院学报,178,政治学,CSSCI,2015,2,2015年第2期,True,True,18,0,0,0,0,0,found
北京行政学院学报,178,政治学,CSSCI,2015,3,2015年第3期,True,True,16,0,0,0,0,0,found
北京行政学院学报,178,政治学,CSSCI,2015,4,2015年第4期,True,True,5,5,0,0,5,0,found
北京行政学院学报,178,政治学,CSSCI,2015,5,2015年第5期,True,True,7,7,0,0,7,0,found
北京行政学院学报,178,政治学,CSSCI,2015,6,2015年第6期,True,True,18,0,0,0,0,0,found
北京行政学院学报,178,政治学,CSSCI,2016,1,2016年第1期,True,True,17,0,0,0,0,0,found
北京行政学院学报,178,政治学,CSSCI,2016,2,2016年第2期,True,True,18,0,0,0,0,0,found
北京行政学院学报,178,政治学,CSSCI,2016,3,2016年第3期,True,True,15,0,0,0,0,0,found
北京行政学院学报,178,政治学,CSSCI,2016,4,2016年第4期,True,True,15,0,0,0,0,0,found
北京行政学院学报,178,政治学,CSSCI,2016,5,2016年第5期,True,True,17,0,0,0,0,0,found
北京行政学院学报,178,政治学,CSSCI,2016,6,2016年第6期,True,True,17,0,0,0,0,0,found
北京行政学院学报,178,政治学,CSSCI,2017,1,2017年第1期,True,True,16,0,0,0,0,0,found
北京行政学院学报,178,政治学,CSSCI,2017,2,2017年第2期,True,True,16,0,0,0,0,0,found
北京行政学院学报,178,政治学,CSSCI,2017,3,2017年第3期,True,True,17,0,0,0,0,0,found
北京行政学院学报,178,政治学,CSSCI,2017,4,2017年第4期,True,True,18,0,0,0,0,0,found
北京行政学院学报,178,政治学,CSSCI,2017,5,2017年第5期,True,True,16,0,1,0,0,0,found
北京行政学院学报,178,政治学,CSSCI,2017,6,2017年第6期,True,True,15,0,0,0,0,0,found
北京行政学院学报,178,政治学,CSSCI,2018,1,2018年第1期,True,True,17,0,0,0,0,0,found
北京行政学院学报,178,政治学,CSSCI,2018,2,2018年第2期,True,True,16,0,0,0,0,0,found
北京行政学院学报,178,政治学,CSSCI,2018,3,2018年第3期,True,True,14,0,0,0,0,0,found
北京行政学院学报,178,政治学,CSSCI,2018,4,2018年第4期,True,True,14,0,0,0,0,0,found
北京行政学院学报,178,政治学,CSSCI,2018,5,2018年第5期,True,True,14,0,0,0,0,0,found
北京行政学院学报,178,政治学,CSSCI,2018,6,2018年第6期,True,True,14,0,0,0,0,0,found
北京行政学院学报,178,政治学,CSSCI,2019,1,2019年第1期,True,True,15,0,0,0,0,0,found
北京行政学院学报,178,政治学,CSSCI,2019,2,2019年第2期,True,True,15,0,0,0,0,0,found
北京行政学院学报,178,政治学,CSSCI,2019,3,2019年第3期,True,True,16,0,0,0,0,0,found
北京行政学院学报,178,政治学,CSSCI,2019,4,2019年第4期,True,True,15,0,0,0,0,0,found
北京行政学院学报,178,政治学,CSSCI,2019,5,2019年第5期,True,True,15,0,0,0,0,0,found
北京行政学院学报,178,政治学,CSSCI,2019,6,2019年第6期,True,True,16,0,1,0,1,0,found
北京行政学院学报,178,政治学,CSSCI,2020,1,2020年第1期,True,True,14,0,0,0,0,0,found
北京行政学院学报,178,政治学,CSSCI,2020,2,2020年第2期,True,True,14,0,0,0,0,0,found
北京行政学院学报,178,政治学,CSSCI,2020,3,2020年第3期,True,True,16,0,0,0,0,0,found
北京行政学院学报,178,政治学,CSSCI,2020,4,2020年第4期,True,True,16,0,0,0,0,0,found
北京行政学院学报,178,政治学,CSSCI,2020,5,2020年第5期,True,True,14,0,0,0,0,0,found
北京行政学院学报,178,政治学,CSSCI,2020,6,2020年第6期,True,True,16,0,1,0,1,0,found
北京行政学院学报,178,政治学,CSSCI,2021,1,2021年第1期,True,True,14,0,0,0,0,0,found
北京行政学院学报,178,政治学,CSSCI,2021,2,2021年第2期,True,True,14,0,0,0,0,0,found
北京行政学院学报,178,政治学,CSSCI,2021,3,2021年第3期,True,True,15,0,0,0,0,0,found
北京行政学院学报,178,政治学,CSSCI,2021,4,2021年第4期,True,True,15,0,0,0,0,0,found
北京行政学院学报,178,政治学,CSSCI,2021,5,2021年第5期,True,True,15,0,0,0,0,0,found
北京行政学院学报,178,政治学,CSSCI,2021,6,2021年第6期,True,True,15,0,0,0,1,0,found
北京行政学院学报,178,政治学,CSSCI,2022,1,2022年第1期,True,True,13,0,0,0,0,0,found
北京行政学院学报,178,政治学,CSSCI,2022,2,2022年第2期,True,True,14,0,0,0,0,0,found
北京行政学院学报,178,政治学,CSSCI,2022,3,2022年第3期,True,True,14,0,0,0,0,0,found
北京行政学院学报,178,政治学,CSSCI,2022,4,2022年第4期,True,True,15,0,0,0,0,0,found
北京行政学院学报,178,政治学,CSSCI,2022,5,2022年第5期,True,True,13,0,0,0,0,0,found
北京行政学院学报,178,政治学,CSSCI,2022,6,2022年第6期,True,True,14,0,1,0,1,0,found
北京行政学院学报,178,政治学,CSSCI,2023,1,2023年第1期,True,True,13,0,0,0,0,0,found
北京行政学院学报,178,政治学,CSSCI,2023,2,2023年第2期,True,True,13,0,0,0,0,0,found
北京行政学院学报,178,政治学,CSSCI,2023,3,2023年第3期,True,True,16,0,0,0,0,0,found
北京行政学院学报,178,政治学,CSSCI,2023,4,2023年第4期,True,True,12,0,0,0,0,0,found
北京行政学院学报,178,政治学,CSSCI,2023,5,2023年第5期,True,True,13,0,0,0,0,0,found
北京行政学院学报,178,政治学,CSSCI,2023,6,2023年第6期,True,True,14,0,1,0,1,0,found
北京行政学院学报,178,政治学,CSSCI,2024,1,2024年第1期,True,True,12,0,0,0,0,0,found
北京行政学院学报,178,政治学,CSSCI,2024,2,2024年第2期,True,True,12,0,0,0,0,0,found
北京行政学院学报,178,政治学,CSSCI,2024,3,2024年第3期,True,True,12,0,0,0,0,0,found
北京行政学院学报,178,政治学,CSSCI,2024,4,2024年第4期,True,True,12,0,0,0,0,0,found
北京行政学院学报,178,政治学,CSSCI,2024,5,2024年第5期,True,True,12,0,0,0,0,0,found
北京行政学院学报,178,政治学,CSSCI,2024,6,2024年第6期,True,True,13,0,1,0,1,0,found
北京行政学院学报,178,政治学,CSSCI,2025,1,2025年第1期,True,True,12,0,0,0,0,0,found
北京行政学院学报,178,政治学,CSSCI,2025,2,2025年第2期,True,True,12,0,0,0,0,0,found
北京行政学院学报,178,政治学,CSSCI,2025,3,2025年第3期,True,True,12,0,0,0,0,0,found
北京行政学院学报,178,政治学,CSSCI,2025,4,2025年第4期,True,True,12,0,0,0,0,0,found
北京行政学院学报,178,政治学,CSSCI,2025,5,2025年第5期,True,True,12,0,0,0,0,0,found
北京行政学院学报,178,政治学,CSSCI,2025,6,2025年第6期,True,True,13,0,1,0,1,0,found
上海行政学院学报,179,政治学,CSSCI,2000,1,2000年第1期,True,True,1,1,0,0,1,0,found
上海行政学院学报,179,政治学,CSSCI,2000,2,2000年第2期,True,True,1,1,0,0,1,0,found
上海行政学院学报,179,政治学,CSSCI,2000,3,2000年第3期,True,False,0,0,0,0,0,0,not_found_in_public_sources
上海行政学院学报,179,政治学,CSSCI,2000,4,2000年第4期,True,True,1,1,0,0,1,0,found
上海行政学院学报,179,政治学,CSSCI,2000,5,2000年第5期,True,False,0,0,0,0,0,0,not_found_in_public_sources
上海行政学院学报,179,政治学,CSSCI,2000,6,2000年第6期,True,False,0,0,0,0,0,0,not_found_in_public_sources
上海行政学院学报,179,政治学,CSSCI,2001,1,2001年第1期,True,False,0,0,0,0,0,0,not_found_in_public_sources
上海行政学院学报,179,政治学,CSSCI,2001,2,2001年第2期,True,False,0,0,0,0,0,0,not_found_in_public_sources
上海行政学院学报,179,政治学,CSSCI,2001,3,2001年第3期,True,True,2,2,0,0,2,0,found
上海行政学院学报,179,政治学,CSSCI,2001,4,2001年第4期,True,True,1,1,0,0,1,0,found
上海行政学院学报,179,政治学,CSSCI,2001,5,2001年第5期,True,False,0,0,0,0,0,0,not_found_in_public_sources
上海行政学院学报,179,政治学,CSSCI,2001,6,2001年第6期,True,False,0,0,0,0,0,0,not_found_in_public_sources
上海行政学院学报,179,政治学,CSSCI,2002,1,2002年第1期,True,True,2,2,0,0,2,0,found
上海行政学院学报,179,政治学,CSSCI,2002,2,2002年第2期,True,True,5,5,0,0,5,0,found
上海行政学院学报,179,政治学,CSSCI,2002,3,2002年第3期,True,False,0,0,0,0,0,0,not_found_in_public_sources
上海行政学院学报,179,政治学,CSSCI,2002,4,2002年第4期,True,True,2,2,0,0,2,0,found
上海行政学院学报,179,政治学,CSSCI,2002,5,2002年第5期,True,False,0,0,0,0,0,0,not_found_in_public_sources
上海行政学院学报,179,政治学,CSSCI,2002,6,2002年第6期,True,False,0,0,0,0,0,0,not_found_in_public_sources
上海行政学院学报,179,政治学,CSSCI,2003,1,2003年第1期,True,True,2,2,0,0,2,0,found
上海行政学院学报,179,政治学,CSSCI,2003,2,2003年第2期,True,True,2,2,0,0,2,0,found
上海行政学院学报,179,政治学,CSSCI,2003,3,2003年第3期,True,False,0,0,0,0,0,0,not_found_in_public_sources
上海行政学院学报,179,政治学,CSSCI,2003,4,2003年第4期,True,True,1,1,0,0,1,0,found
上海行政学院学报,179,政治学,CSSCI,2003,5,2003年第5期,True,False,0,0,0,0,0,0,not_found_in_public_sources
上海行政学院学报,179,政治学,CSSCI,2003,6,2003年第6期,True,False,0,0,0,0,0,0,not_found_in_public_sources
上海行政学院学报,179,政治学,CSSCI,2004,1,2004年第1期,True,True,2,2,0,0,2,0,found
上海行政学院学报,179,政治学,CSSCI,2004,2,2004年第2期,True,True,3,3,0,0,3,0,found
上海行政学院学报,179,政治学,CSSCI,2004,3,2004年第3期,True,True,4,4,0,0,4,0,found
上海行政学院学报,179,政治学,CSSCI,2004,4,2004年第4期,True,True,1,1,0,0,1,0,found
上海行政学院学报,179,政治学,CSSCI,2004,5,2004年第5期,True,False,0,0,0,0,0,0,not_found_in_public_sources
上海行政学院学报,179,政治学,CSSCI,2004,6,2004年第6期,True,False,0,0,0,0,0,0,not_found_in_public_sources
上海行政学院学报,179,政治学,CSSCI,2005,1,2005年第1期,True,True,2,2,0,0,2,0,found
上海行政学院学报,179,政治学,CSSCI,2005,2,2005年第2期,True,True,3,3,0,0,3,0,found
上海行政学院学报,179,政治学,CSSCI,2005,3,2005年第3期,True,True,2,2,0,0,2,0,found
上海行政学院学报,179,政治学,CSSCI,2005,4,2005年第4期,True,True,1,1,0,0,1,0,found
上海行政学院学报,179,政治学,CSSCI,2005,5,2005年第5期,True,True,2,2,0,0,2,0,found
上海行政学院学报,179,政治学,CSSCI,2005,6,2005年第6期,True,True,1,1,0,0,1,0,found
上海行政学院学报,179,政治学,CSSCI,2006,1,2006年第1期,True,True,6,6,0,0,6,0,found
上海行政学院学报,179,政治学,CSSCI,2006,2,2006年第2期,True,True,4,4,0,0,4,0,found
上海行政学院学报,179,政治学,CSSCI,2006,3,2006年第3期,True,True,2,2,0,0,2,0,found
上海行政学院学报,179,政治学,CSSCI,2006,4,2006年第4期,True,True,4,4,0,0,4,0,found
上海行政学院学报,179,政治学,CSSCI,2006,5,2006年第5期,True,False,0,0,0,0,0,0,not_found_in_public_sources
上海行政学院学报,179,政治学,CSSCI,2006,6,2006年第6期,True,True,2,2,0,0,2,0,found
上海行政学院学报,179,政治学,CSSCI,2007,1,2007年第1期,True,True,4,4,0,0,4,0,found
上海行政学院学报,179,政治学,CSSCI,2007,2,2007年第2期,True,True,3,3,0,0,3,0,found
上海行政学院学报,179,政治学,CSSCI,2007,3,2007年第3期,True,False,0,0,0,0,0,0,not_found_in_public_sources
上海行政学院学报,179,政治学,CSSCI,2007,4,2007年第4期,True,True,3,3,0,0,3,0,found
上海行政学院学报,179,政治学,CSSCI,2007,5,2007年第5期,True,True,4,4,0,0,4,0,found
上海行政学院学报,179,政治学,CSSCI,2007,6,2007年第6期,True,True,4,4,0,0,4,0,found
上海行政学院学报,179,政治学,CSSCI,2008,1,2008年第1期,True,True,2,2,0,0,2,0,found
上海行政学院学报,179,政治学,CSSCI,2008,2,2008年第2期,True,True,2,2,0,0,2,0,found
上海行政学院学报,179,政治学,CSSCI,2008,3,2008年第3期,True,True,1,1,0,0,1,0,found
上海行政学院学报,179,政治学,CSSCI,2008,4,2008年第4期,True,True,3,3,0,0,3,0,found
上海行政学院学报,179,政治学,CSSCI,2008,5,2008年第5期,True,True,1,1,0,0,1,0,found
上海行政学院学报,179,政治学,CSSCI,2008,6,2008年第6期,True,True,3,3,0,0,3,0,found
上海行政学院学报,179,政治学,CSSCI,2009,1,2009年第1期,True,True,3,3,0,0,3,0,found
上海行政学院学报,179,政治学,CSSCI,2009,2,2009年第2期,True,True,2,2,0,0,2,0,found
上海行政学院学报,179,政治学,CSSCI,2009,3,2009年第3期,True,False,0,0,0,0,0,0,not_found_in_public_sources
上海行政学院学报,179,政治学,CSSCI,2009,4,2009年第4期,True,True,1,1,0,0,1,0,found
上海行政学院学报,179,政治学,CSSCI,2009,5,2009年第5期,True,True,3,3,0,0,3,0,found
上海行政学院学报,179,政治学,CSSCI,2009,6,2009年第6期,True,True,3,3,0,0,3,0,found
上海行政学院学报,179,政治学,CSSCI,2010,1,2010年第1期,True,True,3,3,0,0,3,0,found
上海行政学院学报,179,政治学,CSSCI,2010,2,2010年第2期,True,True,4,4,0,0,4,0,found
上海行政学院学报,179,政治学,CSSCI,2010,3,2010年第3期,True,True,2,2,0,0,2,0,found
上海行政学院学报,179,政治学,CSSCI,2010,4,2010年第4期,True,True,1,1,0,0,1,0,found
上海行政学院学报,179,政治学,CSSCI,2010,5,2010年第5期,True,True,1,1,0,0,1,0,found
上海行政学院学报,179,政治学,CSSCI,2010,6,2010年第6期,True,True,1,1,0,0,1,0,found
上海行政学院学报,179,政治学,CSSCI,2011,1,2011年第1期,True,True,3,3,0,0,3,0,found
上海行政学院学报,179,政治学,CSSCI,2011,2,2011年第2期,True,True,3,3,0,0,3,0,found
上海行政学院学报,179,政治学,CSSCI,2011,3,2011年第3期,True,True,3,3,0,0,3,0,found
上海行政学院学报,179,政治学,CSSCI,2011,4,2011年第4期,True,True,3,3,0,0,3,0,found
上海行政学院学报,179,政治学,CSSCI,2011,5,2011年第5期,True,True,2,2,0,0,2,0,found
上海行政学院学报,179,政治学,CSSCI,2011,6,2011年第6期,True,True,1,1,0,0,1,0,found
上海行政学院学报,179,政治学,CSSCI,2012,1,2012年第1期,True,True,5,5,0,0,5,0,found
上海行政学院学报,179,政治学,CSSCI,2012,2,2012年第2期,True,True,4,4,0,0,4,0,found
上海行政学院学报,179,政治学,CSSCI,2012,3,2012年第3期,True,True,1,1,0,0,1,0,found
上海行政学院学报,179,政治学,CSSCI,2012,4,2012年第4期,True,True,1,1,0,0,1,0,found
上海行政学院学报,179,政治学,CSSCI,2012,5,2012年第5期,True,True,3,3,0,0,3,0,found
上海行政学院学报,179,政治学,CSSCI,2012,6,2012年第6期,True,True,1,1,0,0,1,0,found
上海行政学院学报,179,政治学,CSSCI,2013,1,2013年第1期,True,True,1,1,0,0,1,0,found
上海行政学院学报,179,政治学,CSSCI,2013,2,2013年第2期,True,True,2,2,0,0,2,0,found
上海行政学院学报,179,政治学,CSSCI,2013,3,2013年第3期,True,True,1,1,0,0,1,0,found
上海行政学院学报,179,政治学,CSSCI,2013,4,2013年第4期,True,True,2,2,0,0,2,0,found
上海行政学院学报,179,政治学,CSSCI,2013,5,2013年第5期,True,True,1,1,0,0,1,0,found
上海行政学院学报,179,政治学,CSSCI,2013,6,2013年第6期,True,False,0,0,0,0,0,0,not_found_in_public_sources
上海行政学院学报,179,政治学,CSSCI,2014,1,2014年第1期,True,True,1,1,0,0,1,0,found
上海行政学院学报,179,政治学,CSSCI,2014,2,2014年第2期,True,True,5,5,0,0,5,0,found
上海行政学院学报,179,政治学,CSSCI,2014,3,2014年第3期,True,True,6,6,0,0,6,0,found
上海行政学院学报,179,政治学,CSSCI,2014,4,2014年第4期,True,True,3,3,0,0,3,0,found
上海行政学院学报,179,政治学,CSSCI,2014,5,2014年第5期,True,True,3,3,0,0,3,0,found
上海行政学院学报,179,政治学,CSSCI,2014,6,2014年第6期,True,True,2,2,0,0,2,0,found
上海行政学院学报,179,政治学,CSSCI,2015,1,2015年第1期,True,True,5,5,0,0,5,0,found
上海行政学院学报,179,政治学,CSSCI,2015,2,2015年第2期,True,True,1,1,0,0,1,0,found
上海行政学院学报,179,政治学,CSSCI,2015,3,2015年第3期,True,True,2,2,0,0,2,0,found
上海行政学院学报,179,政治学,CSSCI,2015,4,2015年第4期,True,False,0,0,0,0,0,0,not_found_in_public_sources
上海行政学院学报,179,政治学,CSSCI,2015,5,2015年第5期,True,True,1,1,0,0,1,0,found
上海行政学院学报,179,政治学,CSSCI,2015,6,2015年第6期,True,True,3,3,0,0,3,0,found
上海行政学院学报,179,政治学,CSSCI,2016,1,2016年第1期,True,True,3,3,0,0,3,0,found
上海行政学院学报,179,政治学,CSSCI,2016,2,2016年第2期,True,True,3,3,0,0,3,0,found
上海行政学院学报,179,政治学,CSSCI,2016,3,2016年第3期,True,True,3,3,0,0,3,0,found
上海行政学院学报,179,政治学,CSSCI,2016,4,2016年第4期,True,True,4,4,0,0,4,0,found
上海行政学院学报,179,政治学,CSSCI,2016,5,2016年第5期,True,True,1,1,0,0,1,0,found
上海行政学院学报,179,政治学,CSSCI,2016,6,2016年第6期,True,False,0,0,0,0,0,0,not_found_in_public_sources
上海行政学院学报,179,政治学,CSSCI,2017,1,2017年第1期,True,False,0,0,0,0,0,0,not_found_in_public_sources
上海行政学院学报,179,政治学,CSSCI,2017,2,2017年第2期,True,True,1,1,0,0,1,0,found
上海行政学院学报,179,政治学,CSSCI,2017,3,2017年第3期,True,False,0,0,0,0,0,0,not_found_in_public_sources
上海行政学院学报,179,政治学,CSSCI,2017,4,2017年第4期,True,False,0,0,0,0,0,0,not_found_in_public_sources
上海行政学院学报,179,政治学,CSSCI,2017,5,2017年第5期,True,False,0,0,0,0,0,0,not_found_in_public_sources
上海行政学院学报,179,政治学,CSSCI,2017,6,2017年第6期,True,True,1,1,0,0,1,0,found
上海行政学院学报,179,政治学,CSSCI,2018,1,2018年第1期,True,False,0,0,0,0,0,0,not_found_in_public_sources
上海行政学院学报,179,政治学,CSSCI,2018,2,2018年第2期,True,False,0,0,0,0,0,0,not_found_in_public_sources
上海行政学院学报,179,政治学,CSSCI,2018,3,2018年第3期,True,False,0,0,0,0,0,0,not_found_in_public_sources
上海行政学院学报,179,政治学,CSSCI,2018,4,2018年第4期,True,True,2,2,0,0,2,0,found
上海行政学院学报,179,政治学,CSSCI,2018,5,2018年第5期,True,False,0,0,0,0,0,0,not_found_in_public_sources
上海行政学院学报,179,政治学,CSSCI,2018,6,2018年第6期,True,False,0,0,0,0,0,0,not_found_in_public_sources
上海行政学院学报,179,政治学,CSSCI,2019,1,2019年第1期,True,False,0,0,0,0,0,0,not_found_in_public_sources
上海行政学院学报,179,政治学,CSSCI,2019,2,2019年第2期,True,False,0,0,0,0,0,0,not_found_in_public_sources
上海行政学院学报,179,政治学,CSSCI,2019,3,2019年第3期,True,False,0,0,0,0,0,0,not_found_in_public_sources
上海行政学院学报,179,政治学,CSSCI,2019,4,2019年第4期,True,False,0,0,0,0,0,0,not_found_in_public_sources
上海行政学院学报,179,政治学,CSSCI,2019,5,2019年第5期,True,True,1,1,0,0,1,0,found
上海行政学院学报,179,政治学,CSSCI,2019,6,2019年第6期,True,False,0,0,0,0,0,0,not_found_in_public_sources
上海行政学院学报,179,政治学,CSSCI,2020,1,2020年第1期,True,False,0,0,0,0,0,0,not_found_in_public_sources
上海行政学院学报,179,政治学,CSSCI,2020,2,2020年第2期,True,False,0,0,0,0,0,0,not_found_in_public_sources
上海行政学院学报,179,政治学,CSSCI,2020,3,2020年第3期,True,False,0,0,0,0,0,0,not_found_in_public_sources
上海行政学院学报,179,政治学,CSSCI,2020,4,2020年第4期,True,False,0,0,0,0,0,0,not_found_in_public_sources
上海行政学院学报,179,政治学,CSSCI,2020,5,2020年第5期,True,True,1,1,0,0,1,0,found
上海行政学院学报,179,政治学,CSSCI,2020,6,2020年第6期,True,False,0,0,0,0,0,0,not_found_in_public_sources
上海行政学院学报,179,政治学,CSSCI,2021,1,2021年第1期,True,False,0,0,0,0,0,0,not_found_in_public_sources
上海行政学院学报,179,政治学,CSSCI,2021,2,2021年第2期,True,False,0,0,0,0,0,0,not_found_in_public_sources
上海行政学院学报,179,政治学,CSSCI,2021,3,2021年第3期,True,False,0,0,0,0,0,0,not_found_in_public_sources
上海行政学院学报,179,政治学,CSSCI,2021,4,2021年第4期,True,False,0,0,0,0,0,0,not_found_in_public_sources
上海行政学院学报,179,政治学,CSSCI,2021,5,2021年第5期,True,False,0,0,0,0,0,0,not_found_in_public_sources
上海行政学院学报,179,政治学,CSSCI,2021,6,2021年第6期,True,False,0,0,0,0,0,0,not_found_in_public_sources
上海行政学院学报,179,政治学,CSSCI,2022,1,2022年第1期,True,False,0,0,0,0,0,0,not_found_in_public_sources
上海行政学院学报,179,政治学,CSSCI,2022,2,2022年第2期,True,False,0,0,0,0,0,0,not_found_in_public_sources
上海行政学院学报,179,政治学,CSSCI,2022,3,2022年第3期,True,False,0,0,0,0,0,0,not_found_in_public_sources
上海行政学院学报,179,政治学,CSSCI,2022,4,2022年第4期,True,False,0,0,0,0,0,0,not_found_in_public_sources
上海行政学院学报,179,政治学,CSSCI,2022,5,2022年第5期,True,False,0,0,0,0,0,0,not_found_in_public_sources
上海行政学院学报,179,政治学,CSSCI,2022,6,2022年第6期,True,False,0,0,0,0,0,0,not_found_in_public_sources
上海行政学院学报,179,政治学,CSSCI,2023,1,2023年第1期,True,False,0,0,0,0,0,0,not_found_in_public_sources
上海行政学院学报,179,政治学,CSSCI,2023,2,2023年第2期,True,False,0,0,0,0,0,0,not_found_in_public_sources
上海行政学院学报,179,政治学,CSSCI,2023,3,2023年第3期,True,False,0,0,0,0,0,0,not_found_in_public_sources
上海行政学院学报,179,政治学,CSSCI,2023,4,2023年第4期,True,False,0,0,0,0,0,0,not_found_in_public_sources
上海行政学院学报,179,政治学,CSSCI,2023,5,2023年第5期,True,False,0,0,0,0,0,0,not_found_in_public_sources
上海行政学院学报,179,政治学,CSSCI,2023,6,2023年第6期,True,False,0,0,0,0,0,0,not_found_in_public_sources
上海行政学院学报,179,政治学,CSSCI,2024,1,2024年第1期,True,False,0,0,0,0,0,0,not_found_in_public_sources
上海行政学院学报,179,政治学,CSSCI,2024,2,2024年第2期,True,False,0,0,0,0,0,0,not_found_in_public_sources
上海行政学院学报,179,政治学,CSSCI,2024,3,2024年第3期,True,False,0,0,0,0,0,0,not_found_in_public_sources
上海行政学院学报,179,政治学,CSSCI,2024,4,2024年第4期,True,False,0,0,0,0,0,0,not_found_in_public_sources
上海行政学院学报,179,政治学,CSSCI,2024,5,2024年第5期,True,False,0,0,0,0,0,0,not_found_in_public_sources
上海行政学院学报,179,政治学,CSSCI,2024,6,2024年第6期,True,False,0,0,0,0,0,0,not_found_in_public_sources
上海行政学院学报,179,政治学,CSSCI,2025,1,2025年第1期,True,False,0,0,0,0,0,0,not_found_in_public_sources
上海行政学院学报,179,政治学,CSSCI,2025,2,2025年第2期,True,False,0,0,0,0,0,0,not_found_in_public_sources
上海行政学院学报,179,政治学,CSSCI,2025,3,2025年第3期,True,False,0,0,0,0,0,0,not_found_in_public_sources
上海行政学院学报,179,政治学,CSSCI,2025,4,2025年第4期,True,False,0,0,0,0,0,0,not_found_in_public_sources
上海行政学院学报,179,政治学,CSSCI,2025,5,2025年第5期,True,False,0,0,0,0,0,0,not_found_in_public_sources
上海行政学院学报,179,政治学,CSSCI,2025,6,2025年第6期,True,False,0,0,0,0,0,0,not_found_in_public_sources
江苏行政学院学报,180,政治学,CSSCI,2001,1,2001年第1期,True,True,1,1,0,0,1,0,found
江苏行政学院学报,180,政治学,CSSCI,2001,2,2001年第2期,True,True,1,1,0,0,1,0,found
江苏行政学院学报,180,政治学,CSSCI,2001,3,2001年第3期,True,True,2,2,0,0,2,0,found
江苏行政学院学报,180,政治学,CSSCI,2001,4,2001年第4期,True,True,1,1,0,0,1,0,found
江苏行政学院学报,180,政治学,CSSCI,2001,5,2001年第5期,True,False,0,0,0,0,0,0,not_found_in_public_sources
江苏行政学院学报,180,政治学,CSSCI,2001,6,2001年第6期,True,False,0,0,0,0,0,0,not_found_in_public_sources
江苏行政学院学报,180,政治学,CSSCI,2002,1,2002年第1期,True,True,2,2,0,0,2,0,found
江苏行政学院学报,180,政治学,CSSCI,2002,2,2002年第2期,True,True,4,4,0,0,4,0,found
江苏行政学院学报,180,政治学,CSSCI,2002,3,2002年第3期,True,True,5,5,0,0,5,0,found
江苏行政学院学报,180,政治学,CSSCI,2002,4,2002年第4期,True,True,5,5,0,0,5,0,found
江苏行政学院学报,180,政治学,CSSCI,2002,5,2002年第5期,True,False,0,0,0,0,0,0,not_found_in_public_sources
江苏行政学院学报,180,政治学,CSSCI,2002,6,2002年第6期,True,False,0,0,0,0,0,0,not_found_in_public_sources
江苏行政学院学报,180,政治学,CSSCI,2003,1,2003年第1期,True,True,2,2,0,0,2,0,found
江苏行政学院学报,180,政治学,CSSCI,2003,2,2003年第2期,True,False,0,0,0,0,0,0,not_found_in_public_sources
江苏行政学院学报,180,政治学,CSSCI,2003,3,2003年第3期,True,True,6,6,0,0,6,0,found
江苏行政学院学报,180,政治学,CSSCI,2003,4,2003年第4期,True,True,1,1,0,0,1,0,found
江苏行政学院学报,180,政治学,CSSCI,2003,5,2003年第5期,True,False,0,0,0,0,0,0,not_found_in_public_sources
江苏行政学院学报,180,政治学,CSSCI,2003,6,2003年第6期,True,False,0,0,0,0,0,0,not_found_in_public_sources
江苏行政学院学报,180,政治学,CSSCI,2004,1,2004年第1期,True,True,5,5,0,0,5,0,found
江苏行政学院学报,180,政治学,CSSCI,2004,2,2004年第2期,True,True,2,2,0,0,2,0,found
江苏行政学院学报,180,政治学,CSSCI,2004,3,2004年第3期,True,True,1,1,0,0,1,0,found
江苏行政学院学报,180,政治学,CSSCI,2004,4,2004年第4期,True,True,5,5,0,0,5,0,found
江苏行政学院学报,180,政治学,CSSCI,2004,5,2004年第5期,True,True,3,3,0,0,3,0,found
江苏行政学院学报,180,政治学,CSSCI,2004,6,2004年第6期,True,True,5,5,0,0,5,0,found
江苏行政学院学报,180,政治学,CSSCI,2005,1,2005年第1期,True,True,4,4,0,0,4,0,found
江苏行政学院学报,180,政治学,CSSCI,2005,2,2005年第2期,True,True,5,5,0,0,5,0,found
江苏行政学院学报,180,政治学,CSSCI,2005,3,2005年第3期,True,True,1,1,0,0,1,0,found
江苏行政学院学报,180,政治学,CSSCI,2005,4,2005年第4期,True,True,6,6,0,0,6,0,found
江苏行政学院学报,180,政治学,CSSCI,2005,5,2005年第5期,True,True,3,3,0,0,3,0,found
江苏行政学院学报,180,政治学,CSSCI,2005,6,2005年第6期,True,True,1,1,0,0,1,0,found
江苏行政学院学报,180,政治学,CSSCI,2006,1,2006年第1期,True,True,9,9,0,0,9,0,found
江苏行政学院学报,180,政治学,CSSCI,2006,2,2006年第2期,True,True,2,2,0,0,2,0,found
江苏行政学院学报,180,政治学,CSSCI,2006,3,2006年第3期,True,True,4,4,0,0,4,0,found
江苏行政学院学报,180,政治学,CSSCI,2006,4,2006年第4期,True,True,2,2,0,0,2,0,found
江苏行政学院学报,180,政治学,CSSCI,2006,5,2006年第5期,True,True,6,6,0,0,6,0,found
江苏行政学院学报,180,政治学,CSSCI,2006,6,2006年第6期,True,True,3,3,0,0,3,0,found
江苏行政学院学报,180,政治学,CSSCI,2007,1,2007年第1期,True,True,10,10,0,0,10,0,found
江苏行政学院学报,180,政治学,CSSCI,2007,2,2007年第2期,True,True,2,2,0,0,2,0,found
江苏行政学院学报,180,政治学,CSSCI,2007,3,2007年第3期,True,True,3,3,0,0,3,0,found
江苏行政学院学报,180,政治学,CSSCI,2007,4,2007年第4期,True,True,6,6,0,0,6,0,found
江苏行政学院学报,180,政治学,CSSCI,2007,5,2007年第5期,True,True,1,1,0,0,1,0,found
江苏行政学院学报,180,政治学,CSSCI,2007,6,2007年第6期,True,True,2,2,0,0,2,0,found
江苏行政学院学报,180,政治学,CSSCI,2008,1,2008年第1期,True,True,6,6,0,0,6,0,found
江苏行政学院学报,180,政治学,CSSCI,2008,2,2008年第2期,True,True,7,7,0,0,7,0,found
江苏行政学院学报,180,政治学,CSSCI,2008,3,2008年第3期,True,True,4,4,0,0,4,0,found
江苏行政学院学报,180,政治学,CSSCI,2008,4,2008年第4期,True,True,5,5,0,0,5,0,found
江苏行政学院学报,180,政治学,CSSCI,2008,5,2008年第5期,True,True,1,1,0,0,1,0,found
江苏行政学院学报,180,政治学,CSSCI,2008,6,2008年第6期,True,True,3,3,0,0,3,0,found
江苏行政学院学报,180,政治学,CSSCI,2009,1,2009年第1期,True,True,3,3,0,0,3,0,found
江苏行政学院学报,180,政治学,CSSCI,2009,2,2009年第2期,True,True,5,5,0,0,5,0,found
江苏行政学院学报,180,政治学,CSSCI,2009,3,2009年第3期,True,True,3,3,0,0,3,0,found
江苏行政学院学报,180,政治学,CSSCI,2009,4,2009年第4期,True,True,5,5,0,0,5,0,found
江苏行政学院学报,180,政治学,CSSCI,2009,5,2009年第5期,True,True,6,6,0,0,6,0,found
江苏行政学院学报,180,政治学,CSSCI,2009,6,2009年第6期,True,True,2,2,0,0,2,0,found
江苏行政学院学报,180,政治学,CSSCI,2010,1,2010年第1期,True,True,5,5,0,0,5,0,found
江苏行政学院学报,180,政治学,CSSCI,2010,2,2010年第2期,True,True,2,2,0,0,2,0,found
江苏行政学院学报,180,政治学,CSSCI,2010,3,2010年第3期,True,True,6,6,0,0,6,0,found
江苏行政学院学报,180,政治学,CSSCI,2010,4,2010年第4期,True,True,7,7,0,0,7,0,found
江苏行政学院学报,180,政治学,CSSCI,2010,5,2010年第5期,True,True,3,3,0,0,3,0,found
江苏行政学院学报,180,政治学,CSSCI,2010,6,2010年第6期,True,True,3,3,0,0,3,0,found
江苏行政学院学报,180,政治学,CSSCI,2011,1,2011年第1期,True,True,2,2,0,0,2,0,found
江苏行政学院学报,180,政治学,CSSCI,2011,2,2011年第2期,True,True,6,6,0,0,6,0,found
江苏行政学院学报,180,政治学,CSSCI,2011,3,2011年第3期,True,True,3,3,0,0,3,0,found
江苏行政学院学报,180,政治学,CSSCI,2011,4,2011年第4期,True,False,0,0,0,0,0,0,not_found_in_public_sources
江苏行政学院学报,180,政治学,CSSCI,2011,5,2011年第5期,True,True,3,3,0,0,3,0,found
江苏行政学院学报,180,政治学,CSSCI,2011,6,2011年第6期,True,True,4,4,0,0,4,0,found
江苏行政学院学报,180,政治学,CSSCI,2012,1,2012年第1期,True,True,7,7,0,0,7,0,found
江苏行政学院学报,180,政治学,CSSCI,2012,2,2012年第2期,True,True,7,7,0,0,7,0,found
江苏行政学院学报,180,政治学,CSSCI,2012,3,2012年第3期,True,True,6,6,0,0,6,0,found
江苏行政学院学报,180,政治学,CSSCI,2012,4,2012年第4期,True,True,4,4,0,0,4,0,found
江苏行政学院学报,180,政治学,CSSCI,2012,5,2012年第5期,True,True,4,4,0,0,4,0,found
江苏行政学院学报,180,政治学,CSSCI,2012,6,2012年第6期,True,True,2,2,0,0,2,0,found
江苏行政学院学报,180,政治学,CSSCI,2013,1,2013年第1期,True,True,3,3,0,0,3,0,found
江苏行政学院学报,180,政治学,CSSCI,2013,2,2013年第2期,True,True,2,2,0,0,2,0,found
江苏行政学院学报,180,政治学,CSSCI,2013,3,2013年第3期,True,True,3,3,0,0,3,0,found
江苏行政学院学报,180,政治学,CSSCI,2013,4,2013年第4期,True,True,5,5,0,0,5,0,found
江苏行政学院学报,180,政治学,CSSCI,2013,5,2013年第5期,True,True,4,4,0,0,4,0,found
江苏行政学院学报,180,政治学,CSSCI,2013,6,2013年第6期,True,True,6,6,0,0,6,0,found
江苏行政学院学报,180,政治学,CSSCI,2014,1,2014年第1期,True,True,4,4,0,0,4,0,found
江苏行政学院学报,180,政治学,CSSCI,2014,2,2014年第2期,True,True,1,1,0,0,1,0,found
江苏行政学院学报,180,政治学,CSSCI,2014,3,2014年第3期,True,True,2,2,0,0,2,0,found
江苏行政学院学报,180,政治学,CSSCI,2014,4,2014年第4期,True,True,4,4,0,0,4,0,found
江苏行政学院学报,180,政治学,CSSCI,2014,5,2014年第5期,True,True,6,6,0,0,6,0,found
江苏行政学院学报,180,政治学,CSSCI,2014,6,2014年第6期,True,True,3,3,0,0,3,0,found
江苏行政学院学报,180,政治学,CSSCI,2015,1,2015年第1期,True,True,2,2,0,0,2,0,found
江苏行政学院学报,180,政治学,CSSCI,2015,2,2015年第2期,True,True,3,3,0,0,3,0,found
江苏行政学院学报,180,政治学,CSSCI,2015,3,2015年第3期,True,True,1,1,0,0,1,0,found
江苏行政学院学报,180,政治学,CSSCI,2015,4,2015年第4期,True,True,3,3,0,0,3,0,found
江苏行政学院学报,180,政治学,CSSCI,2015,5,2015年第5期,True,True,5,5,0,0,5,0,found
江苏行政学院学报,180,政治学,CSSCI,2015,6,2015年第6期,True,True,6,6,0,0,6,0,found
江苏行政学院学报,180,政治学,CSSCI,2016,1,2016年第1期,True,True,3,3,0,0,3,0,found
江苏行政学院学报,180,政治学,CSSCI,2016,2,2016年第2期,True,True,2,2,0,0,2,0,found
江苏行政学院学报,180,政治学,CSSCI,2016,3,2016年第3期,True,True,5,5,0,0,5,0,found
江苏行政学院学报,180,政治学,CSSCI,2016,4,2016年第4期,True,False,0,0,0,0,0,0,not_found_in_public_sources
江苏行政学院学报,180,政治学,CSSCI,2016,5,2016年第5期,True,True,3,3,0,0,3,0,found
江苏行政学院学报,180,政治学,CSSCI,2016,6,2016年第6期,True,False,0,0,0,0,0,0,not_found_in_public_sources
江苏行政学院学报,180,政治学,CSSCI,2017,1,2017年第1期,True,False,0,0,0,0,0,0,not_found_in_public_sources
江苏行政学院学报,180,政治学,CSSCI,2017,2,2017年第2期,True,True,2,2,0,0,2,0,found
江苏行政学院学报,180,政治学,CSSCI,2017,3,2017年第3期,True,False,0,0,0,0,0,0,not_found_in_public_sources
江苏行政学院学报,180,政治学,CSSCI,2017,4,2017年第4期,True,True,1,1,0,0,1,0,found
江苏行政学院学报,180,政治学,CSSCI,2017,5,2017年第5期,True,True,1,1,0,0,1,0,found
江苏行政学院学报,180,政治学,CSSCI,2017,6,2017年第6期,True,True,1,1,0,0,1,0,found
江苏行政学院学报,180,政治学,CSSCI,2018,1,2018年第1期,True,False,0,0,0,0,0,0,not_found_in_public_sources
江苏行政学院学报,180,政治学,CSSCI,2018,2,2018年第2期,True,True,2,2,0,0,2,0,found
江苏行政学院学报,180,政治学,CSSCI,2018,3,2018年第3期,True,False,0,0,0,0,0,0,not_found_in_public_sources
江苏行政学院学报,180,政治学,CSSCI,2018,4,2018年第4期,True,False,0,0,0,0,0,0,not_found_in_public_sources
江苏行政学院学报,180,政治学,CSSCI,2018,5,2018年第5期,True,True,1,1,0,0,1,0,found
江苏行政学院学报,180,政治学,CSSCI,2018,6,2018年第6期,True,False,0,0,0,0,0,0,not_found_in_public_sources
江苏行政学院学报,180,政治学,CSSCI,2019,1,2019年第1期,True,False,0,0,0,0,0,0,not_found_in_public_sources
江苏行政学院学报,180,政治学,CSSCI,2019,2,2019年第2期,True,False,0,0,0,0,0,0,not_found_in_public_sources
江苏行政学院学报,180,政治学,CSSCI,2019,3,2019年第3期,True,False,0,0,0,0,0,0,not_found_in_public_sources
江苏行政学院学报,180,政治学,CSSCI,2019,4,2019年第4期,True,False,0,0,0,0,0,0,not_found_in_public_sources
江苏行政学院学报,180,政治学,CSSCI,2019,5,2019年第5期,True,False,0,0,0,0,0,0,not_found_in_public_sources
江苏行政学院学报,180,政治学,CSSCI,2019,6,2019年第6期,True,False,0,0,0,0,0,0,not_found_in_public_sources
江苏行政学院学报,180,政治学,CSSCI,2020,1,2020年第1期,True,False,0,0,0,0,0,0,not_found_in_public_sources
江苏行政学院学报,180,政治学,CSSCI,2020,2,2020年第2期,True,False,0,0,0,0,0,0,not_found_in_public_sources
江苏行政学院学报,180,政治学,CSSCI,2020,3,2020年第3期,True,False,0,0,0,0,0,0,not_found_in_public_sources
江苏行政学院学报,180,政治学,CSSCI,2020,4,2020年第4期,True,True,1,1,0,0,1,0,found
江苏行政学院学报,180,政治学,CSSCI,2020,5,2020年第5期,True,False,0,0,0,0,0,0,not_found_in_public_sources
江苏行政学院学报,180,政治学,CSSCI,2020,6,2020年第6期,True,False,0,0,0,0,0,0,not_found_in_public_sources
江苏行政学院学报,180,政治学,CSSCI,2021,1,2021年第1期,True,False,0,0,0,0,0,0,not_found_in_public_sources
江苏行政学院学报,180,政治学,CSSCI,2021,2,2021年第2期,True,False,0,0,0,0,0,0,not_found_in_public_sources
江苏行政学院学报,180,政治学,CSSCI,2021,3,2021年第3期,True,False,0,0,0,0,0,0,not_found_in_public_sources
江苏行政学院学报,180,政治学,CSSCI,2021,4,2021年第4期,True,False,0,0,0,0,0,0,not_found_in_public_sources
江苏行政学院学报,180,政治学,CSSCI,2021,5,2021年第5期,True,False,0,0,0,0,0,0,not_found_in_public_sources
江苏行政学院学报,180,政治学,CSSCI,2021,6,2021年第6期,True,False,0,0,0,0,0,0,not_found_in_public_sources
江苏行政学院学报,180,政治学,CSSCI,2022,1,2022年第1期,True,False,0,0,0,0,0,0,not_found_in_public_sources
江苏行政学院学报,180,政治学,CSSCI,2022,2,2022年第2期,True,False,0,0,0,0,0,0,not_found_in_public_sources
江苏行政学院学报,180,政治学,CSSCI,2022,3,2022年第3期,True,False,0,0,0,0,0,0,not_found_in_public_sources
江苏行政学院学报,180,政治学,CSSCI,2022,4,2022年第4期,True,False,0,0,0,0,0,0,not_found_in_public_sources
江苏行政学院学报,180,政治学,CSSCI,2022,5,2022年第5期,True,False,0,0,0,0,0,0,not_found_in_public_sources
江苏行政学院学报,180,政治学,CSSCI,2022,6,2022年第6期,True,False,0,0,0,0,0,0,not_found_in_public_sources
江苏行政学院学报,180,政治学,CSSCI,2023,1,2023年第1期,True,False,0,0,0,0,0,0,not_found_in_public_sources
江苏行政学院学报,180,政治学,CSSCI,2023,2,2023年第2期,True,False,0,0,0,0,0,0,not_found_in_public_sources
江苏行政学院学报,180,政治学,CSSCI,2023,3,2023年第3期,True,False,0,0,0,0,0,0,not_found_in_public_sources
江苏行政学院学报,180,政治学,CSSCI,2023,4,2023年第4期,True,False,0,0,0,0,0,0,not_found_in_public_sources
江苏行政学院学报,180,政治学,CSSCI,2023,5,2023年第5期,True,False,0,0,0,0,0,0,not_found_in_public_sources
江苏行政学院学报,180,政治学,CSSCI,2023,6,2023年第6期,True,False,0,0,0,0,0,0,not_found_in_public_sources
江苏行政学院学报,180,政治学,CSSCI,2024,1,2024年第1期,True,False,0,0,0,0,0,0,not_found_in_public_sources
江苏行政学院学报,180,政治学,CSSCI,2024,2,2024年第2期,True,False,0,0,0,0,0,0,not_found_in_public_sources
江苏行政学院学报,180,政治学,CSSCI,2024,3,2024年第3期,True,False,0,0,0,0,0,0,not_found_in_public_sources
江苏行政学院学报,180,政治学,CSSCI,2024,4,2024年第4期,True,False,0,0,0,0,0,0,not_found_in_public_sources
江苏行政学院学报,180,政治学,CSSCI,2024,5,2024年第5期,True,False,0,0,0,0,0,0,not_found_in_public_sources
江苏行政学院学报,180,政治学,CSSCI,2024,6,2024年第6期,True,False,0,0,0,0,0,0,not_found_in_public_sources
江苏行政学院学报,180,政治学,CSSCI,2025,1,2025年第1期,True,False,0,0,0,0,0,0,not_found_in_public_sources
江苏行政学院学报,180,政治学,CSSCI,2025,2,2025年第2期,True,False,0,0,0,0,0,0,not_found_in_public_sources
江苏行政学院学报,180,政治学,CSSCI,2025,3,2025年第3期,True,False,0,0,0,0,0,0,not_found_in_public_sources
江苏行政学院学报,180,政治学,CSSCI,2025,4,2025年第4期,True,False,0,0,0,0,0,0,not_found_in_public_sources
江苏行政学院学报,180,政治学,CSSCI,2025,5,2025年第5期,True,False,0,0,0,0,0,0,not_found_in_public_sources
江苏行政学院学报,180,政治学,CSSCI,2025,6,2025年第6期,True,False,0,0,0,0,0,0,not_found_in_public_sources
江苏行政学院学报,180,政治学,CSSCI,2026,,2026年,False,False,0,0,0,0,0,0,2026_no_public_issue_found
甘肃行政学院学报,181,政治学,CSSCI,1999,1,1999年第1期,True,True,3,3,0,0,3,0,found
甘肃行政学院学报,181,政治学,CSSCI,1999,2,1999年第2期,True,True,3,3,0,0,3,0,found
甘肃行政学院学报,181,政治学,CSSCI,1999,3,1999年第3期,True,True,2,2,0,0,2,0,found
甘肃行政学院学报,181,政治学,CSSCI,1999,4,1999年第4期,True,True,2,2,0,0,2,0,found
甘肃行政学院学报,181,政治学,CSSCI,1999,5,1999年第5期,True,False,0,0,0,0,0,0,not_found_in_public_sources
甘肃行政学院学报,181,政治学,CSSCI,1999,6,1999年第6期,True,False,0,0,0,0,0,0,not_found_in_public_sources
甘肃行政学院学报,181,政治学,CSSCI,2000,1,2000年第1期,True,True,1,1,0,0,1,0,found
甘肃行政学院学报,181,政治学,CSSCI,2000,2,2000年第2期,True,True,2,2,0,0,2,0,found
甘肃行政学院学报,181,政治学,CSSCI,2000,3,2000年第3期,True,True,4,4,0,0,4,0,found
甘肃行政学院学报,181,政治学,CSSCI,2000,4,2000年第4期,True,True,1,1,0,0,1,0,found
甘肃行政学院学报,181,政治学,CSSCI,2000,5,2000年第5期,True,False,0,0,0,0,0,0,not_found_in_public_sources
甘肃行政学院学报,181,政治学,CSSCI,2000,6,2000年第6期,True,False,0,0,0,0,0,0,not_found_in_public_sources
甘肃行政学院学报,181,政治学,CSSCI,2001,1,2001年第1期,True,False,0,0,0,0,0,0,not_found_in_public_sources
甘肃行政学院学报,181,政治学,CSSCI,2001,2,2001年第2期,True,True,2,2,0,0,2,0,found
甘肃行政学院学报,181,政治学,CSSCI,2001,3,2001年第3期,True,True,3,3,0,0,3,0,found
甘肃行政学院学报,181,政治学,CSSCI,2001,4,2001年第4期,True,True,2,2,0,0,2,0,found
甘肃行政学院学报,181,政治学,CSSCI,2001,5,2001年第5期,True,False,0,0,0,0,0,0,not_found_in_public_sources
甘肃行政学院学报,181,政治学,CSSCI,2001,6,2001年第6期,True,False,0,0,0,0,0,0,not_found_in_public_sources
甘肃行政学院学报,181,政治学,CSSCI,2002,1,2002年第1期,True,True,1,1,0,0,1,0,found
甘肃行政学院学报,181,政治学,CSSCI,2002,2,2002年第2期,True,True,2,2,0,0,2,0,found
甘肃行政学院学报,181,政治学,CSSCI,2002,3,2002年第3期,True,False,0,0,0,0,0,0,not_found_in_public_sources
甘肃行政学院学报,181,政治学,CSSCI,2002,4,2002年第4期,True,False,0,0,0,0,0,0,not_found_in_public_sources
甘肃行政学院学报,181,政治学,CSSCI,2002,5,2002年第5期,True,False,0,0,0,0,0,0,not_found_in_public_sources
甘肃行政学院学报,181,政治学,CSSCI,2002,6,2002年第6期,True,False,0,0,0,0,0,0,not_found_in_public_sources
甘肃行政学院学报,181,政治学,CSSCI,2003,1,2003年第1期,True,True,1,1,0,0,1,0,found
甘肃行政学院学报,181,政治学,CSSCI,2003,2,2003年第2期,True,True,2,2,0,0,2,0,found
甘肃行政学院学报,181,政治学,CSSCI,2003,3,2003年第3期,True,True,1,1,0,0,1,0,found
甘肃行政学院学报,181,政治学,CSSCI,2003,4,2003年第4期,True,True,1,1,0,0,1,0,found
甘肃行政学院学报,181,政治学,CSSCI,2003,5,2003年第5期,True,False,0,0,0,0,0,0,not_found_in_public_sources
甘肃行政学院学报,181,政治学,CSSCI,2003,6,2003年第6期,True,False,0,0,0,0,0,0,not_found_in_public_sources
甘肃行政学院学报,181,政治学,CSSCI,2004,1,2004年第1期,True,True,5,5,0,0,5,0,found
甘肃行政学院学报,181,政治学,CSSCI,2004,2,2004年第2期,True,True,4,4,0,0,4,0,found
甘肃行政学院学报,181,政治学,CSSCI,2004,3,2004年第3期,True,True,2,2,0,0,2,0,found
甘肃行政学院学报,181,政治学,CSSCI,2004,4,2004年第4期,True,True,4,4,0,0,4,0,found
甘肃行政学院学报,181,政治学,CSSCI,2004,5,2004年第5期,True,False,0,0,0,0,0,0,not_found_in_public_sources
甘肃行政学院学报,181,政治学,CSSCI,2004,6,2004年第6期,True,False,0,0,0,0,0,0,not_found_in_public_sources
甘肃行政学院学报,181,政治学,CSSCI,2005,1,2005年第1期,True,False,0,0,0,0,0,0,not_found_in_public_sources
甘肃行政学院学报,181,政治学,CSSCI,2005,2,2005年第2期,True,False,0,0,0,0,0,0,not_found_in_public_sources
甘肃行政学院学报,181,政治学,CSSCI,2005,3,2005年第3期,True,True,1,1,0,0,1,0,found
甘肃行政学院学报,181,政治学,CSSCI,2005,4,2005年第4期,True,True,2,2,0,0,2,0,found
甘肃行政学院学报,181,政治学,CSSCI,2005,5,2005年第5期,True,False,0,0,0,0,0,0,not_found_in_public_sources
甘肃行政学院学报,181,政治学,CSSCI,2005,6,2005年第6期,True,False,0,0,0,0,0,0,not_found_in_public_sources
甘肃行政学院学报,181,政治学,CSSCI,2006,1,2006年第1期,True,True,2,2,0,0,2,0,found
甘肃行政学院学报,181,政治学,CSSCI,2006,2,2006年第2期,True,True,2,2,0,0,2,0,found
甘肃行政学院学报,181,政治学,CSSCI,2006,3,2006年第3期,True,True,2,2,0,0,2,0,found
甘肃行政学院学报,181,政治学,CSSCI,2006,4,2006年第4期,True,True,3,3,0,0,3,0,found
甘肃行政学院学报,181,政治学,CSSCI,2006,5,2006年第5期,True,False,0,0,0,0,0,0,not_found_in_public_sources
甘肃行政学院学报,181,政治学,CSSCI,2006,6,2006年第6期,True,False,0,0,0,0,0,0,not_found_in_public_sources
甘肃行政学院学报,181,政治学,CSSCI,2007,1,2007年第1期,True,True,2,2,0,0,2,0,found
甘肃行政学院学报,181,政治学,CSSCI,2007,2,2007年第2期,True,True,4,4,0,0,4,0,found
甘肃行政学院学报,181,政治学,CSSCI,2007,3,2007年第3期,True,True,4,4,0,0,4,0,found
甘肃行政学院学报,181,政治学,CSSCI,2007,4,2007年第4期,True,True,9,9,0,0,9,0,found
甘肃行政学院学报,181,政治学,CSSCI,2007,5,2007年第5期,True,False,0,0,0,0,0,0,not_found_in_public_sources
甘肃行政学院学报,181,政治学,CSSCI,2007,6,2007年第6期,True,False,0,0,0,0,0,0,not_found_in_public_sources
甘肃行政学院学报,181,政治学,CSSCI,2008,1,2008年第1期,True,True,3,3,0,0,3,0,found
甘肃行政学院学报,181,政治学,CSSCI,2008,2,2008年第2期,True,True,8,8,0,0,8,0,found
甘肃行政学院学报,181,政治学,CSSCI,2008,3,2008年第3期,True,True,2,2,0,0,2,0,found
甘肃行政学院学报,181,政治学,CSSCI,2008,4,2008年第4期,True,True,4,4,0,0,4,0,found
甘肃行政学院学报,181,政治学,CSSCI,2008,5,2008年第5期,True,True,2,2,0,0,2,0,found
甘肃行政学院学报,181,政治学,CSSCI,2008,6,2008年第6期,True,True,3,3,0,0,3,0,found
甘肃行政学院学报,181,政治学,CSSCI,2009,1,2009年第1期,True,True,1,1,0,0,1,0,found
甘肃行政学院学报,181,政治学,CSSCI,2009,2,2009年第2期,True,True,2,2,0,0,2,0,found
甘肃行政学院学报,181,政治学,CSSCI,2009,3,2009年第3期,True,True,4,4,0,0,4,0,found
甘肃行政学院学报,181,政治学,CSSCI,2009,4,2009年第4期,True,True,4,4,0,0,4,0,found
甘肃行政学院学报,181,政治学,CSSCI,2009,5,2009年第5期,True,True,4,4,0,0,4,0,found
甘肃行政学院学报,181,政治学,CSSCI,2009,6,2009年第6期,True,True,4,4,0,0,4,0,found
甘肃行政学院学报,181,政治学,CSSCI,2010,1,2010年第1期,True,True,5,5,0,0,5,0,found
甘肃行政学院学报,181,政治学,CSSCI,2010,2,2010年第2期,True,True,2,2,0,0,2,0,found
甘肃行政学院学报,181,政治学,CSSCI,2010,3,2010年第3期,True,True,4,4,0,0,4,0,found
甘肃行政学院学报,181,政治学,CSSCI,2010,4,2010年第4期,True,True,5,5,0,0,5,0,found
甘肃行政学院学报,181,政治学,CSSCI,2010,5,2010年第5期,True,True,4,4,0,0,4,0,found
甘肃行政学院学报,181,政治学,CSSCI,2010,6,2010年第6期,True,True,6,6,0,0,6,0,found
甘肃行政学院学报,181,政治学,CSSCI,2011,1,2011年第1期,True,True,3,3,0,0,3,0,found
甘肃行政学院学报,181,政治学,CSSCI,2011,2,2011年第2期,True,True,4,4,0,0,4,0,found
甘肃行政学院学报,181,政治学,CSSCI,2011,3,2011年第3期,True,True,3,3,0,0,3,0,found
甘肃行政学院学报,181,政治学,CSSCI,2011,4,2011年第4期,True,True,2,2,0,0,2,0,found
甘肃行政学院学报,181,政治学,CSSCI,2011,5,2011年第5期,True,True,5,5,0,0,5,0,found
甘肃行政学院学报,181,政治学,CSSCI,2011,6,2011年第6期,True,True,1,1,0,0,1,0,found
甘肃行政学院学报,181,政治学,CSSCI,2012,1,2012年第1期,True,True,5,5,0,0,5,0,found
甘肃行政学院学报,181,政治学,CSSCI,2012,2,2012年第2期,True,True,2,2,0,0,2,0,found
甘肃行政学院学报,181,政治学,CSSCI,2012,3,2012年第3期,True,True,6,6,0,0,6,0,found
甘肃行政学院学报,181,政治学,CSSCI,2012,4,2012年第4期,True,True,5,5,0,0,5,0,found
甘肃行政学院学报,181,政治学,CSSCI,2012,5,2012年第5期,True,True,1,1,0,0,1,0,found
甘肃行政学院学报,181,政治学,CSSCI,2012,6,2012年第6期,True,True,1,1,0,0,1,0,found
甘肃行政学院学报,181,政治学,CSSCI,2013,1,2013年第1期,True,True,3,3,0,0,3,0,found
甘肃行政学院学报,181,政治学,CSSCI,2013,2,2013年第2期,True,True,2,2,0,0,2,0,found
甘肃行政学院学报,181,政治学,CSSCI,2013,3,2013年第3期,True,True,4,4,0,0,4,0,found
甘肃行政学院学报,181,政治学,CSSCI,2013,4,2013年第4期,True,True,3,3,0,0,3,0,found
甘肃行政学院学报,181,政治学,CSSCI,2013,5,2013年第5期,True,True,3,3,0,0,3,0,found
甘肃行政学院学报,181,政治学,CSSCI,2013,6,2013年第6期,True,True,2,2,0,0,2,0,found
甘肃行政学院学报,181,政治学,CSSCI,2014,1,2014年第1期,True,True,4,4,0,0,4,0,found
甘肃行政学院学报,181,政治学,CSSCI,2014,2,2014年第2期,True,False,0,0,0,0,0,0,not_found_in_public_sources
甘肃行政学院学报,181,政治学,CSSCI,2014,3,2014年第3期,True,True,4,4,0,0,4,0,found
甘肃行政学院学报,181,政治学,CSSCI,2014,4,2014年第4期,True,True,1,1,0,0,1,0,found
甘肃行政学院学报,181,政治学,CSSCI,2014,5,2014年第5期,True,True,5,5,0,0,5,0,found
甘肃行政学院学报,181,政治学,CSSCI,2014,6,2014年第6期,True,True,3,3,0,0,3,0,found
甘肃行政学院学报,181,政治学,CSSCI,2015,1,2015年第1期,True,True,3,3,0,0,3,0,found
甘肃行政学院学报,181,政治学,CSSCI,2015,2,2015年第2期,True,True,6,6,0,0,6,0,found
甘肃行政学院学报,181,政治学,CSSCI,2015,3,2015年第3期,True,True,4,4,0,0,4,0,found
甘肃行政学院学报,181,政治学,CSSCI,2015,4,2015年第4期,True,True,7,7,0,0,7,0,found
甘肃行政学院学报,181,政治学,CSSCI,2015,5,2015年第5期,True,True,2,2,0,0,2,0,found
甘肃行政学院学报,181,政治学,CSSCI,2015,6,2015年第6期,True,True,3,3,0,0,3,0,found
甘肃行政学院学报,181,政治学,CSSCI,2016,1,2016年第1期,True,False,0,0,0,0,0,0,not_found_in_public_sources
甘肃行政学院学报,181,政治学,CSSCI,2016,2,2016年第2期,True,True,3,3,0,0,3,0,found
甘肃行政学院学报,181,政治学,CSSCI,2016,3,2016年第3期,True,True,4,4,0,0,4,0,found
甘肃行政学院学报,181,政治学,CSSCI,2016,4,2016年第4期,True,False,0,0,0,0,0,0,not_found_in_public_sources
甘肃行政学院学报,181,政治学,CSSCI,2016,5,2016年第5期,True,False,0,0,0,0,0,0,not_found_in_public_sources
甘肃行政学院学报,181,政治学,CSSCI,2016,6,2016年第6期,True,True,2,2,0,0,2,0,found
甘肃行政学院学报,181,政治学,CSSCI,2017,1,2017年第1期,True,False,0,0,0,0,0,0,not_found_in_public_sources
甘肃行政学院学报,181,政治学,CSSCI,2017,2,2017年第2期,True,True,1,1,0,0,1,0,found
甘肃行政学院学报,181,政治学,CSSCI,2017,3,2017年第3期,True,False,0,0,0,0,0,0,not_found_in_public_sources
甘肃行政学院学报,181,政治学,CSSCI,2017,4,2017年第4期,True,False,0,0,0,0,0,0,not_found_in_public_sources
甘肃行政学院学报,181,政治学,CSSCI,2017,5,2017年第5期,True,False,0,0,0,0,0,0,not_found_in_public_sources
甘肃行政学院学报,181,政治学,CSSCI,2017,6,2017年第6期,True,True,2,2,0,0,2,0,found
甘肃行政学院学报,181,政治学,CSSCI,2018,1,2018年第1期,True,False,0,0,0,0,0,0,not_found_in_public_sources
甘肃行政学院学报,181,政治学,CSSCI,2018,2,2018年第2期,True,False,0,0,0,0,0,0,not_found_in_public_sources
甘肃行政学院学报,181,政治学,CSSCI,2018,3,2018年第3期,True,False,0,0,0,0,0,0,not_found_in_public_sources
甘肃行政学院学报,181,政治学,CSSCI,2018,4,2018年第4期,True,False,0,0,0,0,0,0,not_found_in_public_sources
甘肃行政学院学报,181,政治学,CSSCI,2018,5,2018年第5期,True,False,0,0,0,0,0,0,not_found_in_public_sources
甘肃行政学院学报,181,政治学,CSSCI,2018,6,2018年第6期,True,False,0,0,0,0,0,0,not_found_in_public_sources
甘肃行政学院学报,181,政治学,CSSCI,2019,1,2019年第1期,True,True,1,1,0,0,1,0,found
甘肃行政学院学报,181,政治学,CSSCI,2019,2,2019年第2期,True,False,0,0,0,0,0,0,not_found_in_public_sources
甘肃行政学院学报,181,政治学,CSSCI,2019,3,2019年第3期,True,False,0,0,0,0,0,0,not_found_in_public_sources
甘肃行政学院学报,181,政治学,CSSCI,2019,4,2019年第4期,True,True,1,1,0,0,1,0,found
甘肃行政学院学报,181,政治学,CSSCI,2019,5,2019年第5期,True,False,0,0,0,0,0,0,not_found_in_public_sources
甘肃行政学院学报,181,政治学,CSSCI,2019,6,2019年第6期,True,False,0,0,0,0,0,0,not_found_in_public_sources
甘肃行政学院学报,181,政治学,CSSCI,2020,1,2020年第1期,True,False,0,0,0,0,0,0,not_found_in_public_sources
甘肃行政学院学报,181,政治学,CSSCI,2020,2,2020年第2期,True,True,1,1,0,0,1,0,found
甘肃行政学院学报,181,政治学,CSSCI,2020,3,2020年第3期,True,True,1,1,0,0,1,0,found
甘肃行政学院学报,181,政治学,CSSCI,2020,4,2020年第4期,True,True,1,1,0,0,1,0,found
甘肃行政学院学报,181,政治学,CSSCI,2020,5,2020年第5期,True,False,0,0,0,0,0,0,not_found_in_public_sources
甘肃行政学院学报,181,政治学,CSSCI,2020,6,2020年第6期,True,False,0,0,0,0,0,0,not_found_in_public_sources
甘肃行政学院学报,181,政治学,CSSCI,2021,1,2021年第1期,True,False,0,0,0,0,0,0,not_found_in_public_sources
甘肃行政学院学报,181,政治学,CSSCI,2021,2,2021年第2期,True,False,0,0,0,0,0,0,not_found_in_public_sources
甘肃行政学院学报,181,政治学,CSSCI,2021,3,2021年第3期,True,False,0,0,0,0,0,0,not_found_in_public_sources
甘肃行政学院学报,181,政治学,CSSCI,2021,4,2021年第4期,True,False,0,0,0,0,0,0,not_found_in_public_sources
甘肃行政学院学报,181,政治学,CSSCI,2021,5,2021年第5期,True,False,0,0,0,0,0,0,not_found_in_public_sources
甘肃行政学院学报,181,政治学,CSSCI,2021,6,2021年第6期,True,False,0,0,0,0,0,0,not_found_in_public_sources
甘肃行政学院学报,181,政治学,CSSCI,2022,1,2022年第1期,True,False,0,0,0,0,0,0,not_found_in_public_sources
甘肃行政学院学报,181,政治学,CSSCI,2022,2,2022年第2期,True,False,0,0,0,0,0,0,not_found_in_public_sources
甘肃行政学院学报,181,政治学,CSSCI,2022,3,2022年第3期,True,False,0,0,0,0,0,0,not_found_in_public_sources
甘肃行政学院学报,181,政治学,CSSCI,2022,4,2022年第4期,True,False,0,0,0,0,0,0,not_found_in_public_sources
甘肃行政学院学报,181,政治学,CSSCI,2022,5,2022年第5期,True,False,0,0,0,0,0,0,not_found_in_public_sources
甘肃行政学院学报,181,政治学,CSSCI,2022,6,2022年第6期,True,False,0,0,0,0,0,0,not_found_in_public_sources
甘肃行政学院学报,181,政治学,CSSCI,2023,1,2023年第1期,True,False,0,0,0,0,0,0,not_found_in_public_sources
甘肃行政学院学报,181,政治学,CSSCI,2023,2,2023年第2期,True,False,0,0,0,0,0,0,not_found_in_public_sources
甘肃行政学院学报,181,政治学,CSSCI,2023,3,2023年第3期,True,False,0,0,0,0,0,0,not_found_in_public_sources
甘肃行政学院学报,181,政治学,CSSCI,2023,4,2023年第4期,True,False,0,0,0,0,0,0,not_found_in_public_sources
甘肃行政学院学报,181,政治学,CSSCI,2023,5,2023年第5期,True,False,0,0,0,0,0,0,not_found_in_public_sources
甘肃行政学院学报,181,政治学,CSSCI,2023,6,2023年第6期,True,False,0,0,0,0,0,0,not_found_in_public_sources
甘肃行政学院学报,181,政治学,CSSCI,2024,1,2024年第1期,True,False,0,0,0,0,0,0,not_found_in_public_sources
甘肃行政学院学报,181,政治学,CSSCI,2024,2,2024年第2期,True,False,0,0,0,0,0,0,not_found_in_public_sources
甘肃行政学院学报,181,政治学,CSSCI,2024,3,2024年第3期,True,False,0,0,0,0,0,0,not_found_in_public_sources
甘肃行政学院学报,181,政治学,CSSCI,2024,4,2024年第4期,True,False,0,0,0,0,0,0,not_found_in_public_sources
甘肃行政学院学报,181,政治学,CSSCI,2024,5,2024年第5期,True,False,0,0,0,0,0,0,not_found_in_public_sources
甘肃行政学院学报,181,政治学,CSSCI,2024,6,2024年第6期,True,False,0,0,0,0,0,0,not_found_in_public_sources
甘肃行政学院学报,181,政治学,CSSCI,2025,1,2025年第1期,True,False,0,0,0,0,0,0,not_found_in_public_sources
甘肃行政学院学报,181,政治学,CSSCI,2025,2,2025年第2期,True,False,0,0,0,0,0,0,not_found_in_public_sources
甘肃行政学院学报,181,政治学,CSSCI,2025,3,2025年第3期,True,False,0,0,0,0,0,0,not_found_in_public_sources
甘肃行政学院学报,181,政治学,CSSCI,2025,4,2025年第4期,True,False,0,0,0,0,0,0,not_found_in_public_sources
甘肃行政学院学报,181,政治学,CSSCI,2025,5,2025年第5期,True,False,0,0,0,0,0,0,not_found_in_public_sources
甘肃行政学院学报,181,政治学,CSSCI,2025,6,2025年第6期,True,False,0,0,0,0,0,0,not_found_in_public_sources
行政论坛,182,政治学,CSSCI,1999,1,1999年第1期,True,True,5,5,0,0,5,0,found
行政论坛,182,政治学,CSSCI,1999,2,1999年第2期,True,True,6,6,0,0,6,0,found
行政论坛,182,政治学,CSSCI,1999,3,1999年第3期,True,True,3,3,0,0,3,0,found
行政论坛,182,政治学,CSSCI,1999,4,1999年第4期,True,True,2,2,0,0,2,0,found
行政论坛,182,政治学,CSSCI,1999,5,1999年第5期,True,True,6,6,0,0,6,0,found
行政论坛,182,政治学,CSSCI,1999,6,1999年第6期,True,True,5,5,0,0,5,0,found
行政论坛,182,政治学,CSSCI,2000,1,2000年第1期,True,True,3,3,0,0,3,0,found
行政论坛,182,政治学,CSSCI,2000,2,2000年第2期,True,True,6,6,0,0,6,0,found
行政论坛,182,政治学,CSSCI,2000,3,2000年第3期,True,True,7,7,0,0,7,0,found
行政论坛,182,政治学,CSSCI,2000,4,2000年第4期,True,True,2,2,0,0,2,0,found
行政论坛,182,政治学,CSSCI,2000,5,2000年第5期,True,True,2,2,0,0,2,0,found
行政论坛,182,政治学,CSSCI,2000,6,2000年第6期,True,True,8,8,0,0,8,0,found
行政论坛,182,政治学,CSSCI,2001,1,2001年第1期,True,True,4,4,0,0,4,0,found
行政论坛,182,政治学,CSSCI,2001,2,2001年第2期,True,True,1,1,0,0,1,0,found
行政论坛,182,政治学,CSSCI,2001,3,2001年第3期,True,True,5,5,0,0,5,0,found
行政论坛,182,政治学,CSSCI,2001,4,2001年第4期,True,True,5,5,0,0,5,0,found
行政论坛,182,政治学,CSSCI,2001,5,2001年第5期,True,False,0,0,0,0,0,0,not_found_in_public_sources
行政论坛,182,政治学,CSSCI,2001,6,2001年第6期,True,True,4,4,0,0,4,0,found
行政论坛,182,政治学,CSSCI,2002,1,2002年第1期,True,True,8,8,0,0,8,0,found
行政论坛,182,政治学,CSSCI,2002,2,2002年第2期,True,True,4,4,0,0,4,0,found
行政论坛,182,政治学,CSSCI,2002,3,2002年第3期,True,True,4,4,0,0,4,0,found
行政论坛,182,政治学,CSSCI,2002,4,2002年第4期,True,True,7,7,0,0,7,0,found
行政论坛,182,政治学,CSSCI,2002,5,2002年第5期,True,True,4,4,0,0,4,0,found
行政论坛,182,政治学,CSSCI,2002,6,2002年第6期,True,True,8,8,0,0,8,0,found
行政论坛,182,政治学,CSSCI,2003,1,2003年第1期,True,True,7,7,0,0,7,0,found
行政论坛,182,政治学,CSSCI,2003,2,2003年第2期,True,True,3,3,0,0,3,0,found
行政论坛,182,政治学,CSSCI,2003,3,2003年第3期,True,True,4,4,0,0,4,0,found
行政论坛,182,政治学,CSSCI,2003,4,2003年第4期,True,True,7,7,0,0,7,0,found
行政论坛,182,政治学,CSSCI,2003,5,2003年第5期,True,True,8,8,0,0,8,0,found
行政论坛,182,政治学,CSSCI,2003,6,2003年第6期,True,True,4,4,0,0,4,0,found
行政论坛,182,政治学,CSSCI,2004,1,2004年第1期,True,True,5,5,0,0,5,0,found
行政论坛,182,政治学,CSSCI,2004,2,2004年第2期,True,True,6,6,0,0,6,0,found
行政论坛,182,政治学,CSSCI,2004,3,2004年第3期,True,True,4,4,0,0,4,0,found
行政论坛,182,政治学,CSSCI,2004,4,2004年第4期,True,True,4,4,0,0,4,0,found
行政论坛,182,政治学,CSSCI,2004,5,2004年第5期,True,True,3,3,0,0,3,0,found
行政论坛,182,政治学,CSSCI,2004,6,2004年第6期,True,True,6,6,0,0,6,0,found
行政论坛,182,政治学,CSSCI,2005,1,2005年第1期,True,True,7,7,0,0,7,0,found
行政论坛,182,政治学,CSSCI,2005,2,2005年第2期,True,True,4,4,0,0,4,0,found
行政论坛,182,政治学,CSSCI,2005,3,2005年第3期,True,True,2,2,0,0,2,0,found
行政论坛,182,政治学,CSSCI,2005,4,2005年第4期,True,True,9,9,0,0,9,0,found
行政论坛,182,政治学,CSSCI,2005,5,2005年第5期,True,True,8,8,0,0,8,0,found
行政论坛,182,政治学,CSSCI,2005,6,2005年第6期,True,True,7,7,0,0,7,0,found
行政论坛,182,政治学,CSSCI,2006,1,2006年第1期,True,True,2,2,0,0,2,0,found
行政论坛,182,政治学,CSSCI,2006,2,2006年第2期,True,True,9,9,0,0,9,0,found
行政论坛,182,政治学,CSSCI,2006,3,2006年第3期,True,True,5,5,0,0,5,0,found
行政论坛,182,政治学,CSSCI,2006,4,2006年第4期,True,True,5,5,0,0,5,0,found
行政论坛,182,政治学,CSSCI,2006,5,2006年第5期,True,True,9,9,0,0,9,0,found
行政论坛,182,政治学,CSSCI,2006,6,2006年第6期,True,True,4,4,0,0,4,0,found
行政论坛,182,政治学,CSSCI,2007,1,2007年第1期,True,True,7,7,0,0,7,0,found
行政论坛,182,政治学,CSSCI,2007,2,2007年第2期,True,True,5,5,0,0,5,0,found
行政论坛,182,政治学,CSSCI,2007,3,2007年第3期,True,True,6,6,0,0,6,0,found
行政论坛,182,政治学,CSSCI,2007,4,2007年第4期,True,True,12,12,0,0,12,0,found
行政论坛,182,政治学,CSSCI,2007,5,2007年第5期,True,True,7,7,0,0,7,0,found
行政论坛,182,政治学,CSSCI,2007,6,2007年第6期,True,True,6,6,0,0,6,0,found
行政论坛,182,政治学,CSSCI,2008,1,2008年第1期,True,True,5,5,0,0,5,0,found
行政论坛,182,政治学,CSSCI,2008,2,2008年第2期,True,True,7,7,0,0,7,0,found
行政论坛,182,政治学,CSSCI,2008,3,2008年第3期,True,True,8,8,0,0,8,0,found
行政论坛,182,政治学,CSSCI,2008,4,2008年第4期,True,True,5,5,0,0,5,0,found
行政论坛,182,政治学,CSSCI,2008,5,2008年第5期,True,True,9,9,0,0,9,0,found
行政论坛,182,政治学,CSSCI,2008,6,2008年第6期,True,True,11,11,0,0,11,0,found
行政论坛,182,政治学,CSSCI,2009,1,2009年第1期,True,True,4,4,0,0,4,0,found
行政论坛,182,政治学,CSSCI,2009,2,2009年第2期,True,True,7,7,0,0,7,0,found
行政论坛,182,政治学,CSSCI,2009,3,2009年第3期,True,True,9,9,0,0,9,0,found
行政论坛,182,政治学,CSSCI,2009,4,2009年第4期,True,True,4,4,0,0,4,0,found
行政论坛,182,政治学,CSSCI,2009,5,2009年第5期,True,True,9,9,0,0,9,0,found
行政论坛,182,政治学,CSSCI,2009,6,2009年第6期,True,True,7,7,0,0,7,0,found
行政论坛,182,政治学,CSSCI,2010,1,2010年第1期,True,True,11,11,0,0,11,0,found
行政论坛,182,政治学,CSSCI,2010,2,2010年第2期,True,True,9,9,0,0,9,0,found
行政论坛,182,政治学,CSSCI,2010,3,2010年第3期,True,True,9,9,0,0,9,0,found
行政论坛,182,政治学,CSSCI,2010,4,2010年第4期,True,True,3,3,0,0,3,0,found
行政论坛,182,政治学,CSSCI,2010,5,2010年第5期,True,True,11,11,0,0,11,0,found
行政论坛,182,政治学,CSSCI,2010,6,2010年第6期,True,False,0,0,0,0,0,0,not_found_in_public_sources
行政论坛,182,政治学,CSSCI,2011,1,2011年第1期,True,True,12,12,0,0,12,0,found
行政论坛,182,政治学,CSSCI,2011,2,2011年第2期,True,True,15,15,0,0,15,0,found
行政论坛,182,政治学,CSSCI,2011,3,2011年第3期,True,True,8,8,0,0,8,0,found
行政论坛,182,政治学,CSSCI,2011,4,2011年第4期,True,True,11,11,0,0,11,0,found
行政论坛,182,政治学,CSSCI,2011,5,2011年第5期,True,True,6,6,0,0,6,0,found
行政论坛,182,政治学,CSSCI,2011,6,2011年第6期,True,True,9,9,0,0,9,0,found
行政论坛,182,政治学,CSSCI,2012,1,2012年第1期,True,True,2,2,0,0,2,0,found
行政论坛,182,政治学,CSSCI,2012,2,2012年第2期,True,True,3,3,0,0,3,0,found
行政论坛,182,政治学,CSSCI,2012,3,2012年第3期,True,True,5,5,0,0,5,0,found
行政论坛,182,政治学,CSSCI,2012,4,2012年第4期,True,True,8,8,0,0,8,0,found
行政论坛,182,政治学,CSSCI,2012,5,2012年第5期,True,True,6,6,0,0,6,0,found
行政论坛,182,政治学,CSSCI,2012,6,2012年第6期,True,True,8,8,0,0,8,0,found
行政论坛,182,政治学,CSSCI,2013,1,2013年第1期,True,True,9,9,0,0,9,0,found
行政论坛,182,政治学,CSSCI,2013,2,2013年第2期,True,True,3,3,0,0,3,0,found
行政论坛,182,政治学,CSSCI,2013,3,2013年第3期,True,True,7,7,0,0,7,0,found
行政论坛,182,政治学,CSSCI,2013,4,2013年第4期,True,True,3,3,0,0,3,0,found
行政论坛,182,政治学,CSSCI,2013,5,2013年第5期,True,True,6,6,0,0,6,0,found
行政论坛,182,政治学,CSSCI,2013,6,2013年第6期,True,True,4,4,0,0,4,0,found
行政论坛,182,政治学,CSSCI,2014,1,2014年第1期,True,True,10,10,0,0,10,0,found
行政论坛,182,政治学,CSSCI,2014,2,2014年第2期,True,True,6,6,0,0,6,0,found
行政论坛,182,政治学,CSSCI,2014,3,2014年第3期,True,True,5,5,0,0,5,0,found
行政论坛,182,政治学,CSSCI,2014,4,2014年第4期,True,True,7,7,0,0,7,0,found
行政论坛,182,政治学,CSSCI,2014,5,2014年第5期,True,True,5,5,0,0,5,0,found
行政论坛,182,政治学,CSSCI,2014,6,2014年第6期,True,True,3,3,0,0,3,0,found
行政论坛,182,政治学,CSSCI,2015,1,2015年第1期,True,True,7,7,0,0,7,0,found
行政论坛,182,政治学,CSSCI,2015,2,2015年第2期,True,True,7,7,0,0,7,0,found
行政论坛,182,政治学,CSSCI,2015,3,2015年第3期,True,True,6,6,0,0,6,0,found
行政论坛,182,政治学,CSSCI,2015,4,2015年第4期,True,True,7,7,0,0,7,0,found
行政论坛,182,政治学,CSSCI,2015,5,2015年第5期,True,True,9,9,0,0,9,0,found
行政论坛,182,政治学,CSSCI,2015,6,2015年第6期,True,True,7,7,0,0,7,0,found
行政论坛,182,政治学,CSSCI,2016,1,2016年第1期,True,True,3,3,0,0,3,0,found
行政论坛,182,政治学,CSSCI,2016,2,2016年第2期,True,True,8,8,0,0,8,0,found
行政论坛,182,政治学,CSSCI,2016,3,2016年第3期,True,True,2,2,0,0,2,0,found
行政论坛,182,政治学,CSSCI,2016,4,2016年第4期,True,True,2,2,0,0,2,0,found
行政论坛,182,政治学,CSSCI,2016,5,2016年第5期,True,False,0,0,0,0,0,0,not_found_in_public_sources
行政论坛,182,政治学,CSSCI,2016,6,2016年第6期,True,False,0,0,0,0,0,0,not_found_in_public_sources
行政论坛,182,政治学,CSSCI,2017,1,2017年第1期,True,True,1,1,0,0,1,0,found
行政论坛,182,政治学,CSSCI,2017,2,2017年第2期,True,False,0,0,0,0,0,0,not_found_in_public_sources
行政论坛,182,政治学,CSSCI,2017,3,2017年第3期,True,False,0,0,0,0,0,0,not_found_in_public_sources
行政论坛,182,政治学,CSSCI,2017,4,2017年第4期,True,False,0,0,0,0,0,0,not_found_in_public_sources
行政论坛,182,政治学,CSSCI,2017,5,2017年第5期,True,False,0,0,0,0,0,0,not_found_in_public_sources
行政论坛,182,政治学,CSSCI,2017,6,2017年第6期,True,True,1,1,0,0,1,0,found
行政论坛,182,政治学,CSSCI,2018,1,2018年第1期,True,False,0,0,0,0,0,0,not_found_in_public_sources
行政论坛,182,政治学,CSSCI,2018,2,2018年第2期,True,False,0,0,0,0,0,0,not_found_in_public_sources
行政论坛,182,政治学,CSSCI,2018,3,2018年第3期,True,False,0,0,0,0,0,0,not_found_in_public_sources
行政论坛,182,政治学,CSSCI,2018,4,2018年第4期,True,False,0,0,0,0,0,0,not_found_in_public_sources
行政论坛,182,政治学,CSSCI,2018,5,2018年第5期,True,False,0,0,0,0,0,0,not_found_in_public_sources
行政论坛,182,政治学,CSSCI,2018,6,2018年第6期,True,False,0,0,0,0,0,0,not_found_in_public_sources
行政论坛,182,政治学,CSSCI,2019,1,2019年第1期,True,False,0,0,0,0,0,0,not_found_in_public_sources
行政论坛,182,政治学,CSSCI,2019,2,2019年第2期,True,False,0,0,0,0,0,0,not_found_in_public_sources
行政论坛,182,政治学,CSSCI,2019,3,2019年第3期,True,False,0,0,0,0,0,0,not_found_in_public_sources
行政论坛,182,政治学,CSSCI,2019,4,2019年第4期,True,False,0,0,0,0,0,0,not_found_in_public_sources
行政论坛,182,政治学,CSSCI,2019,5,2019年第5期,True,False,0,0,0,0,0,0,not_found_in_public_sources
行政论坛,182,政治学,CSSCI,2019,6,2019年第6期,True,False,0,0,0,0,0,0,not_found_in_public_sources
行政论坛,182,政治学,CSSCI,2020,1,2020年第1期,True,False,0,0,0,0,0,0,not_found_in_public_sources
行政论坛,182,政治学,CSSCI,2020,2,2020年第2期,True,False,0,0,0,0,0,0,not_found_in_public_sources
行政论坛,182,政治学,CSSCI,2020,3,2020年第3期,True,False,0,0,0,0,0,0,not_found_in_public_sources
行政论坛,182,政治学,CSSCI,2020,4,2020年第4期,True,False,0,0,0,0,0,0,not_found_in_public_sources
行政论坛,182,政治学,CSSCI,2020,5,2020年第5期,True,False,0,0,0,0,0,0,not_found_in_public_sources
行政论坛,182,政治学,CSSCI,2020,6,2020年第6期,True,False,0,0,0,0,0,0,not_found_in_public_sources
行政论坛,182,政治学,CSSCI,2021,1,2021年第1期,True,False,0,0,0,0,0,0,not_found_in_public_sources
行政论坛,182,政治学,CSSCI,2021,2,2021年第2期,True,False,0,0,0,0,0,0,not_found_in_public_sources
行政论坛,182,政治学,CSSCI,2021,3,2021年第3期,True,False,0,0,0,0,0,0,not_found_in_public_sources
行政论坛,182,政治学,CSSCI,2021,4,2021年第4期,True,False,0,0,0,0,0,0,not_found_in_public_sources
行政论坛,182,政治学,CSSCI,2021,5,2021年第5期,True,False,0,0,0,0,0,0,not_found_in_public_sources
行政论坛,182,政治学,CSSCI,2021,6,2021年第6期,True,False,0,0,0,0,0,0,not_found_in_public_sources
行政论坛,182,政治学,CSSCI,2022,1,2022年第1期,True,False,0,0,0,0,0,0,not_found_in_public_sources
行政论坛,182,政治学,CSSCI,2022,2,2022年第2期,True,False,0,0,0,0,0,0,not_found_in_public_sources
行政论坛,182,政治学,CSSCI,2022,3,2022年第3期,True,False,0,0,0,0,0,0,not_found_in_public_sources
行政论坛,182,政治学,CSSCI,2022,4,2022年第4期,True,False,0,0,0,0,0,0,not_found_in_public_sources
行政论坛,182,政治学,CSSCI,2022,5,2022年第5期,True,False,0,0,0,0,0,0,not_found_in_public_sources
行政论坛,182,政治学,CSSCI,2022,6,2022年第6期,True,False,0,0,0,0,0,0,not_found_in_public_sources
行政论坛,182,政治学,CSSCI,2023,1,2023年第1期,True,False,0,0,0,0,0,0,not_found_in_public_sources
行政论坛,182,政治学,CSSCI,2023,2,2023年第2期,True,False,0,0,0,0,0,0,not_found_in_public_sources
行政论坛,182,政治学,CSSCI,2023,3,2023年第3期,True,False,0,0,0,0,0,0,not_found_in_public_sources
行政论坛,182,政治学,CSSCI,2023,4,2023年第4期,True,False,0,0,0,0,0,0,not_found_in_public_sources
行政论坛,182,政治学,CSSCI,2023,5,2023年第5期,True,False,0,0,0,0,0,0,not_found_in_public_sources
行政论坛,182,政治学,CSSCI,2023,6,2023年第6期,True,False,0,0,0,0,0,0,not_found_in_public_sources
行政论坛,182,政治学,CSSCI,2024,1,2024年第1期,True,False,0,0,0,0,0,0,not_found_in_public_sources
行政论坛,182,政治学,CSSCI,2024,2,2024年第2期,True,False,0,0,0,0,0,0,not_found_in_public_sources
行政论坛,182,政治学,CSSCI,2024,3,2024年第3期,True,False,0,0,0,0,0,0,not_found_in_public_sources
行政论坛,182,政治学,CSSCI,2024,4,2024年第4期,True,False,0,0,0,0,0,0,not_found_in_public_sources
行政论坛,182,政治学,CSSCI,2024,5,2024年第5期,True,False,0,0,0,0,0,0,not_found_in_public_sources
行政论坛,182,政治学,CSSCI,2024,6,2024年第6期,True,False,0,0,0,0,0,0,not_found_in_public_sources
行政论坛,182,政治学,CSSCI,2025,1,2025年第1期,True,False,0,0,0,0,0,0,not_found_in_public_sources
行政论坛,182,政治学,CSSCI,2025,2,2025年第2期,True,False,0,0,0,0,0,0,not_found_in_public_sources
行政论坛,182,政治学,CSSCI,2025,3,2025年第3期,True,False,0,0,0,0,0,0,not_found_in_public_sources
行政论坛,182,政治学,CSSCI,2025,4,2025年第4期,True,False,0,0,0,0,0,0,not_found_in_public_sources
行政论坛,182,政治学,CSSCI,2025,5,2025年第5期,True,False,0,0,0,0,0,0,not_found_in_public_sources
行政论坛,182,政治学,CSSCI,2025,6,2025年第6期,True,False,0,0,0,0,0,0,not_found_in_public_sources
行政论坛,182,政治学,CSSCI,2026,,2026年,False,False,0,0,0,0,0,0,2026_no_public_issue_found
公共行政评论,183,政治学,CSSCI,2010,1,2010年第1期,True,True,14,0,3,0,1,0,found
公共行政评论,183,政治学,CSSCI,2010,2,2010年第2期,True,True,13,0,2,0,1,0,found
公共行政评论,183,政治学,CSSCI,2010,3,2010年第3期,True,True,12,0,2,0,1,0,found
公共行政评论,183,政治学,CSSCI,2010,4,2010年第4期,True,True,12,0,2,0,1,0,found
公共行政评论,183,政治学,CSSCI,2010,5,2010年第5期,True,True,12,0,2,0,1,0,found
公共行政评论,183,政治学,CSSCI,2010,6,2010年第6期,True,True,15,0,4,0,0,0,found
公共行政评论,183,政治学,CSSCI,2011,1,2011年第1期,True,True,14,0,1,0,1,0,found
公共行政评论,183,政治学,CSSCI,2011,2,2011年第2期,True,True,11,0,2,0,0,0,found
公共行政评论,183,政治学,CSSCI,2011,3,2011年第3期,True,True,10,0,1,0,0,0,found
公共行政评论,183,政治学,CSSCI,2011,4,2011年第4期,True,True,11,0,1,0,0,0,found
公共行政评论,183,政治学,CSSCI,2011,5,2011年第5期,True,True,11,0,1,0,0,0,found
公共行政评论,183,政治学,CSSCI,2011,6,2011年第6期,True,True,12,0,3,0,2,0,found
公共行政评论,183,政治学,CSSCI,2012,1,2012年第1期,True,True,17,0,3,0,0,0,found
公共行政评论,183,政治学,CSSCI,2012,2,2012年第2期,True,True,11,0,1,0,0,0,found
公共行政评论,183,政治学,CSSCI,2012,3,2012年第3期,True,True,11,0,2,0,1,0,found
公共行政评论,183,政治学,CSSCI,2012,4,2012年第4期,True,True,12,0,2,0,1,0,found
公共行政评论,183,政治学,CSSCI,2012,5,2012年第5期,True,True,11,0,1,0,1,0,found
公共行政评论,183,政治学,CSSCI,2012,6,2012年第6期,True,True,15,0,4,0,2,0,found
公共行政评论,183,政治学,CSSCI,2013,1,2013年第1期,True,True,14,0,3,0,1,0,found
公共行政评论,183,政治学,CSSCI,2013,2,2013年第2期,True,True,12,0,2,0,1,0,found
公共行政评论,183,政治学,CSSCI,2013,3,2013年第3期,True,True,13,0,3,0,1,0,found
公共行政评论,183,政治学,CSSCI,2013,4,2013年第4期,True,True,10,0,2,0,1,0,found
公共行政评论,183,政治学,CSSCI,2013,5,2013年第5期,True,True,13,0,1,0,0,0,found
公共行政评论,183,政治学,CSSCI,2013,6,2013年第6期,True,True,11,0,2,0,1,0,found
公共行政评论,183,政治学,CSSCI,2014,1,2014年第1期,True,True,11,0,2,0,1,0,found
公共行政评论,183,政治学,CSSCI,2014,2,2014年第2期,True,True,10,0,2,0,1,0,found
公共行政评论,183,政治学,CSSCI,2014,3,2014年第3期,True,True,10,0,2,0,1,0,found
公共行政评论,183,政治学,CSSCI,2014,4,2014年第4期,True,True,11,0,2,0,0,0,found
公共行政评论,183,政治学,CSSCI,2014,5,2014年第5期,True,True,12,0,1,0,0,0,found
公共行政评论,183,政治学,CSSCI,2014,6,2014年第6期,True,True,13,0,3,0,2,0,found
公共行政评论,183,政治学,CSSCI,2015,1,2015年第1期,True,True,13,0,3,0,0,0,found
公共行政评论,183,政治学,CSSCI,2015,2,2015年第2期,True,True,6,6,0,0,6,0,found
公共行政评论,183,政治学,CSSCI,2015,3,2015年第3期,True,True,15,0,4,0,1,0,found
公共行政评论,183,政治学,CSSCI,2015,4,2015年第4期,True,True,7,7,0,0,7,0,found
公共行政评论,183,政治学,CSSCI,2015,5,2015年第5期,True,True,1,1,0,0,1,0,found
公共行政评论,183,政治学,CSSCI,2015,6,2015年第6期,True,True,2,2,0,0,2,0,found
公共行政评论,183,政治学,CSSCI,2016,1,2016年第1期,True,True,12,0,2,0,0,0,found
公共行政评论,183,政治学,CSSCI,2016,2,2016年第2期,True,True,16,0,5,0,1,0,found
公共行政评论,183,政治学,CSSCI,2016,3,2016年第3期,True,True,16,0,4,0,0,0,found
公共行政评论,183,政治学,CSSCI,2016,4,2016年第4期,True,True,15,0,2,0,1,0,found
公共行政评论,183,政治学,CSSCI,2016,5,2016年第5期,True,True,16,0,4,0,0,0,found
公共行政评论,183,政治学,CSSCI,2016,6,2016年第6期,True,True,17,0,4,0,0,0,found
公共行政评论,183,政治学,CSSCI,2017,1,2017年第1期,True,True,12,0,2,0,1,0,found
公共行政评论,183,政治学,CSSCI,2017,2,2017年第2期,True,True,16,0,4,0,0,0,found
公共行政评论,183,政治学,CSSCI,2017,3,2017年第3期,True,True,16,0,5,0,0,0,found
公共行政评论,183,政治学,CSSCI,2017,4,2017年第4期,True,True,16,0,4,0,0,0,found
公共行政评论,183,政治学,CSSCI,2017,6,2017年第6期,True,True,17,0,0,0,0,0,found
公共行政评论,183,政治学,CSSCI,2018,1,2018年第1期,True,True,15,0,0,0,0,0,found
公共行政评论,183,政治学,CSSCI,2018,2,2018年第2期,True,True,14,0,0,0,1,0,found
公共行政评论,183,政治学,CSSCI,2018,3,2018年第3期,True,True,12,0,0,0,0,0,found
公共行政评论,183,政治学,CSSCI,2018,4,2018年第4期,True,True,11,0,0,0,0,0,found
公共行政评论,183,政治学,CSSCI,2018,5,2018年第5期,True,True,11,0,0,0,0,0,found
公共行政评论,183,政治学,CSSCI,2018,6,2018年第6期,True,True,15,0,2,0,0,0,found
公共行政评论,183,政治学,CSSCI,2019,1,2019年第1期,True,True,15,0,2,0,0,0,found
公共行政评论,183,政治学,CSSCI,2019,2,2019年第2期,True,True,16,0,2,0,0,0,found
公共行政评论,183,政治学,CSSCI,2019,3,2019年第3期,True,True,15,0,2,0,0,0,found
公共行政评论,183,政治学,CSSCI,2019,4,2019年第4期,True,True,15,0,2,0,0,0,found
公共行政评论,183,政治学,CSSCI,2019,5,2019年第5期,True,True,14,0,2,0,0,0,found
公共行政评论,183,政治学,CSSCI,2019,6,2019年第6期,True,True,15,0,3,0,1,0,found
公共行政评论,183,政治学,CSSCI,2020,1,2020年第1期,True,True,13,0,2,0,0,0,found
公共行政评论,183,政治学,CSSCI,2020,2,2020年第2期,True,True,15,0,3,0,0,0,found
公共行政评论,183,政治学,CSSCI,2020,3,2020年第3期,True,True,14,0,3,0,0,0,found
公共行政评论,183,政治学,CSSCI,2020,4,2020年第4期,True,True,15,0,4,0,1,0,found
公共行政评论,183,政治学,CSSCI,2020,5,2020年第5期,True,True,14,0,4,0,1,0,found
公共行政评论,183,政治学,CSSCI,2020,6,2020年第6期,True,True,16,0,4,0,1,0,found
公共行政评论,183,政治学,CSSCI,2021,1,2021年第1期,True,True,13,0,0,0,0,0,found
公共行政评论,183,政治学,CSSCI,2021,2,2021年第2期,True,True,11,0,0,0,0,0,found
公共行政评论,183,政治学,CSSCI,2021,3,2021年第3期,True,True,12,0,0,0,0,0,found
公共行政评论,183,政治学,CSSCI,2021,4,2021年第4期,True,True,12,0,0,0,0,0,found
公共行政评论,183,政治学,CSSCI,2021,5,2021年第5期,True,True,12,0,0,0,0,0,found
公共行政评论,183,政治学,CSSCI,2021,6,2021年第6期,True,True,14,0,0,0,1,0,found
公共行政评论,183,政治学,CSSCI,2022,1,2022年第1期,True,True,12,0,0,0,0,0,found
公共行政评论,183,政治学,CSSCI,2022,2,2022年第2期,True,True,12,0,0,0,0,0,found
公共行政评论,183,政治学,CSSCI,2022,3,2022年第3期,True,True,12,0,0,0,0,0,found
公共行政评论,183,政治学,CSSCI,2022,4,2022年第4期,True,True,12,0,0,0,0,0,found
公共行政评论,183,政治学,CSSCI,2022,5,2022年第5期,True,True,12,0,1,0,0,0,found
公共行政评论,183,政治学,CSSCI,2022,6,2022年第6期,True,True,15,0,3,0,1,0,found
公共行政评论,183,政治学,CSSCI,2023,1,2023年第1期,True,True,12,0,1,0,0,0,found
公共行政评论,183,政治学,CSSCI,2023,2,2023年第2期,True,True,11,0,0,0,0,0,found
公共行政评论,183,政治学,CSSCI,2023,3,2023年第3期,True,True,11,0,1,0,0,0,found
公共行政评论,183,政治学,CSSCI,2023,4,2023年第4期,True,True,11,0,0,0,0,0,found
公共行政评论,183,政治学,CSSCI,2023,5,2023年第5期,True,True,12,0,1,0,0,0,found
公共行政评论,183,政治学,CSSCI,2023,6,2023年第6期,True,True,13,0,2,0,1,0,found
公共行政评论,183,政治学,CSSCI,2024,1,2024年第1期,True,True,11,0,0,0,0,0,found
公共行政评论,183,政治学,CSSCI,2024,2,2024年第2期,True,True,11,0,0,0,0,0,found
公共行政评论,183,政治学,CSSCI,2024,3,2024年第3期,True,True,10,0,0,0,0,0,found
公共行政评论,183,政治学,CSSCI,2024,4,2024年第4期,True,True,10,0,0,0,0,0,found
公共行政评论,183,政治学,CSSCI,2024,5,2024年第5期,True,True,11,0,0,0,0,0,found
公共行政评论,183,政治学,CSSCI,2024,6,2024年第6期,True,True,13,0,2,0,1,0,found
公共行政评论,183,政治学,CSSCI,2025,1,2025年第1期,True,True,10,0,0,0,0,0,found
公共行政评论,183,政治学,CSSCI,2025,2,2025年第2期,True,True,10,0,0,0,0,0,found
公共行政评论,183,政治学,CSSCI,2025,3,2025年第3期,True,True,10,0,0,0,0,0,found
公共行政评论,183,政治学,CSSCI,2025,4,2025年第4期,True,True,10,0,0,0,0,0,found
公共行政评论,183,政治学,CSSCI,2025,5,2025年第5期,True,True,10,0,0,0,0,0,found
公共行政评论,183,政治学,CSSCI,2025,6,2025年第6期,True,True,13,0,2,0,1,0,found
理论探索,185,政治学,CSSCI,1989,1,1989年第1期,True,True,1,1,0,0,1,0,found
理论探索,185,政治学,CSSCI,1989,2,1989年第2期,True,False,0,0,0,0,0,0,not_found_in_public_sources
理论探索,185,政治学,CSSCI,1989,3,1989年第3期,True,True,3,3,0,0,3,0,found
理论探索,185,政治学,CSSCI,1989,4,1989年第4期,True,False,0,0,0,0,0,0,not_found_in_public_sources
理论探索,185,政治学,CSSCI,1989,5,1989年第5期,True,False,0,0,0,0,0,0,not_found_in_public_sources
理论探索,185,政治学,CSSCI,1989,6,1989年第6期,True,False,0,0,0,0,0,0,not_found_in_public_sources
理论探索,185,政治学,CSSCI,1990,1,1990年第1期,True,True,2,2,0,0,2,0,found
理论探索,185,政治学,CSSCI,1990,2,1990年第2期,True,True,1,1,0,0,1,0,found
理论探索,185,政治学,CSSCI,1990,3,1990年第3期,True,False,0,0,0,0,0,0,not_found_in_public_sources
理论探索,185,政治学,CSSCI,1990,4,1990年第4期,True,True,4,4,0,0,4,0,found
理论探索,185,政治学,CSSCI,1990,5,1990年第5期,True,False,0,0,0,0,0,0,not_found_in_public_sources
理论探索,185,政治学,CSSCI,1990,6,1990年第6期,True,False,0,0,0,0,0,0,not_found_in_public_sources
理论探索,185,政治学,CSSCI,1991,1,1991年第1期,True,True,2,2,0,0,2,0,found
理论探索,185,政治学,CSSCI,1991,2,1991年第2期,True,True,2,2,0,0,2,0,found
理论探索,185,政治学,CSSCI,1991,3,1991年第3期,True,False,0,0,0,0,0,0,not_found_in_public_sources
理论探索,185,政治学,CSSCI,1991,4,1991年第4期,True,True,3,3,0,0,3,0,found
理论探索,185,政治学,CSSCI,1991,5,1991年第5期,True,False,0,0,0,0,0,0,not_found_in_public_sources
理论探索,185,政治学,CSSCI,1991,6,1991年第6期,True,False,0,0,0,0,0,0,not_found_in_public_sources
理论探索,185,政治学,CSSCI,1992,1,1992年第1期,True,True,3,3,0,0,3,0,found
理论探索,185,政治学,CSSCI,1992,2,1992年第2期,True,True,2,2,0,0,2,0,found
理论探索,185,政治学,CSSCI,1992,3,1992年第3期,True,True,2,2,0,0,2,0,found
理论探索,185,政治学,CSSCI,1992,4,1992年第4期,True,False,0,0,0,0,0,0,not_found_in_public_sources
理论探索,185,政治学,CSSCI,1992,5,1992年第5期,True,False,0,0,0,0,0,0,not_found_in_public_sources
理论探索,185,政治学,CSSCI,1992,6,1992年第6期,True,False,0,0,0,0,0,0,not_found_in_public_sources
理论探索,185,政治学,CSSCI,1993,1,1993年第1期,True,True,1,1,0,0,1,0,found
理论探索,185,政治学,CSSCI,1993,2,1993年第2期,True,True,2,2,0,0,2,0,found
理论探索,185,政治学,CSSCI,1993,3,1993年第3期,True,True,1,1,0,0,1,0,found
理论探索,185,政治学,CSSCI,1993,4,1993年第4期,True,False,0,0,0,0,0,0,not_found_in_public_sources
理论探索,185,政治学,CSSCI,1993,5,1993年第5期,True,True,1,1,0,0,1,0,found
理论探索,185,政治学,CSSCI,1993,6,1993年第6期,True,False,0,0,0,0,0,0,not_found_in_public_sources
理论探索,185,政治学,CSSCI,1994,1,1994年第1期,True,False,0,0,0,0,0,0,not_found_in_public_sources
理论探索,185,政治学,CSSCI,1994,2,1994年第2期,True,False,0,0,0,0,0,0,not_found_in_public_sources
理论探索,185,政治学,CSSCI,1994,3,1994年第3期,True,True,2,2,0,0,2,0,found
理论探索,185,政治学,CSSCI,1994,4,1994年第4期,True,True,1,1,0,0,1,0,found
理论探索,185,政治学,CSSCI,1994,5,1994年第5期,True,False,0,0,0,0,0,0,not_found_in_public_sources
理论探索,185,政治学,CSSCI,1994,6,1994年第6期,True,True,1,1,0,0,1,0,found
理论探索,185,政治学,CSSCI,1995,1,1995年第1期,True,False,0,0,0,0,0,0,not_found_in_public_sources
理论探索,185,政治学,CSSCI,1995,2,1995年第2期,True,True,1,1,0,0,1,0,found
理论探索,185,政治学,CSSCI,1995,3,1995年第3期,True,True,1,1,0,0,1,0,found
理论探索,185,政治学,CSSCI,1995,4,1995年第4期,True,True,2,2,0,0,2,0,found
理论探索,185,政治学,CSSCI,1995,5,1995年第5期,True,True,2,2,0,0,2,0,found
理论探索,185,政治学,CSSCI,1995,6,1995年第6期,True,False,0,0,0,0,0,0,not_found_in_public_sources
理论探索,185,政治学,CSSCI,1996,1,1996年第1期,True,True,5,5,0,0,5,0,found
理论探索,185,政治学,CSSCI,1996,2,1996年第2期,True,False,0,0,0,0,0,0,not_found_in_public_sources
理论探索,185,政治学,CSSCI,1996,3,1996年第3期,True,True,5,5,0,0,5,0,found
理论探索,185,政治学,CSSCI,1996,4,1996年第4期,True,True,3,3,0,0,3,0,found
理论探索,185,政治学,CSSCI,1996,5,1996年第5期,True,True,2,2,0,0,2,0,found
理论探索,185,政治学,CSSCI,1996,6,1996年第6期,True,True,1,1,0,0,1,0,found
理论探索,185,政治学,CSSCI,1997,1,1997年第1期,True,True,1,1,0,0,1,0,found
理论探索,185,政治学,CSSCI,1997,2,1997年第2期,True,True,5,5,0,0,5,0,found
理论探索,185,政治学,CSSCI,1997,3,1997年第3期,True,True,1,1,0,0,1,0,found
理论探索,185,政治学,CSSCI,1997,4,1997年第4期,True,True,2,2,0,0,2,0,found
理论探索,185,政治学,CSSCI,1997,5,1997年第5期,True,True,4,4,0,0,4,0,found
理论探索,185,政治学,CSSCI,1997,6,1997年第6期,True,False,0,0,0,0,0,0,not_found_in_public_sources
理论探索,185,政治学,CSSCI,1998,1,1998年第1期,True,False,0,0,0,0,0,0,not_found_in_public_sources
理论探索,185,政治学,CSSCI,1998,2,1998年第2期,True,True,1,1,0,0,1,0,found
理论探索,185,政治学,CSSCI,1998,3,1998年第3期,True,True,3,3,0,0,3,0,found
理论探索,185,政治学,CSSCI,1998,4,1998年第4期,True,True,1,1,0,0,1,0,found
理论探索,185,政治学,CSSCI,1998,5,1998年第5期,True,True,1,1,0,0,1,0,found
理论探索,185,政治学,CSSCI,1998,6,1998年第6期,True,True,2,2,0,0,2,0,found
理论探索,185,政治学,CSSCI,1999,1,1999年第1期,True,True,1,1,0,0,1,0,found
理论探索,185,政治学,CSSCI,1999,2,1999年第2期,True,True,1,1,0,0,1,0,found
理论探索,185,政治学,CSSCI,1999,3,1999年第3期,True,True,3,3,0,0,3,0,found
理论探索,185,政治学,CSSCI,1999,4,1999年第4期,True,True,4,4,0,0,4,0,found
理论探索,185,政治学,CSSCI,1999,5,1999年第5期,True,True,1,1,0,0,1,0,found
理论探索,185,政治学,CSSCI,1999,6,1999年第6期,True,True,2,2,0,0,2,0,found
理论探索,185,政治学,CSSCI,2000,1,2000年第1期,True,True,4,4,0,0,4,0,found
理论探索,185,政治学,CSSCI,2000,2,2000年第2期,True,True,3,3,0,0,3,0,found
理论探索,185,政治学,CSSCI,2000,3,2000年第3期,True,True,2,2,0,0,2,0,found
理论探索,185,政治学,CSSCI,2000,4,2000年第4期,True,True,2,2,0,0,2,0,found
理论探索,185,政治学,CSSCI,2000,5,2000年第5期,True,True,4,4,0,0,4,0,found
理论探索,185,政治学,CSSCI,2000,6,2000年第6期,True,True,1,1,0,0,1,0,found
理论探索,185,政治学,CSSCI,2001,1,2001年第1期,True,True,1,1,0,0,1,0,found
理论探索,185,政治学,CSSCI,2001,2,2001年第2期,True,True,3,3,0,0,3,0,found
理论探索,185,政治学,CSSCI,2001,3,2001年第3期,True,True,4,4,0,0,4,0,found
理论探索,185,政治学,CSSCI,2001,4,2001年第4期,True,True,1,1,0,0,1,0,found
理论探索,185,政治学,CSSCI,2001,5,2001年第5期,True,True,2,2,0,0,2,0,found
理论探索,185,政治学,CSSCI,2001,6,2001年第6期,True,True,2,2,0,0,2,0,found
理论探索,185,政治学,CSSCI,2002,1,2002年第1期,True,True,1,1,0,0,1,0,found
理论探索,185,政治学,CSSCI,2002,2,2002年第2期,True,True,4,4,0,0,4,0,found
理论探索,185,政治学,CSSCI,2002,3,2002年第3期,True,True,2,2,0,0,2,0,found
理论探索,185,政治学,CSSCI,2002,4,2002年第4期,True,True,3,3,0,0,3,0,found
理论探索,185,政治学,CSSCI,2002,5,2002年第5期,True,True,2,2,0,0,2,0,found
理论探索,185,政治学,CSSCI,2002,6,2002年第6期,True,False,0,0,0,0,0,0,not_found_in_public_sources
理论探索,185,政治学,CSSCI,2003,1,2003年第1期,True,True,4,4,0,0,4,0,found
理论探索,185,政治学,CSSCI,2003,2,2003年第2期,True,True,1,1,0,0,1,0,found
理论探索,185,政治学,CSSCI,2003,3,2003年第3期,True,True,1,1,0,0,1,0,found
理论探索,185,政治学,CSSCI,2003,4,2003年第4期,True,True,4,4,0,0,4,0,found
理论探索,185,政治学,CSSCI,2003,5,2003年第5期,True,True,3,3,0,0,3,0,found
理论探索,185,政治学,CSSCI,2003,6,2003年第6期,True,True,1,1,0,0,1,0,found
理论探索,185,政治学,CSSCI,2004,1,2004年第1期,True,True,4,4,0,0,4,0,found
理论探索,185,政治学,CSSCI,2004,2,2004年第2期,True,True,3,3,0,0,3,0,found
理论探索,185,政治学,CSSCI,2004,3,2004年第3期,True,True,2,2,0,0,2,0,found
理论探索,185,政治学,CSSCI,2004,4,2004年第4期,True,True,6,6,0,0,6,0,found
理论探索,185,政治学,CSSCI,2004,5,2004年第5期,True,True,6,6,0,0,6,0,found
理论探索,185,政治学,CSSCI,2004,6,2004年第6期,True,True,5,5,0,0,5,0,found
理论探索,185,政治学,CSSCI,2005,1,2005年第1期,True,True,1,1,0,0,1,0,found
理论探索,185,政治学,CSSCI,2005,2,2005年第2期,True,True,3,3,0,0,3,0,found
理论探索,185,政治学,CSSCI,2005,3,2005年第3期,True,False,0,0,0,0,0,0,not_found_in_public_sources
理论探索,185,政治学,CSSCI,2005,4,2005年第4期,True,True,6,6,0,0,6,0,found
理论探索,185,政治学,CSSCI,2005,5,2005年第5期,True,True,4,4,0,0,4,0,found
理论探索,185,政治学,CSSCI,2005,6,2005年第6期,True,True,1,1,0,0,1,0,found
理论探索,185,政治学,CSSCI,2006,1,2006年第1期,True,True,3,3,0,0,3,0,found
理论探索,185,政治学,CSSCI,2006,2,2006年第2期,True,True,6,6,0,0,6,0,found
理论探索,185,政治学,CSSCI,2006,3,2006年第3期,True,True,4,4,0,0,4,0,found
理论探索,185,政治学,CSSCI,2006,4,2006年第4期,True,True,5,5,0,0,5,0,found
理论探索,185,政治学,CSSCI,2006,5,2006年第5期,True,True,2,2,0,0,2,0,found
理论探索,185,政治学,CSSCI,2006,6,2006年第6期,True,True,2,2,0,0,2,0,found
理论探索,185,政治学,CSSCI,2007,1,2007年第1期,True,True,4,4,0,0,4,0,found
理论探索,185,政治学,CSSCI,2007,2,2007年第2期,True,True,3,3,0,0,3,0,found
理论探索,185,政治学,CSSCI,2007,3,2007年第3期,True,True,4,4,0,0,4,0,found
理论探索,185,政治学,CSSCI,2007,4,2007年第4期,True,True,3,3,0,0,3,0,found
理论探索,185,政治学,CSSCI,2007,5,2007年第5期,True,True,4,4,0,0,4,0,found
理论探索,185,政治学,CSSCI,2007,6,2007年第6期,True,True,5,5,0,0,5,0,found
理论探索,185,政治学,CSSCI,2008,1,2008年第1期,True,True,9,9,0,0,9,0,found
理论探索,185,政治学,CSSCI,2008,2,2008年第2期,True,True,4,4,0,0,4,0,found
理论探索,185,政治学,CSSCI,2008,3,2008年第3期,True,True,5,5,0,0,5,0,found
理论探索,185,政治学,CSSCI,2008,4,2008年第4期,True,True,10,10,0,0,10,0,found
理论探索,185,政治学,CSSCI,2008,5,2008年第5期,True,True,4,4,0,0,4,0,found
理论探索,185,政治学,CSSCI,2008,6,2008年第6期,True,True,5,5,0,0,5,0,found
理论探索,185,政治学,CSSCI,2009,1,2009年第1期,True,True,9,9,0,0,9,0,found
理论探索,185,政治学,CSSCI,2009,2,2009年第2期,True,True,3,3,0,0,3,0,found
理论探索,185,政治学,CSSCI,2009,3,2009年第3期,True,True,4,4,0,0,4,0,found
理论探索,185,政治学,CSSCI,2009,4,2009年第4期,True,True,1,1,0,0,1,0,found
理论探索,185,政治学,CSSCI,2009,5,2009年第5期,True,True,6,6,0,0,6,0,found
理论探索,185,政治学,CSSCI,2009,6,2009年第6期,True,True,5,5,0,0,5,0,found
理论探索,185,政治学,CSSCI,2010,1,2010年第1期,True,True,7,7,0,0,7,0,found
理论探索,185,政治学,CSSCI,2010,2,2010年第2期,True,True,1,1,0,0,1,0,found
理论探索,185,政治学,CSSCI,2010,3,2010年第3期,True,True,1,1,0,0,1,0,found
理论探索,185,政治学,CSSCI,2010,4,2010年第4期,True,True,7,7,0,0,7,0,found
理论探索,185,政治学,CSSCI,2010,5,2010年第5期,True,True,5,5,0,0,5,0,found
理论探索,185,政治学,CSSCI,2010,6,2010年第6期,True,True,6,6,0,0,6,0,found
理论探索,185,政治学,CSSCI,2011,1,2011年第1期,True,True,5,5,0,0,5,0,found
理论探索,185,政治学,CSSCI,2011,2,2011年第2期,True,True,3,3,0,0,3,0,found
理论探索,185,政治学,CSSCI,2011,3,2011年第3期,True,True,7,7,0,0,7,0,found
理论探索,185,政治学,CSSCI,2011,4,2011年第4期,True,True,3,3,0,0,3,0,found
理论探索,185,政治学,CSSCI,2011,5,2011年第5期,True,True,4,4,0,0,4,0,found
理论探索,185,政治学,CSSCI,2011,6,2011年第6期,True,True,3,3,0,0,3,0,found
理论探索,185,政治学,CSSCI,2012,1,2012年第1期,True,True,6,6,0,0,6,0,found
理论探索,185,政治学,CSSCI,2012,2,2012年第2期,True,True,3,3,0,0,3,0,found
理论探索,185,政治学,CSSCI,2012,3,2012年第3期,True,True,3,3,0,0,3,0,found
理论探索,185,政治学,CSSCI,2012,4,2012年第4期,True,True,7,7,0,0,7,0,found
理论探索,185,政治学,CSSCI,2012,5,2012年第5期,True,True,2,2,0,0,2,0,found
理论探索,185,政治学,CSSCI,2012,6,2012年第6期,True,True,7,7,0,0,7,0,found
理论探索,185,政治学,CSSCI,2013,1,2013年第1期,True,True,6,6,0,0,6,0,found
理论探索,185,政治学,CSSCI,2013,2,2013年第2期,True,True,9,9,0,0,9,0,found
理论探索,185,政治学,CSSCI,2013,3,2013年第3期,True,True,3,3,0,0,3,0,found
理论探索,185,政治学,CSSCI,2013,4,2013年第4期,True,True,3,3,0,0,3,0,found
理论探索,185,政治学,CSSCI,2013,5,2013年第5期,True,True,7,7,0,0,7,0,found
理论探索,185,政治学,CSSCI,2013,6,2013年第6期,True,True,3,3,0,0,3,0,found
理论探索,185,政治学,CSSCI,2014,1,2014年第1期,True,True,4,4,0,0,4,0,found
理论探索,185,政治学,CSSCI,2014,2,2014年第2期,True,True,5,5,0,0,5,0,found
理论探索,185,政治学,CSSCI,2014,3,2014年第3期,True,True,5,5,0,0,5,0,found
理论探索,185,政治学,CSSCI,2014,4,2014年第4期,True,True,6,6,0,0,6,0,found
理论探索,185,政治学,CSSCI,2014,5,2014年第5期,True,True,4,4,0,0,4,0,found
理论探索,185,政治学,CSSCI,2014,6,2014年第6期,True,True,4,4,0,0,4,0,found
理论探索,185,政治学,CSSCI,2015,1,2015年第1期,True,True,4,4,0,0,4,0,found
理论探索,185,政治学,CSSCI,2015,2,2015年第2期,True,True,2,2,0,0,2,0,found
理论探索,185,政治学,CSSCI,2015,3,2015年第3期,True,True,2,2,0,0,2,0,found
理论探索,185,政治学,CSSCI,2015,4,2015年第4期,True,True,4,4,0,0,4,0,found
理论探索,185,政治学,CSSCI,2015,5,2015年第5期,True,True,3,3,0,0,3,0,found
理论探索,185,政治学,CSSCI,2015,6,2015年第6期,True,True,6,6,0,0,6,0,found
理论探索,185,政治学,CSSCI,2016,1,2016年第1期,True,True,4,4,0,0,4,0,found
理论探索,185,政治学,CSSCI,2016,2,2016年第2期,True,True,4,4,0,0,4,0,found
理论探索,185,政治学,CSSCI,2016,3,2016年第3期,True,True,2,2,0,0,2,0,found
理论探索,185,政治学,CSSCI,2016,4,2016年第4期,True,True,4,4,0,0,4,0,found
理论探索,185,政治学,CSSCI,2016,5,2016年第5期,True,False,0,0,0,0,0,0,not_found_in_public_sources
理论探索,185,政治学,CSSCI,2016,6,2016年第6期,True,True,1,1,0,0,1,0,found
理论探索,185,政治学,CSSCI,2017,1,2017年第1期,True,False,0,0,0,0,0,0,not_found_in_public_sources
理论探索,185,政治学,CSSCI,2017,2,2017年第2期,True,True,1,1,0,0,1,0,found
理论探索,185,政治学,CSSCI,2017,3,2017年第3期,True,False,0,0,0,0,0,0,not_found_in_public_sources
理论探索,185,政治学,CSSCI,2017,4,2017年第4期,True,False,0,0,0,0,0,0,not_found_in_public_sources
理论探索,185,政治学,CSSCI,2017,5,2017年第5期,True,False,0,0,0,0,0,0,not_found_in_public_sources
理论探索,185,政治学,CSSCI,2017,6,2017年第6期,True,False,0,0,0,0,0,0,not_found_in_public_sources
理论探索,185,政治学,CSSCI,2018,1,2018年第1期,True,False,0,0,0,0,0,0,not_found_in_public_sources
理论探索,185,政治学,CSSCI,2018,2,2018年第2期,True,False,0,0,0,0,0,0,not_found_in_public_sources
理论探索,185,政治学,CSSCI,2018,3,2018年第3期,True,False,0,0,0,0,0,0,not_found_in_public_sources
理论探索,185,政治学,CSSCI,2018,4,2018年第4期,True,False,0,0,0,0,0,0,not_found_in_public_sources
理论探索,185,政治学,CSSCI,2018,5,2018年第5期,True,False,0,0,0,0,0,0,not_found_in_public_sources
理论探索,185,政治学,CSSCI,2018,6,2018年第6期,True,False,0,0,0,0,0,0,not_found_in_public_sources
理论探索,185,政治学,CSSCI,2019,1,2019年第1期,True,False,0,0,0,0,0,0,not_found_in_public_sources
理论探索,185,政治学,CSSCI,2019,2,2019年第2期,True,False,0,0,0,0,0,0,not_found_in_public_sources
理论探索,185,政治学,CSSCI,2019,3,2019年第3期,True,False,0,0,0,0,0,0,not_found_in_public_sources
理论探索,185,政治学,CSSCI,2019,4,2019年第4期,True,False,0,0,0,0,0,0,not_found_in_public_sources
理论探索,185,政治学,CSSCI,2019,5,2019年第5期,True,False,0,0,0,0,0,0,not_found_in_public_sources
理论探索,185,政治学,CSSCI,2019,6,2019年第6期,True,False,0,0,0,0,0,0,not_found_in_public_sources
理论探索,185,政治学,CSSCI,2020,1,2020年第1期,True,True,1,1,0,0,1,0,found
理论探索,185,政治学,CSSCI,2020,2,2020年第2期,True,False,0,0,0,0,0,0,not_found_in_public_sources
理论探索,185,政治学,CSSCI,2020,3,2020年第3期,True,True,3,3,0,0,3,0,found
理论探索,185,政治学,CSSCI,2020,4,2020年第4期,True,True,1,1,0,0,1,0,found
理论探索,185,政治学,CSSCI,2020,5,2020年第5期,True,False,0,0,0,0,0,0,not_found_in_public_sources
理论探索,185,政治学,CSSCI,2020,6,2020年第6期,True,False,0,0,0,0,0,0,not_found_in_public_sources
理论探索,185,政治学,CSSCI,2021,1,2021年第1期,True,False,0,0,0,0,0,0,not_found_in_public_sources
理论探索,185,政治学,CSSCI,2021,2,2021年第2期,True,False,0,0,0,0,0,0,not_found_in_public_sources
理论探索,185,政治学,CSSCI,2021,3,2021年第3期,True,False,0,0,0,0,0,0,not_found_in_public_sources
理论探索,185,政治学,CSSCI,2021,4,2021年第4期,True,False,0,0,0,0,0,0,not_found_in_public_sources
理论探索,185,政治学,CSSCI,2021,5,2021年第5期,True,False,0,0,0,0,0,0,not_found_in_public_sources
理论探索,185,政治学,CSSCI,2021,6,2021年第6期,True,False,0,0,0,0,0,0,not_found_in_public_sources
理论探索,185,政治学,CSSCI,2022,1,2022年第1期,True,False,0,0,0,0,0,0,not_found_in_public_sources
理论探索,185,政治学,CSSCI,2022,2,2022年第2期,True,False,0,0,0,0,0,0,not_found_in_public_sources
理论探索,185,政治学,CSSCI,2022,3,2022年第3期,True,False,0,0,0,0,0,0,not_found_in_public_sources
理论探索,185,政治学,CSSCI,2022,4,2022年第4期,True,False,0,0,0,0,0,0,not_found_in_public_sources
理论探索,185,政治学,CSSCI,2022,5,2022年第5期,True,False,0,0,0,0,0,0,not_found_in_public_sources
理论探索,185,政治学,CSSCI,2022,6,2022年第6期,True,False,0,0,0,0,0,0,not_found_in_public_sources
理论探索,185,政治学,CSSCI,2023,1,2023年第1期,True,False,0,0,0,0,0,0,not_found_in_public_sources
理论探索,185,政治学,CSSCI,2023,2,2023年第2期,True,False,0,0,0,0,0,0,not_found_in_public_sources
理论探索,185,政治学,CSSCI,2023,3,2023年第3期,True,False,0,0,0,0,0,0,not_found_in_public_sources
理论探索,185,政治学,CSSCI,2023,4,2023年第4期,True,False,0,0,0,0,0,0,not_found_in_public_sources
理论探索,185,政治学,CSSCI,2023,5,2023年第5期,True,False,0,0,0,0,0,0,not_found_in_public_sources
理论探索,185,政治学,CSSCI,2023,6,2023年第6期,True,False,0,0,0,0,0,0,not_found_in_public_sources
理论探索,185,政治学,CSSCI,2024,1,2024年第1期,True,False,0,0,0,0,0,0,not_found_in_public_sources
理论探索,185,政治学,CSSCI,2024,2,2024年第2期,True,False,0,0,0,0,0,0,not_found_in_public_sources
理论探索,185,政治学,CSSCI,2024,3,2024年第3期,True,False,0,0,0,0,0,0,not_found_in_public_sources
理论探索,185,政治学,CSSCI,2024,4,2024年第4期,True,False,0,0,0,0,0,0,not_found_in_public_sources
理论探索,185,政治学,CSSCI,2024,5,2024年第5期,True,False,0,0,0,0,0,0,not_found_in_public_sources
理论探索,185,政治学,CSSCI,2024,6,2024年第6期,True,False,0,0,0,0,0,0,not_found_in_public_sources
理论探索,185,政治学,CSSCI,2025,1,2025年第1期,True,False,0,0,0,0,0,0,not_found_in_public_sources
理论探索,185,政治学,CSSCI,2025,2,2025年第2期,True,False,0,0,0,0,0,0,not_found_in_public_sources
理论探索,185,政治学,CSSCI,2025,3,2025年第3期,True,False,0,0,0,0,0,0,not_found_in_public_sources
理论探索,185,政治学,CSSCI,2025,4,2025年第4期,True,False,0,0,0,0,0,0,not_found_in_public_sources
理论探索,185,政治学,CSSCI,2025,5,2025年第5期,True,False,0,0,0,0,0,0,not_found_in_public_sources
理论探索,185,政治学,CSSCI,2025,6,2025年第6期,True,False,0,0,0,0,0,0,not_found_in_public_sources
理论探讨,186,政治学,CSSCI,1984,1,1984年第1期,True,True,3,3,0,0,3,0,found
理论探讨,186,政治学,CSSCI,1984,2,1984年第2期,True,False,0,0,0,0,0,0,not_found_in_public_sources
理论探讨,186,政治学,CSSCI,1984,3,1984年第3期,True,False,0,0,0,0,0,0,not_found_in_public_sources
理论探讨,186,政治学,CSSCI,1984,4,1984年第4期,True,False,0,0,0,0,0,0,not_found_in_public_sources
理论探讨,186,政治学,CSSCI,1984,5,1984年第5期,True,False,0,0,0,0,0,0,not_found_in_public_sources
理论探讨,186,政治学,CSSCI,1984,6,1984年第6期,True,False,0,0,0,0,0,0,not_found_in_public_sources
理论探讨,186,政治学,CSSCI,1985,1,1985年第1期,True,True,1,1,0,0,1,0,found
理论探讨,186,政治学,CSSCI,1985,2,1985年第2期,True,False,0,0,0,0,0,0,not_found_in_public_sources
理论探讨,186,政治学,CSSCI,1985,3,1985年第3期,True,True,2,2,0,0,2,0,found
理论探讨,186,政治学,CSSCI,1985,4,1985年第4期,True,True,1,1,0,0,1,0,found
理论探讨,186,政治学,CSSCI,1985,5,1985年第5期,True,False,0,0,0,0,0,0,not_found_in_public_sources
理论探讨,186,政治学,CSSCI,1985,6,1985年第6期,True,True,1,1,0,0,1,0,found
理论探讨,186,政治学,CSSCI,1986,1,1986年第1期,True,True,1,1,0,0,1,0,found
理论探讨,186,政治学,CSSCI,1986,2,1986年第2期,True,True,4,4,0,0,4,0,found
理论探讨,186,政治学,CSSCI,1986,3,1986年第3期,True,True,3,3,0,0,3,0,found
理论探讨,186,政治学,CSSCI,1986,4,1986年第4期,True,True,2,2,0,0,2,0,found
理论探讨,186,政治学,CSSCI,1986,5,1986年第5期,True,False,0,0,0,0,0,0,not_found_in_public_sources
理论探讨,186,政治学,CSSCI,1986,6,1986年第6期,True,True,3,3,0,0,3,0,found
理论探讨,186,政治学,CSSCI,1987,1,1987年第1期,True,True,2,2,0,0,2,0,found
理论探讨,186,政治学,CSSCI,1987,2,1987年第2期,True,True,1,1,0,0,1,0,found
理论探讨,186,政治学,CSSCI,1987,3,1987年第3期,True,False,0,0,0,0,0,0,not_found_in_public_sources
理论探讨,186,政治学,CSSCI,1987,4,1987年第4期,True,True,4,4,0,0,4,0,found
理论探讨,186,政治学,CSSCI,1987,5,1987年第5期,True,True,2,2,0,0,2,0,found
理论探讨,186,政治学,CSSCI,1987,6,1987年第6期,True,True,4,4,0,0,4,0,found
理论探讨,186,政治学,CSSCI,1988,1,1988年第1期,True,True,1,1,0,0,1,0,found
理论探讨,186,政治学,CSSCI,1988,2,1988年第2期,True,True,4,4,0,0,4,0,found
理论探讨,186,政治学,CSSCI,1988,3,1988年第3期,True,True,2,2,0,0,2,0,found
理论探讨,186,政治学,CSSCI,1988,4,1988年第4期,True,False,0,0,0,0,0,0,not_found_in_public_sources
理论探讨,186,政治学,CSSCI,1988,5,1988年第5期,True,True,2,2,0,0,2,0,found
理论探讨,186,政治学,CSSCI,1988,6,1988年第6期,True,True,2,2,0,0,2,0,found
理论探讨,186,政治学,CSSCI,1989,1,1989年第1期,True,True,2,2,0,0,2,0,found
理论探讨,186,政治学,CSSCI,1989,2,1989年第2期,True,True,1,1,0,0,1,0,found
理论探讨,186,政治学,CSSCI,1989,3,1989年第3期,True,True,5,5,0,0,5,0,found
理论探讨,186,政治学,CSSCI,1989,4,1989年第4期,True,True,2,2,0,0,2,0,found
理论探讨,186,政治学,CSSCI,1989,5,1989年第5期,True,True,1,1,0,0,1,0,found
理论探讨,186,政治学,CSSCI,1989,6,1989年第6期,True,True,3,3,0,0,3,0,found
理论探讨,186,政治学,CSSCI,1990,1,1990年第1期,True,True,3,3,0,0,3,0,found
理论探讨,186,政治学,CSSCI,1990,2,1990年第2期,True,True,2,2,0,0,2,0,found
理论探讨,186,政治学,CSSCI,1990,3,1990年第3期,True,True,4,4,0,0,4,0,found
理论探讨,186,政治学,CSSCI,1990,4,1990年第4期,True,True,4,4,0,0,4,0,found
理论探讨,186,政治学,CSSCI,1990,5,1990年第5期,True,True,5,5,0,0,5,0,found
理论探讨,186,政治学,CSSCI,1990,6,1990年第6期,True,True,4,4,0,0,4,0,found
理论探讨,186,政治学,CSSCI,1991,1,1991年第1期,True,True,5,5,0,0,5,0,found
理论探讨,186,政治学,CSSCI,1991,2,1991年第2期,True,True,3,3,0,0,3,0,found
理论探讨,186,政治学,CSSCI,1991,3,1991年第3期,True,True,6,6,0,0,6,0,found
理论探讨,186,政治学,CSSCI,1991,4,1991年第4期,True,True,3,3,0,0,3,0,found
理论探讨,186,政治学,CSSCI,1991,5,1991年第5期,True,True,3,3,0,0,3,0,found
理论探讨,186,政治学,CSSCI,1991,6,1991年第6期,True,True,1,1,0,0,1,0,found
理论探讨,186,政治学,CSSCI,1992,1,1992年第1期,True,True,5,5,0,0,5,0,found
理论探讨,186,政治学,CSSCI,1992,2,1992年第2期,True,True,2,2,0,0,2,0,found
理论探讨,186,政治学,CSSCI,1992,3,1992年第3期,True,True,3,3,0,0,3,0,found
理论探讨,186,政治学,CSSCI,1992,4,1992年第4期,True,True,4,4,0,0,4,0,found
理论探讨,186,政治学,CSSCI,1992,5,1992年第5期,True,False,0,0,0,0,0,0,not_found_in_public_sources
理论探讨,186,政治学,CSSCI,1992,6,1992年第6期,True,True,4,4,0,0,4,0,found
理论探讨,186,政治学,CSSCI,1993,1,1993年第1期,True,False,0,0,0,0,0,0,not_found_in_public_sources
理论探讨,186,政治学,CSSCI,1993,2,1993年第2期,True,False,0,0,0,0,0,0,not_found_in_public_sources
理论探讨,186,政治学,CSSCI,1993,3,1993年第3期,True,False,0,0,0,0,0,0,not_found_in_public_sources
理论探讨,186,政治学,CSSCI,1993,4,1993年第4期,True,False,0,0,0,0,0,0,not_found_in_public_sources
理论探讨,186,政治学,CSSCI,1993,5,1993年第5期,True,True,5,5,0,0,5,0,found
理论探讨,186,政治学,CSSCI,1993,6,1993年第6期,True,False,0,0,0,0,0,0,not_found_in_public_sources
理论探讨,186,政治学,CSSCI,1994,1,1994年第1期,True,True,3,3,0,0,3,0,found
理论探讨,186,政治学,CSSCI,1994,2,1994年第2期,True,True,5,5,0,0,5,0,found
理论探讨,186,政治学,CSSCI,1994,3,1994年第3期,True,True,6,6,0,0,6,0,found
理论探讨,186,政治学,CSSCI,1994,4,1994年第4期,True,True,6,6,0,0,6,0,found
理论探讨,186,政治学,CSSCI,1994,5,1994年第5期,True,True,6,6,0,0,6,0,found
理论探讨,186,政治学,CSSCI,1994,6,1994年第6期,True,True,6,6,0,0,6,0,found
理论探讨,186,政治学,CSSCI,1995,1,1995年第1期,True,True,6,6,0,0,6,0,found
理论探讨,186,政治学,CSSCI,1995,2,1995年第2期,True,True,3,3,0,0,3,0,found
理论探讨,186,政治学,CSSCI,1995,3,1995年第3期,True,True,1,1,0,0,1,0,found
理论探讨,186,政治学,CSSCI,1995,4,1995年第4期,True,True,5,5,0,0,5,0,found
理论探讨,186,政治学,CSSCI,1995,5,1995年第5期,True,True,4,4,0,0,4,0,found
理论探讨,186,政治学,CSSCI,1995,6,1995年第6期,True,True,1,1,0,0,1,0,found
理论探讨,186,政治学,CSSCI,1996,1,1996年第1期,True,True,4,4,0,0,4,0,found
理论探讨,186,政治学,CSSCI,1996,2,1996年第2期,True,True,4,4,0,0,4,0,found
理论探讨,186,政治学,CSSCI,1996,3,1996年第3期,True,True,1,1,0,0,1,0,found
理论探讨,186,政治学,CSSCI,1996,4,1996年第4期,True,True,2,2,0,0,2,0,found
理论探讨,186,政治学,CSSCI,1996,5,1996年第5期,True,True,4,4,0,0,4,0,found
理论探讨,186,政治学,CSSCI,1996,6,1996年第6期,True,True,3,3,0,0,3,0,found
理论探讨,186,政治学,CSSCI,1997,1,1997年第1期,True,True,3,3,0,0,3,0,found
理论探讨,186,政治学,CSSCI,1997,2,1997年第2期,True,True,3,3,0,0,3,0,found
理论探讨,186,政治学,CSSCI,1997,3,1997年第3期,True,True,1,1,0,0,1,0,found
理论探讨,186,政治学,CSSCI,1997,4,1997年第4期,True,True,5,5,0,0,5,0,found
理论探讨,186,政治学,CSSCI,1997,5,1997年第5期,True,True,3,3,0,0,3,0,found
理论探讨,186,政治学,CSSCI,1997,6,1997年第6期,True,True,4,4,0,0,4,0,found
理论探讨,186,政治学,CSSCI,1998,1,1998年第1期,True,True,4,4,0,0,4,0,found
理论探讨,186,政治学,CSSCI,1998,2,1998年第2期,True,True,6,6,0,0,6,0,found
理论探讨,186,政治学,CSSCI,1998,3,1998年第3期,True,True,6,6,0,0,6,0,found
理论探讨,186,政治学,CSSCI,1998,4,1998年第4期,True,True,5,5,0,0,5,0,found
理论探讨,186,政治学,CSSCI,1998,5,1998年第5期,True,True,2,2,0,0,2,0,found
理论探讨,186,政治学,CSSCI,1998,6,1998年第6期,True,True,10,10,0,0,10,0,found
理论探讨,186,政治学,CSSCI,1999,1,1999年第1期,True,True,4,4,0,0,4,0,found
理论探讨,186,政治学,CSSCI,1999,2,1999年第2期,True,True,6,6,0,0,6,0,found
理论探讨,186,政治学,CSSCI,1999,3,1999年第3期,True,True,5,5,0,0,5,0,found
理论探讨,186,政治学,CSSCI,1999,4,1999年第4期,True,True,3,3,0,0,3,0,found
理论探讨,186,政治学,CSSCI,1999,5,1999年第5期,True,True,2,2,0,0,2,0,found
理论探讨,186,政治学,CSSCI,1999,6,1999年第6期,True,True,5,5,0,0,5,0,found
理论探讨,186,政治学,CSSCI,2000,1,2000年第1期,True,True,1,1,0,0,1,0,found
理论探讨,186,政治学,CSSCI,2000,2,2000年第2期,True,False,0,0,0,0,0,0,not_found_in_public_sources
理论探讨,186,政治学,CSSCI,2000,3,2000年第3期,True,True,3,3,0,0,3,0,found
理论探讨,186,政治学,CSSCI,2000,4,2000年第4期,True,True,2,2,0,0,2,0,found
理论探讨,186,政治学,CSSCI,2000,5,2000年第5期,True,True,3,3,0,0,3,0,found
理论探讨,186,政治学,CSSCI,2000,6,2000年第6期,True,False,0,0,0,0,0,0,not_found_in_public_sources
理论探讨,186,政治学,CSSCI,2001,1,2001年第1期,True,True,5,5,0,0,5,0,found
理论探讨,186,政治学,CSSCI,2001,2,2001年第2期,True,True,7,7,0,0,7,0,found
理论探讨,186,政治学,CSSCI,2001,3,2001年第3期,True,True,2,2,0,0,2,0,found
理论探讨,186,政治学,CSSCI,2001,4,2001年第4期,True,False,0,0,0,0,0,0,not_found_in_public_sources
理论探讨,186,政治学,CSSCI,2001,5,2001年第5期,True,False,0,0,0,0,0,0,not_found_in_public_sources
理论探讨,186,政治学,CSSCI,2001,6,2001年第6期,True,True,6,6,0,0,6,0,found
理论探讨,186,政治学,CSSCI,2002,1,2002年第1期,True,True,5,5,0,0,5,0,found
理论探讨,186,政治学,CSSCI,2002,2,2002年第2期,True,True,5,5,0,0,5,0,found
理论探讨,186,政治学,CSSCI,2002,3,2002年第3期,True,True,1,1,0,0,1,0,found
理论探讨,186,政治学,CSSCI,2002,4,2002年第4期,True,True,2,2,0,0,2,0,found
理论探讨,186,政治学,CSSCI,2002,5,2002年第5期,True,True,6,6,0,0,6,0,found
理论探讨,186,政治学,CSSCI,2002,6,2002年第6期,True,True,4,4,0,0,4,0,found
理论探讨,186,政治学,CSSCI,2003,1,2003年第1期,True,True,7,7,0,0,7,0,found
理论探讨,186,政治学,CSSCI,2003,2,2003年第2期,True,True,4,4,0,0,4,0,found
理论探讨,186,政治学,CSSCI,2003,3,2003年第3期,True,True,4,4,0,0,4,0,found
理论探讨,186,政治学,CSSCI,2003,4,2003年第4期,True,True,4,4,0,0,4,0,found
理论探讨,186,政治学,CSSCI,2003,5,2003年第5期,True,True,2,2,0,0,2,0,found
理论探讨,186,政治学,CSSCI,2003,6,2003年第6期,True,True,1,1,0,0,1,0,found
理论探讨,186,政治学,CSSCI,2004,1,2004年第1期,True,True,6,6,0,0,6,0,found
理论探讨,186,政治学,CSSCI,2004,2,2004年第2期,True,True,4,4,0,0,4,0,found
理论探讨,186,政治学,CSSCI,2004,3,2004年第3期,True,True,5,5,0,0,5,0,found
理论探讨,186,政治学,CSSCI,2004,4,2004年第4期,True,True,6,6,0,0,6,0,found
理论探讨,186,政治学,CSSCI,2004,5,2004年第5期,True,True,5,5,0,0,5,0,found
理论探讨,186,政治学,CSSCI,2004,6,2004年第6期,True,True,4,4,0,0,4,0,found
理论探讨,186,政治学,CSSCI,2005,1,2005年第1期,True,True,4,4,0,0,4,0,found
理论探讨,186,政治学,CSSCI,2005,2,2005年第2期,True,True,5,5,0,0,5,0,found
理论探讨,186,政治学,CSSCI,2005,3,2005年第3期,True,True,6,6,0,0,6,0,found
理论探讨,186,政治学,CSSCI,2005,4,2005年第4期,True,True,6,6,0,0,6,0,found
理论探讨,186,政治学,CSSCI,2005,5,2005年第5期,True,True,5,5,0,0,5,0,found
理论探讨,186,政治学,CSSCI,2005,6,2005年第6期,True,True,5,5,0,0,5,0,found
理论探讨,186,政治学,CSSCI,2006,1,2006年第1期,True,True,4,4,0,0,4,0,found
理论探讨,186,政治学,CSSCI,2006,2,2006年第2期,True,True,10,10,0,0,10,0,found
理论探讨,186,政治学,CSSCI,2006,3,2006年第3期,True,True,5,5,0,0,5,0,found
理论探讨,186,政治学,CSSCI,2006,4,2006年第4期,True,True,5,5,0,0,5,0,found
理论探讨,186,政治学,CSSCI,2006,5,2006年第5期,True,True,4,4,0,0,4,0,found
理论探讨,186,政治学,CSSCI,2006,6,2006年第6期,True,True,4,4,0,0,4,0,found
理论探讨,186,政治学,CSSCI,2007,1,2007年第1期,True,True,13,13,0,0,13,0,found
理论探讨,186,政治学,CSSCI,2007,2,2007年第2期,True,True,4,4,0,0,4,0,found
理论探讨,186,政治学,CSSCI,2007,3,2007年第3期,True,True,10,10,0,0,10,0,found
理论探讨,186,政治学,CSSCI,2007,4,2007年第4期,True,True,7,7,0,0,7,0,found
理论探讨,186,政治学,CSSCI,2007,5,2007年第5期,True,True,5,5,0,0,5,0,found
理论探讨,186,政治学,CSSCI,2007,6,2007年第6期,True,True,9,9,0,0,9,0,found
理论探讨,186,政治学,CSSCI,2008,1,2008年第1期,True,True,8,8,0,0,8,0,found
理论探讨,186,政治学,CSSCI,2008,2,2008年第2期,True,True,3,3,0,0,3,0,found
理论探讨,186,政治学,CSSCI,2008,3,2008年第3期,True,True,6,6,0,0,6,0,found
理论探讨,186,政治学,CSSCI,2008,4,2008年第4期,True,True,4,4,0,0,4,0,found
理论探讨,186,政治学,CSSCI,2008,5,2008年第5期,True,True,6,6,0,0,6,0,found
理论探讨,186,政治学,CSSCI,2008,6,2008年第6期,True,True,7,7,0,0,7,0,found
理论探讨,186,政治学,CSSCI,2009,1,2009年第1期,True,True,7,7,0,0,7,0,found
理论探讨,186,政治学,CSSCI,2009,2,2009年第2期,True,True,4,4,0,0,4,0,found
理论探讨,186,政治学,CSSCI,2009,3,2009年第3期,True,True,3,3,0,0,3,0,found
理论探讨,186,政治学,CSSCI,2009,4,2009年第4期,True,True,5,5,0,0,5,0,found
理论探讨,186,政治学,CSSCI,2009,5,2009年第5期,True,True,4,4,0,0,4,0,found
理论探讨,186,政治学,CSSCI,2009,6,2009年第6期,True,True,6,6,0,0,6,0,found
理论探讨,186,政治学,CSSCI,2010,1,2010年第1期,True,True,5,5,0,0,5,0,found
理论探讨,186,政治学,CSSCI,2010,2,2010年第2期,True,True,6,6,0,0,6,0,found
理论探讨,186,政治学,CSSCI,2010,3,2010年第3期,True,True,2,2,0,0,2,0,found
理论探讨,186,政治学,CSSCI,2010,4,2010年第4期,True,True,8,8,0,0,8,0,found
理论探讨,186,政治学,CSSCI,2010,5,2010年第5期,True,True,6,6,0,0,6,0,found
理论探讨,186,政治学,CSSCI,2010,6,2010年第6期,True,True,5,5,0,0,5,0,found
理论探讨,186,政治学,CSSCI,2011,1,2011年第1期,True,True,4,4,0,0,4,0,found
理论探讨,186,政治学,CSSCI,2011,2,2011年第2期,True,True,4,4,0,0,4,0,found
理论探讨,186,政治学,CSSCI,2011,3,2011年第3期,True,True,6,6,0,0,6,0,found
理论探讨,186,政治学,CSSCI,2011,4,2011年第4期,True,True,3,3,0,0,3,0,found
理论探讨,186,政治学,CSSCI,2011,5,2011年第5期,True,True,9,9,0,0,9,0,found
理论探讨,186,政治学,CSSCI,2011,6,2011年第6期,True,True,3,3,0,0,3,0,found
理论探讨,186,政治学,CSSCI,2012,1,2012年第1期,True,True,5,5,0,0,5,0,found
理论探讨,186,政治学,CSSCI,2012,2,2012年第2期,True,True,9,9,0,0,9,0,found
理论探讨,186,政治学,CSSCI,2012,3,2012年第3期,True,True,3,3,0,0,3,0,found
理论探讨,186,政治学,CSSCI,2012,4,2012年第4期,True,True,5,5,0,0,5,0,found
理论探讨,186,政治学,CSSCI,2012,5,2012年第5期,True,True,3,3,0,0,3,0,found
理论探讨,186,政治学,CSSCI,2012,6,2012年第6期,True,True,3,3,0,0,3,0,found
理论探讨,186,政治学,CSSCI,2013,1,2013年第1期,True,True,3,3,0,0,3,0,found
理论探讨,186,政治学,CSSCI,2013,2,2013年第2期,True,True,4,4,0,0,4,0,found
理论探讨,186,政治学,CSSCI,2013,3,2013年第3期,True,True,6,6,0,0,6,0,found
理论探讨,186,政治学,CSSCI,2013,4,2013年第4期,True,True,7,7,0,0,7,0,found
理论探讨,186,政治学,CSSCI,2013,5,2013年第5期,True,True,6,6,0,0,6,0,found
理论探讨,186,政治学,CSSCI,2013,6,2013年第6期,True,True,9,9,0,0,9,0,found
理论探讨,186,政治学,CSSCI,2014,1,2014年第1期,True,True,6,6,0,0,6,0,found
理论探讨,186,政治学,CSSCI,2014,2,2014年第2期,True,True,6,6,0,0,6,0,found
理论探讨,186,政治学,CSSCI,2014,3,2014年第3期,True,True,4,4,0,0,4,0,found
理论探讨,186,政治学,CSSCI,2014,4,2014年第4期,True,True,5,5,0,0,5,0,found
理论探讨,186,政治学,CSSCI,2014,5,2014年第5期,True,True,3,3,0,0,3,0,found
理论探讨,186,政治学,CSSCI,2014,6,2014年第6期,True,True,4,4,0,0,4,0,found
理论探讨,186,政治学,CSSCI,2015,1,2015年第1期,True,True,8,8,0,0,8,0,found
理论探讨,186,政治学,CSSCI,2015,2,2015年第2期,True,True,4,4,0,0,4,0,found
理论探讨,186,政治学,CSSCI,2015,3,2015年第3期,True,True,3,3,0,0,3,0,found
理论探讨,186,政治学,CSSCI,2015,4,2015年第4期,True,True,5,5,0,0,5,0,found
理论探讨,186,政治学,CSSCI,2015,5,2015年第5期,True,True,6,6,0,0,6,0,found
理论探讨,186,政治学,CSSCI,2015,6,2015年第6期,True,True,7,7,0,0,7,0,found
理论探讨,186,政治学,CSSCI,2016,1,2016年第1期,True,True,3,3,0,0,3,0,found
理论探讨,186,政治学,CSSCI,2016,2,2016年第2期,True,True,9,9,0,0,9,0,found
理论探讨,186,政治学,CSSCI,2016,3,2016年第3期,True,True,3,3,0,0,3,0,found
理论探讨,186,政治学,CSSCI,2016,4,2016年第4期,True,True,6,6,0,0,6,0,found
理论探讨,186,政治学,CSSCI,2016,5,2016年第5期,True,True,3,3,0,0,3,0,found
理论探讨,186,政治学,CSSCI,2016,6,2016年第6期,True,True,1,1,0,0,1,0,found
理论探讨,186,政治学,CSSCI,2017,1,2017年第1期,True,False,0,0,0,0,0,0,not_found_in_public_sources
理论探讨,186,政治学,CSSCI,2017,2,2017年第2期,True,False,0,0,0,0,0,0,not_found_in_public_sources
理论探讨,186,政治学,CSSCI,2017,3,2017年第3期,True,False,0,0,0,0,0,0,not_found_in_public_sources
理论探讨,186,政治学,CSSCI,2017,4,2017年第4期,True,False,0,0,0,0,0,0,not_found_in_public_sources
理论探讨,186,政治学,CSSCI,2017,5,2017年第5期,True,True,4,4,0,0,4,0,found
理论探讨,186,政治学,CSSCI,2017,6,2017年第6期,True,True,2,2,0,0,2,0,found
理论探讨,186,政治学,CSSCI,2018,1,2018年第1期,True,True,3,3,0,0,3,0,found
理论探讨,186,政治学,CSSCI,2018,2,2018年第2期,True,False,0,0,0,0,0,0,not_found_in_public_sources
理论探讨,186,政治学,CSSCI,2018,3,2018年第3期,True,False,0,0,0,0,0,0,not_found_in_public_sources
理论探讨,186,政治学,CSSCI,2018,4,2018年第4期,True,False,0,0,0,0,0,0,not_found_in_public_sources
理论探讨,186,政治学,CSSCI,2018,5,2018年第5期,True,False,0,0,0,0,0,0,not_found_in_public_sources
理论探讨,186,政治学,CSSCI,2018,6,2018年第6期,True,False,0,0,0,0,0,0,not_found_in_public_sources
理论探讨,186,政治学,CSSCI,2019,1,2019年第1期,True,False,0,0,0,0,0,0,not_found_in_public_sources
理论探讨,186,政治学,CSSCI,2019,2,2019年第2期,True,False,0,0,0,0,0,0,not_found_in_public_sources
理论探讨,186,政治学,CSSCI,2019,3,2019年第3期,True,False,0,0,0,0,0,0,not_found_in_public_sources
理论探讨,186,政治学,CSSCI,2019,4,2019年第4期,True,False,0,0,0,0,0,0,not_found_in_public_sources
理论探讨,186,政治学,CSSCI,2019,5,2019年第5期,True,False,0,0,0,0,0,0,not_found_in_public_sources
理论探讨,186,政治学,CSSCI,2019,6,2019年第6期,True,False,0,0,0,0,0,0,not_found_in_public_sources
理论探讨,186,政治学,CSSCI,2020,1,2020年第1期,True,False,0,0,0,0,0,0,not_found_in_public_sources
理论探讨,186,政治学,CSSCI,2020,2,2020年第2期,True,False,0,0,0,0,0,0,not_found_in_public_sources
理论探讨,186,政治学,CSSCI,2020,3,2020年第3期,True,False,0,0,0,0,0,0,not_found_in_public_sources
理论探讨,186,政治学,CSSCI,2020,4,2020年第4期,True,False,0,0,0,0,0,0,not_found_in_public_sources
理论探讨,186,政治学,CSSCI,2020,5,2020年第5期,True,False,0,0,0,0,0,0,not_found_in_public_sources
理论探讨,186,政治学,CSSCI,2020,6,2020年第6期,True,False,0,0,0,0,0,0,not_found_in_public_sources
理论探讨,186,政治学,CSSCI,2021,1,2021年第1期,True,False,0,0,0,0,0,0,not_found_in_public_sources
理论探讨,186,政治学,CSSCI,2021,2,2021年第2期,True,False,0,0,0,0,0,0,not_found_in_public_sources
理论探讨,186,政治学,CSSCI,2021,3,2021年第3期,True,False,0,0,0,0,0,0,not_found_in_public_sources
理论探讨,186,政治学,CSSCI,2021,4,2021年第4期,True,False,0,0,0,0,0,0,not_found_in_public_sources
理论探讨,186,政治学,CSSCI,2021,5,2021年第5期,True,False,0,0,0,0,0,0,not_found_in_public_sources
理论探讨,186,政治学,CSSCI,2021,6,2021年第6期,True,False,0,0,0,0,0,0,not_found_in_public_sources
理论探讨,186,政治学,CSSCI,2022,1,2022年第1期,True,False,0,0,0,0,0,0,not_found_in_public_sources
理论探讨,186,政治学,CSSCI,2022,2,2022年第2期,True,False,0,0,0,0,0,0,not_found_in_public_sources
理论探讨,186,政治学,CSSCI,2022,3,2022年第3期,True,False,0,0,0,0,0,0,not_found_in_public_sources
理论探讨,186,政治学,CSSCI,2022,4,2022年第4期,True,False,0,0,0,0,0,0,not_found_in_public_sources
理论探讨,186,政治学,CSSCI,2022,5,2022年第5期,True,False,0,0,0,0,0,0,not_found_in_public_sources
理论探讨,186,政治学,CSSCI,2022,6,2022年第6期,True,False,0,0,0,0,0,0,not_found_in_public_sources
理论探讨,186,政治学,CSSCI,2023,1,2023年第1期,True,False,0,0,0,0,0,0,not_found_in_public_sources
理论探讨,186,政治学,CSSCI,2023,2,2023年第2期,True,False,0,0,0,0,0,0,not_found_in_public_sources
理论探讨,186,政治学,CSSCI,2023,3,2023年第3期,True,False,0,0,0,0,0,0,not_found_in_public_sources
理论探讨,186,政治学,CSSCI,2023,4,2023年第4期,True,False,0,0,0,0,0,0,not_found_in_public_sources
理论探讨,186,政治学,CSSCI,2023,5,2023年第5期,True,False,0,0,0,0,0,0,not_found_in_public_sources
理论探讨,186,政治学,CSSCI,2023,6,2023年第6期,True,False,0,0,0,0,0,0,not_found_in_public_sources
理论探讨,186,政治学,CSSCI,2024,1,2024年第1期,True,False,0,0,0,0,0,0,not_found_in_public_sources
理论探讨,186,政治学,CSSCI,2024,2,2024年第2期,True,False,0,0,0,0,0,0,not_found_in_public_sources
理论探讨,186,政治学,CSSCI,2024,3,2024年第3期,True,False,0,0,0,0,0,0,not_found_in_public_sources
理论探讨,186,政治学,CSSCI,2024,4,2024年第4期,True,False,0,0,0,0,0,0,not_found_in_public_sources
理论探讨,186,政治学,CSSCI,2024,5,2024年第5期,True,False,0,0,0,0,0,0,not_found_in_public_sources
理论探讨,186,政治学,CSSCI,2024,6,2024年第6期,True,False,0,0,0,0,0,0,not_found_in_public_sources
理论探讨,186,政治学,CSSCI,2025,1,2025年第1期,True,False,0,0,0,0,0,0,not_found_in_public_sources
理论探讨,186,政治学,CSSCI,2025,2,2025年第2期,True,False,0,0,0,0,0,0,not_found_in_public_sources
理论探讨,186,政治学,CSSCI,2025,3,2025年第3期,True,False,0,0,0,0,0,0,not_found_in_public_sources
理论探讨,186,政治学,CSSCI,2025,4,2025年第4期,True,False,0,0,0,0,0,0,not_found_in_public_sources
理论探讨,186,政治学,CSSCI,2025,5,2025年第5期,True,False,0,0,0,0,0,0,not_found_in_public_sources
理论探讨,186,政治学,CSSCI,2025,6,2025年第6期,True,False,0,0,0,0,0,0,not_found_in_public_sources
理论学刊,187,政治学,CSSCI,2025,1,2025年第1期,True,False,0,0,0,0,0,0,not_found_in_public_sources
理论学刊,187,政治学,CSSCI,2025,2,2025年第2期,True,False,0,0,0,0,0,0,not_found_in_public_sources
理论学刊,187,政治学,CSSCI,2025,3,2025年第3期,True,False,0,0,0,0,0,0,not_found_in_public_sources
理论学刊,187,政治学,CSSCI,2025,4,2025年第4期,True,True,9,9,0,0,9,0,found
理论学刊,187,政治学,CSSCI,2025,5,2025年第5期,True,False,0,0,0,0,0,0,not_found_in_public_sources
理论学刊,187,政治学,CSSCI,2025,6,2025年第6期,True,True,22,22,22,0,22,0,found
理论与改革,188,政治学,CSSCI,2010,1,2010年第1期,True,True,44,0,2,0,0,0,found
理论与改革,188,政治学,CSSCI,2010,2,2010年第2期,True,True,42,0,0,0,0,0,found
理论与改革,188,政治学,CSSCI,2010,3,2010年第3期,True,True,42,0,1,0,0,0,found
理论与改革,188,政治学,CSSCI,2010,4,2010年第4期,True,True,39,0,1,0,0,0,found
理论与改革,188,政治学,CSSCI,2010,5,2010年第5期,True,True,39,0,0,0,0,0,found
理论与改革,188,政治学,CSSCI,2010,6,2010年第6期,True,True,44,0,1,0,0,0,found
理论与改革,188,政治学,CSSCI,2011,1,2011年第1期,True,True,42,0,0,0,0,0,found
理论与改革,188,政治学,CSSCI,2011,2,2011年第2期,True,True,43,0,1,0,0,0,found
理论与改革,188,政治学,CSSCI,2011,3,2011年第3期,True,True,40,0,2,0,0,0,found
理论与改革,188,政治学,CSSCI,2011,4,2011年第4期,True,True,41,0,1,0,0,0,found
理论与改革,188,政治学,CSSCI,2011,5,2011年第5期,True,True,42,0,0,0,0,0,found
理论与改革,188,政治学,CSSCI,2011,6,2011年第6期,True,True,39,0,3,0,0,0,found
理论与改革,188,政治学,CSSCI,2012,1,2012年第1期,True,True,37,0,1,0,0,0,found
理论与改革,188,政治学,CSSCI,2012,2,2012年第2期,True,True,36,0,0,0,0,0,found
理论与改革,188,政治学,CSSCI,2012,3,2012年第3期,True,True,38,0,1,0,0,0,found
理论与改革,188,政治学,CSSCI,2012,4,2012年第4期,True,True,39,0,0,0,0,0,found
理论与改革,188,政治学,CSSCI,2012,5,2012年第5期,True,True,38,0,1,0,0,0,found
理论与改革,188,政治学,CSSCI,2012,6,2012年第6期,True,True,41,0,1,0,0,0,found
理论与改革,188,政治学,CSSCI,2013,1,2013年第1期,True,True,60,0,1,0,0,0,found
理论与改革,188,政治学,CSSCI,2013,2,2013年第2期,True,True,56,0,0,0,0,0,found
理论与改革,188,政治学,CSSCI,2013,3,2013年第3期,True,True,54,0,0,0,0,0,found
理论与改革,188,政治学,CSSCI,2013,4,2013年第4期,True,True,55,0,1,0,0,0,found
理论与改革,188,政治学,CSSCI,2013,5,2013年第5期,True,True,53,0,0,0,0,0,found
理论与改革,188,政治学,CSSCI,2013,6,2013年第6期,True,True,55,0,1,0,0,0,found
理论与改革,188,政治学,CSSCI,2014,1,2014年第1期,True,True,43,0,0,0,0,0,found
理论与改革,188,政治学,CSSCI,2014,2,2014年第2期,True,True,45,0,1,0,0,0,found
理论与改革,188,政治学,CSSCI,2014,3,2014年第3期,True,True,47,0,0,0,0,0,found
理论与改革,188,政治学,CSSCI,2014,4,2014年第4期,True,True,45,0,0,0,0,0,found
理论与改革,188,政治学,CSSCI,2014,5,2014年第5期,True,True,46,0,0,0,0,0,found
理论与改革,188,政治学,CSSCI,2014,6,2014年第6期,True,True,51,0,0,0,0,0,found
理论与改革,188,政治学,CSSCI,2015,1,2015年第1期,True,True,44,0,0,0,0,0,found
理论与改革,188,政治学,CSSCI,2015,2,2015年第2期,True,True,44,0,0,0,0,0,found
理论与改革,188,政治学,CSSCI,2015,3,2015年第3期,True,True,46,0,0,0,0,0,found
理论与改革,188,政治学,CSSCI,2015,4,2015年第4期,True,True,45,0,0,0,0,0,found
理论与改革,188,政治学,CSSCI,2015,5,2015年第5期,True,True,43,0,0,0,0,0,found
理论与改革,188,政治学,CSSCI,2015,6,2015年第6期,True,True,43,0,1,0,0,0,found
理论与改革,188,政治学,CSSCI,2016,1,2016年第1期,True,True,39,0,0,0,0,0,found
理论与改革,188,政治学,CSSCI,2016,2,2016年第2期,True,True,36,0,0,0,0,0,found
理论与改革,188,政治学,CSSCI,2016,3,2016年第3期,True,True,35,0,0,0,0,0,found
理论与改革,188,政治学,CSSCI,2016,4,2016年第4期,True,True,36,0,0,0,0,0,found
理论与改革,188,政治学,CSSCI,2016,5,2016年第5期,True,True,38,0,0,0,0,0,found
理论与改革,188,政治学,CSSCI,2016,6,2016年第6期,True,True,36,0,0,0,0,0,found
理论与改革,188,政治学,CSSCI,2017,1,2017年第1期,True,True,30,0,0,0,0,0,found
理论与改革,188,政治学,CSSCI,2017,2,2017年第2期,True,True,24,0,0,0,0,0,found
理论与改革,188,政治学,CSSCI,2017,3,2017年第3期,True,True,20,0,0,0,0,0,found
理论与改革,188,政治学,CSSCI,2017,4,2017年第4期,True,True,20,0,1,0,0,0,found
理论与改革,188,政治学,CSSCI,2017,5,2017年第5期,True,True,20,0,0,0,0,0,found
理论与改革,188,政治学,CSSCI,2017,6,2017年第6期,True,True,27,0,0,0,0,0,found
理论与改革,188,政治学,CSSCI,2018,1,2018年第1期,True,True,19,0,0,0,0,0,found
理论与改革,188,政治学,CSSCI,2018,2,2018年第2期,True,True,18,0,0,0,0,0,found
理论与改革,188,政治学,CSSCI,2018,3,2018年第3期,True,True,19,0,0,0,0,0,found
理论与改革,188,政治学,CSSCI,2018,4,2018年第4期,True,True,18,0,0,0,0,0,found
理论与改革,188,政治学,CSSCI,2018,5,2018年第5期,True,True,18,0,0,0,0,0,found
理论与改革,188,政治学,CSSCI,2018,6,2018年第6期,True,True,18,0,0,0,0,0,found
理论与改革,188,政治学,CSSCI,2019,1,2019年第1期,True,True,24,0,2,0,0,0,found
理论与改革,188,政治学,CSSCI,2019,2,2019年第2期,True,True,28,0,3,0,0,0,found
理论与改革,188,政治学,CSSCI,2019,3,2019年第3期,True,True,17,0,2,0,0,0,found
理论与改革,188,政治学,CSSCI,2019,4,2019年第4期,True,True,19,0,3,0,1,0,found
理论与改革,188,政治学,CSSCI,2019,5,2019年第5期,True,True,18,0,2,0,0,0,found
理论与改革,188,政治学,CSSCI,2019,6,2019年第6期,True,True,17,0,2,0,1,0,found
理论与改革,188,政治学,CSSCI,2020,1,2020年第1期,True,True,20,0,1,0,0,0,found
理论与改革,188,政治学,CSSCI,2020,2,2020年第2期,True,True,18,0,2,0,1,0,found
理论与改革,188,政治学,CSSCI,2020,3,2020年第3期,True,True,17,0,2,0,1,0,found
理论与改革,188,政治学,CSSCI,2020,4,2020年第4期,True,True,19,0,3,0,2,0,found
理论与改革,188,政治学,CSSCI,2020,5,2020年第5期,True,True,18,0,3,0,2,0,found
理论与改革,188,政治学,CSSCI,2020,6,2020年第6期,True,True,16,0,2,0,1,0,found
理论与改革,188,政治学,CSSCI,2021,1,2021年第1期,True,True,16,0,0,0,1,0,found
理论与改革,188,政治学,CSSCI,2021,2,2021年第2期,True,True,13,0,0,0,0,0,found
理论与改革,188,政治学,CSSCI,2021,3,2021年第3期,True,True,14,0,0,0,0,0,found
理论与改革,188,政治学,CSSCI,2021,4,2021年第4期,True,True,14,0,0,0,1,0,found
理论与改革,188,政治学,CSSCI,2021,5,2021年第5期,True,True,13,0,0,0,1,0,found
理论与改革,188,政治学,CSSCI,2021,6,2021年第6期,True,True,13,0,0,0,1,0,found
理论与改革,188,政治学,CSSCI,2022,1,2022年第1期,True,True,12,0,0,0,0,0,found
理论与改革,188,政治学,CSSCI,2022,2,2022年第2期,True,True,12,0,0,0,0,0,found
理论与改革,188,政治学,CSSCI,2022,4,2022年第4期,True,True,13,0,0,0,0,0,found
理论与改革,188,政治学,CSSCI,2022,5,2022年第5期,True,True,12,0,0,0,0,0,found
理论与改革,188,政治学,CSSCI,2022,6,2022年第6期,True,True,17,0,1,0,1,0,found
理论与改革,188,政治学,CSSCI,2023,1,2023年第1期,True,True,18,0,2,0,0,0,found
理论与改革,188,政治学,CSSCI,2023,2,2023年第2期,True,True,12,0,0,0,0,0,found
理论与改革,188,政治学,CSSCI,2023,3,2023年第3期,True,True,12,0,0,0,0,0,found
理论与改革,188,政治学,CSSCI,2023,4,2023年第4期,True,True,12,0,0,0,0,0,found
理论与改革,188,政治学,CSSCI,2023,5,2023年第5期,True,True,12,0,0,0,0,0,found
理论与改革,188,政治学,CSSCI,2023,6,2023年第6期,True,True,15,0,3,0,2,0,found
理论与改革,188,政治学,CSSCI,2024,1,2024年第1期,True,True,14,0,2,0,1,0,found
理论与改革,188,政治学,CSSCI,2024,2,2024年第2期,True,True,14,0,2,0,1,0,found
理论与改革,188,政治学,CSSCI,2024,3,2024年第3期,True,True,15,0,2,0,1,0,found
理论与改革,188,政治学,CSSCI,2024,4,2024年第4期,True,True,14,0,2,0,1,0,found
理论与改革,188,政治学,CSSCI,2024,5,2024年第5期,True,True,13,0,2,0,1,0,found
理论与改革,188,政治学,CSSCI,2024,6,2024年第6期,True,True,21,0,3,0,2,0,found
理论与改革,188,政治学,CSSCI,2025,1,2025年第1期,True,True,13,0,1,0,0,0,found
理论与改革,188,政治学,CSSCI,2025,2,2025年第2期,True,True,17,0,0,0,0,0,found
理论与改革,188,政治学,CSSCI,2025,3,2025年第3期,True,True,12,0,0,0,0,0,found
理论与改革,188,政治学,CSSCI,2025,4,2025年第4期,True,True,13,0,1,0,1,0,found
理论与改革,188,政治学,CSSCI,2025,5,2025年第5期,True,True,14,0,2,0,1,0,found
理论与改革,188,政治学,CSSCI,2025,6,2025年第6期,True,True,12,0,1,0,1,0,found
求实,189,政治学,CSSCI,2010,1,2010年第1期,True,True,26,0,4,0,0,0,found
求实,189,政治学,CSSCI,2010,2,2010年第2期,True,True,25,0,3,0,0,0,found
求实,189,政治学,CSSCI,2010,3,2010年第3期,True,True,25,0,4,0,0,0,found
求实,189,政治学,CSSCI,2010,4,2010年第4期,True,True,26,0,3,0,0,0,found
求实,189,政治学,CSSCI,2010,5,2010年第5期,True,True,25,0,3,0,0,0,found
求实,189,政治学,CSSCI,2010,6,2010年第6期,True,True,27,0,3,0,0,0,found
求实,189,政治学,CSSCI,2010,7,2010年第7期,True,True,27,0,3,0,0,0,found
求实,189,政治学,CSSCI,2010,8,2010年第8期,True,True,23,0,1,0,0,0,found
求实,189,政治学,CSSCI,2010,9,2010年第9期,True,True,24,0,0,0,1,0,found
求实,189,政治学,CSSCI,2010,10,2010年第10期,True,True,25,0,0,0,1,0,found
求实,189,政治学,CSSCI,2010,11,2010年第11期,True,True,25,0,0,0,1,0,found
求实,189,政治学,CSSCI,2010,12,2010年第12期,True,True,29,0,1,0,2,0,found
求实,189,政治学,CSSCI,2011,1,2011年第1期,True,True,23,0,0,0,1,0,found
求实,189,政治学,CSSCI,2011,2,2011年第2期,True,True,25,0,2,0,0,0,found
求实,189,政治学,CSSCI,2011,3,2011年第3期,True,True,25,0,1,0,1,0,found
求实,189,政治学,CSSCI,2011,4,2011年第4期,True,True,26,0,2,0,0,0,found
求实,189,政治学,CSSCI,2011,5,2011年第5期,True,True,25,0,1,0,0,0,found
求实,189,政治学,CSSCI,2011,6,2011年第6期,True,True,27,0,3,0,0,0,found
求实,189,政治学,CSSCI,2011,7,2011年第7期,True,True,27,0,3,0,0,0,found
求实,189,政治学,CSSCI,2011,8,2011年第8期,True,True,23,0,1,0,1,0,found
求实,189,政治学,CSSCI,2011,9,2011年第9期,True,True,23,0,0,0,0,0,found
求实,189,政治学,CSSCI,2011,10,2011年第10期,True,True,24,0,0,0,1,0,found
求实,189,政治学,CSSCI,2011,11,2011年第11期,True,True,28,0,3,0,0,0,found
求实,189,政治学,CSSCI,2011,12,2011年第12期,True,True,29,0,3,0,1,0,found
求实,189,政治学,CSSCI,2012,1,2012年第1期,True,True,24,0,1,0,0,0,found
求实,189,政治学,CSSCI,2012,2,2012年第2期,True,True,22,0,1,0,1,0,found
求实,189,政治学,CSSCI,2012,3,2012年第3期,True,True,26,0,2,0,0,0,found
求实,189,政治学,CSSCI,2012,4,2012年第4期,True,True,26,0,2,0,0,0,found
求实,189,政治学,CSSCI,2012,5,2012年第5期,True,True,26,0,2,0,0,0,found
求实,189,政治学,CSSCI,2012,6,2012年第6期,True,True,26,0,1,0,1,0,found
求实,189,政治学,CSSCI,2012,7,2012年第7期,True,True,26,0,2,0,1,0,found
求实,189,政治学,CSSCI,2012,8,2012年第8期,True,True,26,0,2,0,1,0,found
求实,189,政治学,CSSCI,2012,9,2012年第9期,True,True,28,0,1,0,1,0,found
求实,189,政治学,CSSCI,2012,10,2012年第10期,True,True,26,0,1,0,1,0,found
求实,189,政治学,CSSCI,2012,11,2012年第11期,True,True,25,0,1,0,0,0,found
求实,189,政治学,CSSCI,2012,12,2012年第12期,True,True,31,0,4,0,1,0,found
求实,189,政治学,CSSCI,2013,1,2013年第1期,True,True,24,0,1,0,1,0,found
求实,189,政治学,CSSCI,2013,2,2013年第2期,True,True,24,0,1,0,0,0,found
求实,189,政治学,CSSCI,2013,3,2013年第3期,True,True,26,0,3,0,1,0,found
求实,189,政治学,CSSCI,2013,4,2013年第4期,True,True,24,0,1,0,1,0,found
求实,189,政治学,CSSCI,2013,5,2013年第5期,True,True,24,0,1,0,1,0,found
求实,189,政治学,CSSCI,2013,6,2013年第6期,True,True,24,0,2,0,1,0,found
求实,189,政治学,CSSCI,2013,7,2013年第7期,True,True,23,0,1,0,0,0,found
求实,189,政治学,CSSCI,2013,8,2013年第8期,True,True,21,0,2,0,0,0,found
求实,189,政治学,CSSCI,2013,9,2013年第9期,True,True,23,0,1,0,1,0,found
求实,189,政治学,CSSCI,2013,10,2013年第10期,True,True,26,0,3,0,0,0,found
求实,189,政治学,CSSCI,2013,11,2013年第11期,True,True,25,0,3,0,0,0,found
求实,189,政治学,CSSCI,2013,12,2013年第12期,True,True,31,0,2,0,0,0,found
求实,189,政治学,CSSCI,2014,1,2014年第1期,True,True,24,0,3,0,1,0,found
求实,189,政治学,CSSCI,2014,2,2014年第2期,True,True,22,0,1,0,1,0,found
求实,189,政治学,CSSCI,2014,3,2014年第3期,True,True,22,0,1,0,1,0,found
求实,189,政治学,CSSCI,2014,4,2014年第4期,True,True,22,0,1,0,1,0,found
求实,189,政治学,CSSCI,2014,5,2014年第5期,True,True,20,0,1,0,0,0,found
求实,189,政治学,CSSCI,2014,6,2014年第6期,True,True,23,0,2,0,0,0,found
求实,189,政治学,CSSCI,2014,7,2014年第7期,True,True,20,0,2,0,1,0,found
求实,189,政治学,CSSCI,2014,8,2014年第8期,True,True,21,0,2,0,1,0,found
求实,189,政治学,CSSCI,2014,9,2014年第9期,True,True,19,0,1,0,1,0,found
求实,189,政治学,CSSCI,2014,10,2014年第10期,True,True,19,0,2,0,0,0,found
求实,189,政治学,CSSCI,2014,11,2014年第11期,True,True,18,0,2,0,0,0,found
求实,189,政治学,CSSCI,2014,12,2014年第12期,True,True,16,0,2,0,0,0,found
求实,189,政治学,CSSCI,2015,1,2015年第1期,True,True,13,0,0,0,0,0,found
求实,189,政治学,CSSCI,2015,2,2015年第2期,True,True,13,0,0,0,0,0,found
求实,189,政治学,CSSCI,2015,3,2015年第3期,True,True,15,0,2,0,0,0,found
求实,189,政治学,CSSCI,2015,4,2015年第4期,True,True,14,0,2,0,0,0,found
求实,189,政治学,CSSCI,2015,5,2015年第5期,True,True,15,0,1,0,0,0,found
求实,189,政治学,CSSCI,2015,6,2015年第6期,True,True,16,0,2,0,0,0,found
求实,189,政治学,CSSCI,2015,7,2015年第7期,True,True,15,0,3,0,0,0,found
求实,189,政治学,CSSCI,2015,8,2015年第8期,True,True,2,2,0,0,2,0,found
求实,189,政治学,CSSCI,2015,9,2015年第9期,True,True,1,1,0,0,1,0,found
求实,189,政治学,CSSCI,2015,10,2015年第10期,True,True,2,2,0,0,2,0,found
求实,189,政治学,CSSCI,2015,11,2015年第11期,True,True,3,3,0,0,3,0,found
求实,189,政治学,CSSCI,2016,1,2016年第1期,True,True,14,0,2,0,0,0,found
求实,189,政治学,CSSCI,2016,2,2016年第2期,True,True,13,0,1,0,0,0,found
求实,189,政治学,CSSCI,2016,3,2016年第3期,True,True,12,0,2,0,0,0,found
求实,189,政治学,CSSCI,2016,4,2016年第4期,True,True,13,0,0,0,0,0,found
求实,189,政治学,CSSCI,2016,5,2016年第5期,True,True,12,0,0,0,0,0,found
求实,189,政治学,CSSCI,2016,6,2016年第6期,True,True,13,0,0,0,0,0,found
求实,189,政治学,CSSCI,2016,7,2016年第7期,True,True,11,0,0,0,0,0,found
求实,189,政治学,CSSCI,2016,8,2016年第8期,True,True,12,0,0,0,0,0,found
求实,189,政治学,CSSCI,2016,9,2016年第9期,True,True,11,0,0,0,0,0,found
求实,189,政治学,CSSCI,2016,10,2016年第10期,True,True,10,0,0,0,0,0,found
求实,189,政治学,CSSCI,2016,11,2016年第11期,True,True,11,0,0,0,0,0,found
求实,189,政治学,CSSCI,2016,12,2016年第12期,True,True,11,0,0,0,0,0,found
求实,189,政治学,CSSCI,2017,1,2017年第1期,True,True,10,0,0,0,0,0,found
求实,189,政治学,CSSCI,2017,2,2017年第2期,True,True,9,0,0,0,0,0,found
求实,189,政治学,CSSCI,2017,3,2017年第3期,True,True,9,0,0,0,0,0,found
求实,189,政治学,CSSCI,2017,4,2017年第4期,True,True,8,0,0,0,0,0,found
求实,189,政治学,CSSCI,2017,5,2017年第5期,True,True,9,0,0,0,0,0,found
求实,189,政治学,CSSCI,2017,6,2017年第6期,True,True,9,0,0,0,0,0,found
求实,189,政治学,CSSCI,2017,7,2017年第7期,True,True,9,0,0,0,0,0,found
求实,189,政治学,CSSCI,2017,8,2017年第8期,True,True,8,0,0,0,0,0,found
求实,189,政治学,CSSCI,2017,9,2017年第9期,True,True,8,0,0,0,0,0,found
求实,189,政治学,CSSCI,2017,10,2017年第10期,True,True,8,0,0,0,0,0,found
求实,189,政治学,CSSCI,2017,11,2017年第11期,True,True,8,0,0,0,0,0,found
求实,189,政治学,CSSCI,2017,12,2017年第12期,True,True,8,0,0,0,0,0,found
求实,189,政治学,CSSCI,2018,1,2018年第1期,True,True,10,0,0,0,1,0,found
求实,189,政治学,CSSCI,2018,2,2018年第2期,True,True,10,0,0,0,1,0,found
求实,189,政治学,CSSCI,2018,3,2018年第3期,True,True,9,0,0,0,1,0,found
求实,189,政治学,CSSCI,2018,4,2018年第4期,True,True,10,0,0,0,1,0,found
求实,189,政治学,CSSCI,2018,5,2018年第5期,True,True,9,0,0,0,1,0,found
求实,189,政治学,CSSCI,2018,6,2018年第6期,True,True,10,0,0,0,1,0,found
求实,189,政治学,CSSCI,2019,1,2019年第1期,True,True,9,0,1,0,0,0,found
求实,189,政治学,CSSCI,2019,2,2019年第2期,True,True,8,0,0,0,0,0,found
求实,189,政治学,CSSCI,2019,3,2019年第3期,True,True,9,0,1,0,0,0,found
求实,189,政治学,CSSCI,2019,4,2019年第4期,True,True,11,0,2,0,0,0,found
求实,189,政治学,CSSCI,2019,5,2019年第5期,True,True,10,0,2,0,0,0,found
求实,189,政治学,CSSCI,2019,6,2019年第6期,True,True,11,0,3,0,1,0,found
求实,189,政治学,CSSCI,2020,1,2020年第1期,True,True,12,0,2,0,0,0,found
求实,189,政治学,CSSCI,2020,2,2020年第2期,True,True,11,0,2,0,0,0,found
求实,189,政治学,CSSCI,2020,3,2020年第3期,True,True,9,0,1,0,0,0,found
求实,189,政治学,CSSCI,2020,4,2020年第4期,True,True,10,0,2,0,0,0,found
求实,189,政治学,CSSCI,2020,5,2020年第5期,True,True,10,0,2,0,0,0,found
求实,189,政治学,CSSCI,2020,6,2020年第6期,True,True,11,0,3,0,1,0,found
求实,189,政治学,CSSCI,2021,1,2021年第1期,True,True,10,0,0,0,0,0,found
求实,189,政治学,CSSCI,2021,2,2021年第2期,True,True,10,0,0,0,0,0,found
求实,189,政治学,CSSCI,2021,3,2021年第3期,True,True,12,0,0,0,0,0,found
求实,189,政治学,CSSCI,2021,4,2021年第4期,True,True,9,0,0,0,0,0,found
求实,189,政治学,CSSCI,2021,5,2021年第5期,True,True,11,0,0,0,0,0,found
求实,189,政治学,CSSCI,2021,6,2021年第6期,True,True,11,0,0,0,1,0,found
求实,189,政治学,CSSCI,2022,1,2022年第1期,True,True,10,0,0,0,0,0,found
求实,189,政治学,CSSCI,2022,2,2022年第2期,True,True,8,0,0,0,0,0,found
求实,189,政治学,CSSCI,2022,3,2022年第3期,True,True,8,0,0,0,0,0,found
求实,189,政治学,CSSCI,2022,4,2022年第4期,True,True,8,0,0,0,0,0,found
求实,189,政治学,CSSCI,2022,5,2022年第5期,True,True,8,0,0,0,0,0,found
求实,189,政治学,CSSCI,2022,6,2022年第6期,True,True,9,0,1,0,1,0,found
求实,189,政治学,CSSCI,2023,1,2023年第1期,True,True,8,0,0,0,0,0,found
求实,189,政治学,CSSCI,2023,2,2023年第2期,True,True,11,0,3,0,0,0,found
求实,189,政治学,CSSCI,2023,3,2023年第3期,True,True,8,0,0,0,0,0,found
求实,189,政治学,CSSCI,2023,4,2023年第4期,True,True,8,0,0,0,0,0,found
求实,189,政治学,CSSCI,2023,5,2023年第5期,True,True,9,0,1,0,1,0,found
求实,189,政治学,CSSCI,2023,6,2023年第6期,True,True,12,0,5,0,0,0,found
求实,189,政治学,CSSCI,2024,1,2024年第1期,True,True,11,0,3,0,0,0,found
求实,189,政治学,CSSCI,2024,2,2024年第2期,True,True,10,0,2,0,0,0,found
求实,189,政治学,CSSCI,2024,3,2024年第3期,True,True,8,0,0,0,0,0,found
求实,189,政治学,CSSCI,2024,4,2024年第4期,True,True,9,0,1,0,0,0,found
求实,189,政治学,CSSCI,2024,5,2024年第5期,True,True,8,0,0,0,0,0,found
求实,189,政治学,CSSCI,2024,6,2024年第6期,True,True,9,0,2,0,1,0,found
求实,189,政治学,CSSCI,2025,1,2025年第1期,True,True,9,0,1,0,0,0,found
求实,189,政治学,CSSCI,2025,2,2025年第2期,True,True,8,0,0,0,0,0,found
求实,189,政治学,CSSCI,2025,3,2025年第3期,True,True,9,0,1,0,0,0,found
求实,189,政治学,CSSCI,2025,4,2025年第4期,True,True,8,0,0,0,0,0,found
求实,189,政治学,CSSCI,2025,5,2025年第5期,True,True,8,0,0,0,0,0,found
求实,189,政治学,CSSCI,2025,6,2025年第6期,True,True,11,0,1,0,1,0,found
探索,190,政治学,CSSCI,2020,1,2020年第1期,True,True,45,45,0,0,45,0,found
探索,190,政治学,CSSCI,2021,1,2021年第1期,True,True,8,8,0,0,8,0,found
探索,190,政治学,CSSCI,2022,1,2022年第1期,True,False,0,0,0,0,0,0,not_found_in_public_sources
探索,190,政治学,CSSCI,2023,1,2023年第1期,True,True,97,97,0,0,97,0,found
探索,190,政治学,CSSCI,2024,1,2024年第1期,True,True,328,328,0,0,328,0,found
探索,190,政治学,CSSCI,2025,1,2025年第1期,True,True,473,473,0,0,473,0,found
中国人民公安大学学报，社会科学版,192,政治学,CSSCI,1985,1,1985年第1期,True,True,3,3,0,0,3,0,found
中国人民公安大学学报，社会科学版,192,政治学,CSSCI,1985,2,1985年第2期,True,True,1,1,0,0,1,0,found
中国人民公安大学学报，社会科学版,192,政治学,CSSCI,1985,3,1985年第3期,True,True,1,1,0,0,1,0,found
中国人民公安大学学报，社会科学版,192,政治学,CSSCI,1985,4,1985年第4期,True,True,2,2,0,0,2,0,found
中国人民公安大学学报，社会科学版,192,政治学,CSSCI,1985,5,1985年第5期,True,False,0,0,0,0,0,0,not_found_in_public_sources
中国人民公安大学学报，社会科学版,192,政治学,CSSCI,1985,6,1985年第6期,True,False,0,0,0,0,0,0,not_found_in_public_sources
中国人民公安大学学报，社会科学版,192,政治学,CSSCI,1986,1,1986年第1期,True,True,1,1,0,0,1,0,found
中国人民公安大学学报，社会科学版,192,政治学,CSSCI,1986,2,1986年第2期,True,True,3,3,0,0,3,0,found
中国人民公安大学学报，社会科学版,192,政治学,CSSCI,1986,3,1986年第3期,True,True,1,1,0,0,1,0,found
中国人民公安大学学报，社会科学版,192,政治学,CSSCI,1986,4,1986年第4期,True,True,1,1,0,0,1,0,found
中国人民公安大学学报，社会科学版,192,政治学,CSSCI,1986,5,1986年第5期,True,False,0,0,0,0,0,0,not_found_in_public_sources
中国人民公安大学学报，社会科学版,192,政治学,CSSCI,1986,6,1986年第6期,True,False,0,0,0,0,0,0,not_found_in_public_sources
中国人民公安大学学报，社会科学版,192,政治学,CSSCI,1987,1,1987年第1期,True,True,1,1,0,0,1,0,found
中国人民公安大学学报，社会科学版,192,政治学,CSSCI,1987,2,1987年第2期,True,True,4,4,0,0,4,0,found
中国人民公安大学学报，社会科学版,192,政治学,CSSCI,1987,3,1987年第3期,True,True,3,3,0,0,3,0,found
中国人民公安大学学报，社会科学版,192,政治学,CSSCI,1987,4,1987年第4期,True,True,4,4,0,0,4,0,found
中国人民公安大学学报，社会科学版,192,政治学,CSSCI,1987,5,1987年第5期,True,True,5,5,0,0,5,0,found
中国人民公安大学学报，社会科学版,192,政治学,CSSCI,1987,6,1987年第6期,True,True,1,1,0,0,1,0,found
中国人民公安大学学报，社会科学版,192,政治学,CSSCI,1988,1,1988年第1期,True,True,2,2,0,0,2,0,found
中国人民公安大学学报，社会科学版,192,政治学,CSSCI,1988,2,1988年第2期,True,True,2,2,0,0,2,0,found
中国人民公安大学学报，社会科学版,192,政治学,CSSCI,1988,3,1988年第3期,True,True,5,5,0,0,5,0,found
中国人民公安大学学报，社会科学版,192,政治学,CSSCI,1988,4,1988年第4期,True,True,1,1,0,0,1,0,found
中国人民公安大学学报，社会科学版,192,政治学,CSSCI,1988,5,1988年第5期,True,False,0,0,0,0,0,0,not_found_in_public_sources
中国人民公安大学学报，社会科学版,192,政治学,CSSCI,1988,6,1988年第6期,True,True,2,2,0,0,2,0,found
中国人民公安大学学报，社会科学版,192,政治学,CSSCI,1989,1,1989年第1期,True,True,1,1,0,0,1,0,found
中国人民公安大学学报，社会科学版,192,政治学,CSSCI,1989,2,1989年第2期,True,True,2,2,0,0,2,0,found
中国人民公安大学学报，社会科学版,192,政治学,CSSCI,1989,3,1989年第3期,True,True,1,1,0,0,1,0,found
中国人民公安大学学报，社会科学版,192,政治学,CSSCI,1989,4,1989年第4期,True,True,3,3,0,0,3,0,found
中国人民公安大学学报，社会科学版,192,政治学,CSSCI,1989,5,1989年第5期,True,True,4,4,0,0,4,0,found
中国人民公安大学学报，社会科学版,192,政治学,CSSCI,1989,6,1989年第6期,True,True,2,2,0,0,2,0,found
中国人民公安大学学报，社会科学版,192,政治学,CSSCI,1990,1,1990年第1期,True,True,3,3,0,0,3,0,found
中国人民公安大学学报，社会科学版,192,政治学,CSSCI,1990,2,1990年第2期,True,True,2,2,0,0,2,0,found
中国人民公安大学学报，社会科学版,192,政治学,CSSCI,1990,3,1990年第3期,True,True,2,2,0,0,2,0,found
中国人民公安大学学报，社会科学版,192,政治学,CSSCI,1990,4,1990年第4期,True,True,4,4,0,0,4,0,found
中国人民公安大学学报，社会科学版,192,政治学,CSSCI,1990,5,1990年第5期,True,True,2,2,0,0,2,0,found
中国人民公安大学学报，社会科学版,192,政治学,CSSCI,1990,6,1990年第6期,True,True,3,3,0,0,3,0,found
中国人民公安大学学报，社会科学版,192,政治学,CSSCI,1991,1,1991年第1期,True,True,2,2,0,0,2,0,found
中国人民公安大学学报，社会科学版,192,政治学,CSSCI,1991,2,1991年第2期,True,True,1,1,0,0,1,0,found
中国人民公安大学学报，社会科学版,192,政治学,CSSCI,1991,3,1991年第3期,True,True,1,1,0,0,1,0,found
中国人民公安大学学报，社会科学版,192,政治学,CSSCI,1991,4,1991年第4期,True,True,4,4,0,0,4,0,found
中国人民公安大学学报，社会科学版,192,政治学,CSSCI,1991,5,1991年第5期,True,True,2,2,0,0,2,0,found
中国人民公安大学学报，社会科学版,192,政治学,CSSCI,1991,6,1991年第6期,True,True,3,3,0,0,3,0,found
中国人民公安大学学报，社会科学版,192,政治学,CSSCI,1992,1,1992年第1期,True,True,2,2,0,0,2,0,found
中国人民公安大学学报，社会科学版,192,政治学,CSSCI,1992,2,1992年第2期,True,True,1,1,0,0,1,0,found
中国人民公安大学学报，社会科学版,192,政治学,CSSCI,1992,3,1992年第3期,True,True,1,1,0,0,1,0,found
中国人民公安大学学报，社会科学版,192,政治学,CSSCI,1992,4,1992年第4期,True,False,0,0,0,0,0,0,not_found_in_public_sources
中国人民公安大学学报，社会科学版,192,政治学,CSSCI,1992,5,1992年第5期,True,False,0,0,0,0,0,0,not_found_in_public_sources
中国人民公安大学学报，社会科学版,192,政治学,CSSCI,1992,6,1992年第6期,True,False,0,0,0,0,0,0,not_found_in_public_sources
中国人民公安大学学报，社会科学版,192,政治学,CSSCI,1993,1,1993年第1期,True,True,1,1,0,0,1,0,found
中国人民公安大学学报，社会科学版,192,政治学,CSSCI,1993,2,1993年第2期,True,True,2,2,0,0,2,0,found
中国人民公安大学学报，社会科学版,192,政治学,CSSCI,1993,3,1993年第3期,True,True,1,1,0,0,1,0,found
中国人民公安大学学报，社会科学版,192,政治学,CSSCI,1993,4,1993年第4期,True,True,2,2,0,0,2,0,found
中国人民公安大学学报，社会科学版,192,政治学,CSSCI,1993,5,1993年第5期,True,False,0,0,0,0,0,0,not_found_in_public_sources
中国人民公安大学学报，社会科学版,192,政治学,CSSCI,1993,6,1993年第6期,True,False,0,0,0,0,0,0,not_found_in_public_sources
中国人民公安大学学报，社会科学版,192,政治学,CSSCI,1994,1,1994年第1期,True,True,4,4,0,0,4,0,found
中国人民公安大学学报，社会科学版,192,政治学,CSSCI,1994,2,1994年第2期,True,True,4,4,0,0,4,0,found
中国人民公安大学学报，社会科学版,192,政治学,CSSCI,1994,3,1994年第3期,True,True,3,3,0,0,3,0,found
中国人民公安大学学报，社会科学版,192,政治学,CSSCI,1994,4,1994年第4期,True,True,3,3,0,0,3,0,found
中国人民公安大学学报，社会科学版,192,政治学,CSSCI,1994,5,1994年第5期,True,True,1,1,0,0,1,0,found
中国人民公安大学学报，社会科学版,192,政治学,CSSCI,1994,6,1994年第6期,True,True,1,1,0,0,1,0,found
中国人民公安大学学报，社会科学版,192,政治学,CSSCI,1995,1,1995年第1期,True,True,8,8,0,0,8,0,found
中国人民公安大学学报，社会科学版,192,政治学,CSSCI,1995,2,1995年第2期,True,True,2,2,0,0,2,0,found
中国人民公安大学学报，社会科学版,192,政治学,CSSCI,1995,3,1995年第3期,True,True,4,4,0,0,4,0,found
中国人民公安大学学报，社会科学版,192,政治学,CSSCI,1995,4,1995年第4期,True,False,0,0,0,0,0,0,not_found_in_public_sources
中国人民公安大学学报，社会科学版,192,政治学,CSSCI,1995,5,1995年第5期,True,True,1,1,0,0,1,0,found
中国人民公安大学学报，社会科学版,192,政治学,CSSCI,1995,6,1995年第6期,True,True,1,1,0,0,1,0,found
中国人民公安大学学报，社会科学版,192,政治学,CSSCI,1996,1,1996年第1期,True,True,3,3,0,0,3,0,found
中国人民公安大学学报，社会科学版,192,政治学,CSSCI,1996,2,1996年第2期,True,True,2,2,0,0,2,0,found
中国人民公安大学学报，社会科学版,192,政治学,CSSCI,1996,3,1996年第3期,True,True,6,6,0,0,6,0,found
中国人民公安大学学报，社会科学版,192,政治学,CSSCI,1996,4,1996年第4期,True,False,0,0,0,0,0,0,not_found_in_public_sources
中国人民公安大学学报，社会科学版,192,政治学,CSSCI,1996,5,1996年第5期,True,False,0,0,0,0,0,0,not_found_in_public_sources
中国人民公安大学学报，社会科学版,192,政治学,CSSCI,1996,6,1996年第6期,True,True,4,4,0,0,4,0,found
中国人民公安大学学报，社会科学版,192,政治学,CSSCI,1997,1,1997年第1期,True,True,4,4,0,0,4,0,found
中国人民公安大学学报，社会科学版,192,政治学,CSSCI,1997,2,1997年第2期,True,True,2,2,0,0,2,0,found
中国人民公安大学学报，社会科学版,192,政治学,CSSCI,1997,3,1997年第3期,True,True,2,2,0,0,2,0,found
中国人民公安大学学报，社会科学版,192,政治学,CSSCI,1997,4,1997年第4期,True,True,2,2,0,0,2,0,found
中国人民公安大学学报，社会科学版,192,政治学,CSSCI,1997,5,1997年第5期,True,True,1,1,0,0,1,0,found
中国人民公安大学学报，社会科学版,192,政治学,CSSCI,1997,6,1997年第6期,True,True,6,6,0,0,6,0,found
中国人民公安大学学报，社会科学版,192,政治学,CSSCI,1998,1,1998年第1期,True,True,4,4,0,0,4,0,found
中国人民公安大学学报，社会科学版,192,政治学,CSSCI,1998,2,1998年第2期,True,False,0,0,0,0,0,0,not_found_in_public_sources
中国人民公安大学学报，社会科学版,192,政治学,CSSCI,1998,3,1998年第3期,True,True,2,2,0,0,2,0,found
中国人民公安大学学报，社会科学版,192,政治学,CSSCI,1998,4,1998年第4期,True,True,4,4,0,0,4,0,found
中国人民公安大学学报，社会科学版,192,政治学,CSSCI,1998,5,1998年第5期,True,True,6,6,0,0,6,0,found
中国人民公安大学学报，社会科学版,192,政治学,CSSCI,1998,6,1998年第6期,True,True,2,2,0,0,2,0,found
中国人民公安大学学报，社会科学版,192,政治学,CSSCI,1999,1,1999年第1期,True,True,2,2,0,0,2,0,found
中国人民公安大学学报，社会科学版,192,政治学,CSSCI,1999,2,1999年第2期,True,True,2,2,0,0,2,0,found
中国人民公安大学学报，社会科学版,192,政治学,CSSCI,1999,3,1999年第3期,True,True,6,6,0,0,6,0,found
中国人民公安大学学报，社会科学版,192,政治学,CSSCI,1999,4,1999年第4期,True,True,4,4,0,0,4,0,found
中国人民公安大学学报，社会科学版,192,政治学,CSSCI,1999,5,1999年第5期,True,True,5,5,0,0,5,0,found
中国人民公安大学学报，社会科学版,192,政治学,CSSCI,1999,6,1999年第6期,True,True,7,7,0,0,7,0,found
中国人民公安大学学报，社会科学版,192,政治学,CSSCI,2000,1,2000年第1期,True,False,0,0,0,0,0,0,not_found_in_public_sources
中国人民公安大学学报，社会科学版,192,政治学,CSSCI,2000,2,2000年第2期,True,False,0,0,0,0,0,0,not_found_in_public_sources
中国人民公安大学学报，社会科学版,192,政治学,CSSCI,2000,3,2000年第3期,True,True,3,3,0,0,3,0,found
中国人民公安大学学报，社会科学版,192,政治学,CSSCI,2000,4,2000年第4期,True,False,0,0,0,0,0,0,not_found_in_public_sources
中国人民公安大学学报，社会科学版,192,政治学,CSSCI,2000,5,2000年第5期,True,False,0,0,0,0,0,0,not_found_in_public_sources
中国人民公安大学学报，社会科学版,192,政治学,CSSCI,2000,6,2000年第6期,True,False,0,0,0,0,0,0,not_found_in_public_sources
中国人民公安大学学报，社会科学版,192,政治学,CSSCI,2001,1,2001年第1期,True,False,0,0,0,0,0,0,not_found_in_public_sources
中国人民公安大学学报，社会科学版,192,政治学,CSSCI,2001,2,2001年第2期,True,False,0,0,0,0,0,0,not_found_in_public_sources
中国人民公安大学学报，社会科学版,192,政治学,CSSCI,2001,3,2001年第3期,True,False,0,0,0,0,0,0,not_found_in_public_sources
中国人民公安大学学报，社会科学版,192,政治学,CSSCI,2001,4,2001年第4期,True,True,1,1,0,0,1,0,found
中国人民公安大学学报，社会科学版,192,政治学,CSSCI,2001,5,2001年第5期,True,False,0,0,0,0,0,0,not_found_in_public_sources
中国人民公安大学学报，社会科学版,192,政治学,CSSCI,2001,6,2001年第6期,True,False,0,0,0,0,0,0,not_found_in_public_sources
中国人民公安大学学报，社会科学版,192,政治学,CSSCI,2002,1,2002年第1期,True,False,0,0,0,0,0,0,not_found_in_public_sources
中国人民公安大学学报，社会科学版,192,政治学,CSSCI,2002,2,2002年第2期,True,False,0,0,0,0,0,0,not_found_in_public_sources
中国人民公安大学学报，社会科学版,192,政治学,CSSCI,2002,3,2002年第3期,True,True,6,6,0,0,6,0,found
中国人民公安大学学报，社会科学版,192,政治学,CSSCI,2002,4,2002年第4期,True,False,0,0,0,0,0,0,not_found_in_public_sources
中国人民公安大学学报，社会科学版,192,政治学,CSSCI,2002,5,2002年第5期,True,False,0,0,0,0,0,0,not_found_in_public_sources
中国人民公安大学学报，社会科学版,192,政治学,CSSCI,2002,6,2002年第6期,True,False,0,0,0,0,0,0,not_found_in_public_sources
中国人民公安大学学报，社会科学版,192,政治学,CSSCI,2003,1,2003年第1期,True,True,5,5,0,0,5,0,found
中国人民公安大学学报，社会科学版,192,政治学,CSSCI,2003,2,2003年第2期,True,True,5,5,0,0,5,0,found
中国人民公安大学学报，社会科学版,192,政治学,CSSCI,2003,3,2003年第3期,True,True,3,3,0,0,3,0,found
中国人民公安大学学报，社会科学版,192,政治学,CSSCI,2003,4,2003年第4期,True,True,2,2,0,0,2,0,found
中国人民公安大学学报，社会科学版,192,政治学,CSSCI,2003,5,2003年第5期,True,True,3,3,0,0,3,0,found
中国人民公安大学学报，社会科学版,192,政治学,CSSCI,2003,6,2003年第6期,True,True,2,2,0,0,2,0,found
中国人民公安大学学报，社会科学版,192,政治学,CSSCI,2004,1,2004年第1期,True,True,1,1,0,0,1,0,found
中国人民公安大学学报，社会科学版,192,政治学,CSSCI,2004,2,2004年第2期,True,True,4,4,0,0,4,0,found
中国人民公安大学学报，社会科学版,192,政治学,CSSCI,2004,3,2004年第3期,True,True,1,1,0,0,1,0,found
中国人民公安大学学报，社会科学版,192,政治学,CSSCI,2004,4,2004年第4期,True,True,5,5,0,0,5,0,found
中国人民公安大学学报，社会科学版,192,政治学,CSSCI,2004,5,2004年第5期,True,True,1,1,0,0,1,0,found
中国人民公安大学学报，社会科学版,192,政治学,CSSCI,2004,6,2004年第6期,True,True,4,4,0,0,4,0,found
中国人民公安大学学报，社会科学版,192,政治学,CSSCI,2005,1,2005年第1期,True,True,3,3,0,0,3,0,found
中国人民公安大学学报，社会科学版,192,政治学,CSSCI,2005,2,2005年第2期,True,True,2,2,0,0,2,0,found
中国人民公安大学学报，社会科学版,192,政治学,CSSCI,2005,3,2005年第3期,True,True,2,2,0,0,2,0,found
中国人民公安大学学报，社会科学版,192,政治学,CSSCI,2005,4,2005年第4期,True,True,2,2,0,0,2,0,found
中国人民公安大学学报，社会科学版,192,政治学,CSSCI,2005,5,2005年第5期,True,True,3,3,0,0,3,0,found
中国人民公安大学学报，社会科学版,192,政治学,CSSCI,2005,6,2005年第6期,True,True,4,4,0,0,4,0,found
中国人民公安大学学报，社会科学版,192,政治学,CSSCI,2006,1,2006年第1期,True,True,2,2,0,0,2,0,found
中国人民公安大学学报，社会科学版,192,政治学,CSSCI,2006,2,2006年第2期,True,False,0,0,0,0,0,0,not_found_in_public_sources
中国人民公安大学学报，社会科学版,192,政治学,CSSCI,2006,3,2006年第3期,True,True,3,3,0,0,3,0,found
中国人民公安大学学报，社会科学版,192,政治学,CSSCI,2006,4,2006年第4期,True,True,1,1,0,0,1,0,found
中国人民公安大学学报，社会科学版,192,政治学,CSSCI,2006,5,2006年第5期,True,True,1,1,0,0,1,0,found
中国人民公安大学学报，社会科学版,192,政治学,CSSCI,2006,6,2006年第6期,True,True,3,3,0,0,3,0,found
中国人民公安大学学报，社会科学版,192,政治学,CSSCI,2007,1,2007年第1期,True,True,3,3,0,0,3,0,found
中国人民公安大学学报，社会科学版,192,政治学,CSSCI,2007,2,2007年第2期,True,True,3,3,0,0,3,0,found
中国人民公安大学学报，社会科学版,192,政治学,CSSCI,2007,3,2007年第3期,True,True,3,3,0,0,3,0,found
中国人民公安大学学报，社会科学版,192,政治学,CSSCI,2007,4,2007年第4期,True,True,2,2,0,0,2,0,found
中国人民公安大学学报，社会科学版,192,政治学,CSSCI,2007,5,2007年第5期,True,True,3,3,0,0,3,0,found
中国人民公安大学学报，社会科学版,192,政治学,CSSCI,2007,6,2007年第6期,True,True,2,2,0,0,2,0,found
中国人民公安大学学报，社会科学版,192,政治学,CSSCI,2008,1,2008年第1期,True,True,3,3,0,0,3,0,found
中国人民公安大学学报，社会科学版,192,政治学,CSSCI,2008,2,2008年第2期,True,False,0,0,0,0,0,0,not_found_in_public_sources
中国人民公安大学学报，社会科学版,192,政治学,CSSCI,2008,3,2008年第3期,True,False,0,0,0,0,0,0,not_found_in_public_sources
中国人民公安大学学报，社会科学版,192,政治学,CSSCI,2008,4,2008年第4期,True,False,0,0,0,0,0,0,not_found_in_public_sources
中国人民公安大学学报，社会科学版,192,政治学,CSSCI,2008,5,2008年第5期,True,True,1,1,0,0,1,0,found
中国人民公安大学学报，社会科学版,192,政治学,CSSCI,2008,6,2008年第6期,True,True,2,2,0,0,2,0,found
中国人民公安大学学报，社会科学版,192,政治学,CSSCI,2009,1,2009年第1期,True,True,2,2,0,0,2,0,found
中国人民公安大学学报，社会科学版,192,政治学,CSSCI,2009,2,2009年第2期,True,True,5,5,0,0,5,0,found
中国人民公安大学学报，社会科学版,192,政治学,CSSCI,2009,3,2009年第3期,True,True,1,1,0,0,1,0,found
中国人民公安大学学报，社会科学版,192,政治学,CSSCI,2009,4,2009年第4期,True,True,4,4,0,0,4,0,found
中国人民公安大学学报，社会科学版,192,政治学,CSSCI,2009,5,2009年第5期,True,True,1,1,0,0,1,0,found
中国人民公安大学学报，社会科学版,192,政治学,CSSCI,2009,6,2009年第6期,True,True,4,4,0,0,4,0,found
中国人民公安大学学报，社会科学版,192,政治学,CSSCI,2010,1,2010年第1期,True,False,0,0,0,0,0,0,not_found_in_public_sources
中国人民公安大学学报，社会科学版,192,政治学,CSSCI,2010,2,2010年第2期,True,True,1,1,0,0,1,0,found
中国人民公安大学学报，社会科学版,192,政治学,CSSCI,2010,3,2010年第3期,True,True,1,1,0,0,1,0,found
中国人民公安大学学报，社会科学版,192,政治学,CSSCI,2010,4,2010年第4期,True,True,2,2,0,0,2,0,found
中国人民公安大学学报，社会科学版,192,政治学,CSSCI,2010,5,2010年第5期,True,True,1,1,0,0,1,0,found
中国人民公安大学学报，社会科学版,192,政治学,CSSCI,2010,6,2010年第6期,True,True,4,4,0,0,4,0,found
中国人民公安大学学报，社会科学版,192,政治学,CSSCI,2011,1,2011年第1期,True,True,1,1,0,0,1,0,found
中国人民公安大学学报，社会科学版,192,政治学,CSSCI,2011,2,2011年第2期,True,True,3,3,0,0,3,0,found
中国人民公安大学学报，社会科学版,192,政治学,CSSCI,2011,3,2011年第3期,True,True,2,2,0,0,2,0,found
中国人民公安大学学报，社会科学版,192,政治学,CSSCI,2011,4,2011年第4期,True,True,3,3,0,0,3,0,found
中国人民公安大学学报，社会科学版,192,政治学,CSSCI,2011,5,2011年第5期,True,True,4,4,0,0,4,0,found
中国人民公安大学学报，社会科学版,192,政治学,CSSCI,2011,6,2011年第6期,True,True,7,7,0,0,7,0,found
中国人民公安大学学报，社会科学版,192,政治学,CSSCI,2012,1,2012年第1期,True,True,7,7,0,0,7,0,found
中国人民公安大学学报，社会科学版,192,政治学,CSSCI,2012,2,2012年第2期,True,False,0,0,0,0,0,0,not_found_in_public_sources
中国人民公安大学学报，社会科学版,192,政治学,CSSCI,2012,3,2012年第3期,True,True,3,3,0,0,3,0,found
中国人民公安大学学报，社会科学版,192,政治学,CSSCI,2012,4,2012年第4期,True,True,3,3,0,0,3,0,found
中国人民公安大学学报，社会科学版,192,政治学,CSSCI,2012,5,2012年第5期,True,True,2,2,0,0,2,0,found
中国人民公安大学学报，社会科学版,192,政治学,CSSCI,2012,6,2012年第6期,True,False,0,0,0,0,0,0,not_found_in_public_sources
中国人民公安大学学报，社会科学版,192,政治学,CSSCI,2013,1,2013年第1期,True,True,2,2,0,0,2,0,found
中国人民公安大学学报，社会科学版,192,政治学,CSSCI,2013,2,2013年第2期,True,True,2,2,0,0,2,0,found
中国人民公安大学学报，社会科学版,192,政治学,CSSCI,2013,3,2013年第3期,True,True,1,1,0,0,1,0,found
中国人民公安大学学报，社会科学版,192,政治学,CSSCI,2013,4,2013年第4期,True,True,1,1,0,0,1,0,found
中国人民公安大学学报，社会科学版,192,政治学,CSSCI,2013,5,2013年第5期,True,True,3,3,0,0,3,0,found
中国人民公安大学学报，社会科学版,192,政治学,CSSCI,2013,6,2013年第6期,True,True,3,3,0,0,3,0,found
中国人民公安大学学报，社会科学版,192,政治学,CSSCI,2014,1,2014年第1期,True,True,4,4,0,0,4,0,found
中国人民公安大学学报，社会科学版,192,政治学,CSSCI,2014,2,2014年第2期,True,True,2,2,0,0,2,0,found
中国人民公安大学学报，社会科学版,192,政治学,CSSCI,2014,3,2014年第3期,True,True,2,2,0,0,2,0,found
中国人民公安大学学报，社会科学版,192,政治学,CSSCI,2014,4,2014年第4期,True,True,1,1,0,0,1,0,found
中国人民公安大学学报，社会科学版,192,政治学,CSSCI,2014,5,2014年第5期,True,True,2,2,0,0,2,0,found
中国人民公安大学学报，社会科学版,192,政治学,CSSCI,2014,6,2014年第6期,True,True,3,3,0,0,3,0,found
中国人民公安大学学报，社会科学版,192,政治学,CSSCI,2015,1,2015年第1期,True,True,2,2,0,0,2,0,found
中国人民公安大学学报，社会科学版,192,政治学,CSSCI,2015,2,2015年第2期,True,True,1,1,0,0,1,0,found
中国人民公安大学学报，社会科学版,192,政治学,CSSCI,2015,3,2015年第3期,True,False,0,0,0,0,0,0,not_found_in_public_sources
中国人民公安大学学报，社会科学版,192,政治学,CSSCI,2015,4,2015年第4期,True,True,3,3,0,0,3,0,found
中国人民公安大学学报，社会科学版,192,政治学,CSSCI,2015,5,2015年第5期,True,True,1,1,0,0,1,0,found
中国人民公安大学学报，社会科学版,192,政治学,CSSCI,2015,6,2015年第6期,True,False,0,0,0,0,0,0,not_found_in_public_sources
中国人民公安大学学报，社会科学版,192,政治学,CSSCI,2016,1,2016年第1期,True,True,2,2,0,0,2,0,found
中国人民公安大学学报，社会科学版,192,政治学,CSSCI,2016,2,2016年第2期,True,True,3,3,0,0,3,0,found
中国人民公安大学学报，社会科学版,192,政治学,CSSCI,2016,3,2016年第3期,True,True,5,5,0,0,5,0,found
中国人民公安大学学报，社会科学版,192,政治学,CSSCI,2016,4,2016年第4期,True,True,1,1,0,0,1,0,found
中国人民公安大学学报，社会科学版,192,政治学,CSSCI,2016,5,2016年第5期,True,False,0,0,0,0,0,0,not_found_in_public_sources
中国人民公安大学学报，社会科学版,192,政治学,CSSCI,2016,6,2016年第6期,True,True,1,1,0,0,1,0,found
中国人民公安大学学报，社会科学版,192,政治学,CSSCI,2017,1,2017年第1期,True,True,2,2,0,0,2,0,found
中国人民公安大学学报，社会科学版,192,政治学,CSSCI,2017,2,2017年第2期,True,True,1,1,0,0,1,0,found
中国人民公安大学学报，社会科学版,192,政治学,CSSCI,2017,3,2017年第3期,True,False,0,0,0,0,0,0,not_found_in_public_sources
中国人民公安大学学报，社会科学版,192,政治学,CSSCI,2017,4,2017年第4期,True,False,0,0,0,0,0,0,not_found_in_public_sources
中国人民公安大学学报，社会科学版,192,政治学,CSSCI,2017,5,2017年第5期,True,False,0,0,0,0,0,0,not_found_in_public_sources
中国人民公安大学学报，社会科学版,192,政治学,CSSCI,2017,6,2017年第6期,True,False,0,0,0,0,0,0,not_found_in_public_sources
中国人民公安大学学报，社会科学版,192,政治学,CSSCI,2018,1,2018年第1期,True,True,2,2,0,0,2,0,found
中国人民公安大学学报，社会科学版,192,政治学,CSSCI,2018,2,2018年第2期,True,True,1,1,0,0,1,0,found
中国人民公安大学学报，社会科学版,192,政治学,CSSCI,2018,3,2018年第3期,True,False,0,0,0,0,0,0,not_found_in_public_sources
中国人民公安大学学报，社会科学版,192,政治学,CSSCI,2018,4,2018年第4期,True,False,0,0,0,0,0,0,not_found_in_public_sources
中国人民公安大学学报，社会科学版,192,政治学,CSSCI,2018,5,2018年第5期,True,False,0,0,0,0,0,0,not_found_in_public_sources
中国人民公安大学学报，社会科学版,192,政治学,CSSCI,2018,6,2018年第6期,True,False,0,0,0,0,0,0,not_found_in_public_sources
中国人民公安大学学报，社会科学版,192,政治学,CSSCI,2019,1,2019年第1期,True,False,0,0,0,0,0,0,not_found_in_public_sources
中国人民公安大学学报，社会科学版,192,政治学,CSSCI,2019,2,2019年第2期,True,False,0,0,0,0,0,0,not_found_in_public_sources
中国人民公安大学学报，社会科学版,192,政治学,CSSCI,2019,3,2019年第3期,True,False,0,0,0,0,0,0,not_found_in_public_sources
中国人民公安大学学报，社会科学版,192,政治学,CSSCI,2019,4,2019年第4期,True,False,0,0,0,0,0,0,not_found_in_public_sources
中国人民公安大学学报，社会科学版,192,政治学,CSSCI,2019,5,2019年第5期,True,False,0,0,0,0,0,0,not_found_in_public_sources
中国人民公安大学学报，社会科学版,192,政治学,CSSCI,2019,6,2019年第6期,True,False,0,0,0,0,0,0,not_found_in_public_sources
中国人民公安大学学报，社会科学版,192,政治学,CSSCI,2020,1,2020年第1期,True,False,0,0,0,0,0,0,not_found_in_public_sources
中国人民公安大学学报，社会科学版,192,政治学,CSSCI,2020,2,2020年第2期,True,False,0,0,0,0,0,0,not_found_in_public_sources
中国人民公安大学学报，社会科学版,192,政治学,CSSCI,2020,3,2020年第3期,True,True,1,1,0,0,1,0,found
中国人民公安大学学报，社会科学版,192,政治学,CSSCI,2020,4,2020年第4期,True,False,0,0,0,0,0,0,not_found_in_public_sources
中国人民公安大学学报，社会科学版,192,政治学,CSSCI,2020,5,2020年第5期,True,False,0,0,0,0,0,0,not_found_in_public_sources
中国人民公安大学学报，社会科学版,192,政治学,CSSCI,2020,6,2020年第6期,True,False,0,0,0,0,0,0,not_found_in_public_sources
中国人民公安大学学报，社会科学版,192,政治学,CSSCI,2021,1,2021年第1期,True,False,0,0,0,0,0,0,not_found_in_public_sources
中国人民公安大学学报，社会科学版,192,政治学,CSSCI,2021,2,2021年第2期,True,False,0,0,0,0,0,0,not_found_in_public_sources
中国人民公安大学学报，社会科学版,192,政治学,CSSCI,2021,3,2021年第3期,True,False,0,0,0,0,0,0,not_found_in_public_sources
中国人民公安大学学报，社会科学版,192,政治学,CSSCI,2021,4,2021年第4期,True,False,0,0,0,0,0,0,not_found_in_public_sources
中国人民公安大学学报，社会科学版,192,政治学,CSSCI,2021,5,2021年第5期,True,False,0,0,0,0,0,0,not_found_in_public_sources
中国人民公安大学学报，社会科学版,192,政治学,CSSCI,2021,6,2021年第6期,True,False,0,0,0,0,0,0,not_found_in_public_sources
中国人民公安大学学报，社会科学版,192,政治学,CSSCI,2022,1,2022年第1期,True,False,0,0,0,0,0,0,not_found_in_public_sources
中国人民公安大学学报，社会科学版,192,政治学,CSSCI,2022,2,2022年第2期,True,False,0,0,0,0,0,0,not_found_in_public_sources
中国人民公安大学学报，社会科学版,192,政治学,CSSCI,2022,3,2022年第3期,True,False,0,0,0,0,0,0,not_found_in_public_sources
中国人民公安大学学报，社会科学版,192,政治学,CSSCI,2022,4,2022年第4期,True,False,0,0,0,0,0,0,not_found_in_public_sources
中国人民公安大学学报，社会科学版,192,政治学,CSSCI,2022,5,2022年第5期,True,False,0,0,0,0,0,0,not_found_in_public_sources
中国人民公安大学学报，社会科学版,192,政治学,CSSCI,2022,6,2022年第6期,True,False,0,0,0,0,0,0,not_found_in_public_sources
中国人民公安大学学报，社会科学版,192,政治学,CSSCI,2023,1,2023年第1期,True,False,0,0,0,0,0,0,not_found_in_public_sources
中国人民公安大学学报，社会科学版,192,政治学,CSSCI,2023,2,2023年第2期,True,False,0,0,0,0,0,0,not_found_in_public_sources
中国人民公安大学学报，社会科学版,192,政治学,CSSCI,2023,3,2023年第3期,True,False,0,0,0,0,0,0,not_found_in_public_sources
中国人民公安大学学报，社会科学版,192,政治学,CSSCI,2023,4,2023年第4期,True,False,0,0,0,0,0,0,not_found_in_public_sources
中国人民公安大学学报，社会科学版,192,政治学,CSSCI,2023,5,2023年第5期,True,False,0,0,0,0,0,0,not_found_in_public_sources
中国人民公安大学学报，社会科学版,192,政治学,CSSCI,2023,6,2023年第6期,True,False,0,0,0,0,0,0,not_found_in_public_sources
中国人民公安大学学报，社会科学版,192,政治学,CSSCI,2024,1,2024年第1期,True,False,0,0,0,0,0,0,not_found_in_public_sources
中国人民公安大学学报，社会科学版,192,政治学,CSSCI,2024,2,2024年第2期,True,False,0,0,0,0,0,0,not_found_in_public_sources
中国人民公安大学学报，社会科学版,192,政治学,CSSCI,2024,3,2024年第3期,True,False,0,0,0,0,0,0,not_found_in_public_sources
中国人民公安大学学报，社会科学版,192,政治学,CSSCI,2024,4,2024年第4期,True,False,0,0,0,0,0,0,not_found_in_public_sources
中国人民公安大学学报，社会科学版,192,政治学,CSSCI,2024,5,2024年第5期,True,False,0,0,0,0,0,0,not_found_in_public_sources
中国人民公安大学学报，社会科学版,192,政治学,CSSCI,2024,6,2024年第6期,True,False,0,0,0,0,0,0,not_found_in_public_sources
中国人民公安大学学报，社会科学版,192,政治学,CSSCI,2025,1,2025年第1期,True,False,0,0,0,0,0,0,not_found_in_public_sources
中国人民公安大学学报，社会科学版,192,政治学,CSSCI,2025,2,2025年第2期,True,False,0,0,0,0,0,0,not_found_in_public_sources
中国人民公安大学学报，社会科学版,192,政治学,CSSCI,2025,3,2025年第3期,True,False,0,0,0,0,0,0,not_found_in_public_sources
中国人民公安大学学报，社会科学版,192,政治学,CSSCI,2025,4,2025年第4期,True,False,0,0,0,0,0,0,not_found_in_public_sources
中国人民公安大学学报，社会科学版,192,政治学,CSSCI,2025,5,2025年第5期,True,False,0,0,0,0,0,0,not_found_in_public_sources
中国人民公安大学学报，社会科学版,192,政治学,CSSCI,2025,6,2025年第6期,True,False,0,0,0,0,0,0,not_found_in_public_sources
