journal,year,issue,category,detail,source_url
政治学研究,1948,1,no_public_source_found,未在当前已整理数据或本次低频公开检索中找到该期目录,
政治学研究,1948,2,no_public_source_found,未在当前已整理数据或本次低频公开检索中找到该期目录,
政治学研究,1948,4,no_public_source_found,未在当前已整理数据或本次低频公开检索中找到该期目录,
政治学研究,1948,5,no_public_source_found,未在当前已整理数据或本次低频公开检索中找到该期目录,
政治学研究,1948,6,no_public_source_found,未在当前已整理数据或本次低频公开检索中找到该期目录,
政治学研究,1949,1,no_public_source_found,未在当前已整理数据或本次低频公开检索中找到该期目录,
政治学研究,1949,2,no_public_source_found,未在当前已整理数据或本次低频公开检索中找到该期目录,
政治学研究,1949,3,no_public_source_found,未在当前已整理数据或本次低频公开检索中找到该期目录,
政治学研究,1949,4,no_public_source_found,未在当前已整理数据或本次低频公开检索中找到该期目录,
政治学研究,1949,5,no_public_source_found,未在当前已整理数据或本次低频公开检索中找到该期目录,
政治学研究,1949,6,no_public_source_found,未在当前已整理数据或本次低频公开检索中找到该期目录,
政治学研究,1950,1,no_public_source_found,未在当前已整理数据或本次低频公开检索中找到该期目录,
政治学研究,1950,2,no_public_source_found,未在当前已整理数据或本次低频公开检索中找到该期目录,
政治学研究,1950,3,no_public_source_found,未在当前已整理数据或本次低频公开检索中找到该期目录,
政治学研究,1950,4,no_public_source_found,未在当前已整理数据或本次低频公开检索中找到该期目录,
政治学研究,1950,5,no_public_source_found,未在当前已整理数据或本次低频公开检索中找到该期目录,
政治学研究,1950,6,no_public_source_found,未在当前已整理数据或本次低频公开检索中找到该期目录,
政治学研究,1951,1,no_public_source_found,未在当前已整理数据或本次低频公开检索中找到该期目录,
政治学研究,1951,2,no_public_source_found,未在当前已整理数据或本次低频公开检索中找到该期目录,
政治学研究,1951,3,no_public_source_found,未在当前已整理数据或本次低频公开检索中找到该期目录,
政治学研究,1951,4,no_public_source_found,未在当前已整理数据或本次低频公开检索中找到该期目录,
政治学研究,1951,5,no_public_source_found,未在当前已整理数据或本次低频公开检索中找到该期目录,
政治学研究,1951,6,no_public_source_found,未在当前已整理数据或本次低频公开检索中找到该期目录,
政治学研究,1952,1,no_public_source_found,未在当前已整理数据或本次低频公开检索中找到该期目录,
政治学研究,1952,2,no_public_source_found,未在当前已整理数据或本次低频公开检索中找到该期目录,
政治学研究,1952,3,no_public_source_found,未在当前已整理数据或本次低频公开检索中找到该期目录,
政治学研究,1952,4,no_public_source_found,未在当前已整理数据或本次低频公开检索中找到该期目录,
政治学研究,1952,5,no_public_source_found,未在当前已整理数据或本次低频公开检索中找到该期目录,
政治学研究,1952,6,no_public_source_found,未在当前已整理数据或本次低频公开检索中找到该期目录,
政治学研究,1953,1,no_public_source_found,未在当前已整理数据或本次低频公开检索中找到该期目录,
政治学研究,1953,2,no_public_source_found,未在当前已整理数据或本次低频公开检索中找到该期目录,
政治学研究,1953,3,no_public_source_found,未在当前已整理数据或本次低频公开检索中找到该期目录,
政治学研究,1953,4,no_public_source_found,未在当前已整理数据或本次低频公开检索中找到该期目录,
政治学研究,1953,5,no_public_source_found,未在当前已整理数据或本次低频公开检索中找到该期目录,
政治学研究,1953,6,no_public_source_found,未在当前已整理数据或本次低频公开检索中找到该期目录,
政治学研究,1954,1,no_public_source_found,未在当前已整理数据或本次低频公开检索中找到该期目录,
政治学研究,1954,2,no_public_source_found,未在当前已整理数据或本次低频公开检索中找到该期目录,
政治学研究,1954,3,no_public_source_found,未在当前已整理数据或本次低频公开检索中找到该期目录,
政治学研究,1954,4,no_public_source_found,未在当前已整理数据或本次低频公开检索中找到该期目录,
政治学研究,1954,5,no_public_source_found,未在当前已整理数据或本次低频公开检索中找到该期目录,
政治学研究,1954,6,no_public_source_found,未在当前已整理数据或本次低频公开检索中找到该期目录,
政治学研究,1955,1,no_public_source_found,未在当前已整理数据或本次低频公开检索中找到该期目录,
政治学研究,1955,2,no_public_source_found,未在当前已整理数据或本次低频公开检索中找到该期目录,
政治学研究,1955,3,no_public_source_found,未在当前已整理数据或本次低频公开检索中找到该期目录,
政治学研究,1955,4,no_public_source_found,未在当前已整理数据或本次低频公开检索中找到该期目录,
政治学研究,1955,5,no_public_source_found,未在当前已整理数据或本次低频公开检索中找到该期目录,
政治学研究,1955,6,no_public_source_found,未在当前已整理数据或本次低频公开检索中找到该期目录,
政治学研究,1956,1,no_public_source_found,未在当前已整理数据或本次低频公开检索中找到该期目录,
政治学研究,1956,2,no_public_source_found,未在当前已整理数据或本次低频公开检索中找到该期目录,
政治学研究,1956,3,no_public_source_found,未在当前已整理数据或本次低频公开检索中找到该期目录,
政治学研究,1956,4,no_public_source_found,未在当前已整理数据或本次低频公开检索中找到该期目录,
政治学研究,1956,5,no_public_source_found,未在当前已整理数据或本次低频公开检索中找到该期目录,
政治学研究,1956,6,no_public_source_found,未在当前已整理数据或本次低频公开检索中找到该期目录,
政治学研究,1957,1,no_public_source_found,未在当前已整理数据或本次低频公开检索中找到该期目录,
政治学研究,1957,2,no_public_source_found,未在当前已整理数据或本次低频公开检索中找到该期目录,
政治学研究,1957,3,no_public_source_found,未在当前已整理数据或本次低频公开检索中找到该期目录,
政治学研究,1957,4,no_public_source_found,未在当前已整理数据或本次低频公开检索中找到该期目录,
政治学研究,1957,5,no_public_source_found,未在当前已整理数据或本次低频公开检索中找到该期目录,
政治学研究,1957,6,no_public_source_found,未在当前已整理数据或本次低频公开检索中找到该期目录,
政治学研究,1958,1,no_public_source_found,未在当前已整理数据或本次低频公开检索中找到该期目录,
政治学研究,1958,2,no_public_source_found,未在当前已整理数据或本次低频公开检索中找到该期目录,
政治学研究,1958,3,no_public_source_found,未在当前已整理数据或本次低频公开检索中找到该期目录,
政治学研究,1958,4,no_public_source_found,未在当前已整理数据或本次低频公开检索中找到该期目录,
政治学研究,1958,5,no_public_source_found,未在当前已整理数据或本次低频公开检索中找到该期目录,
政治学研究,1958,6,no_public_source_found,未在当前已整理数据或本次低频公开检索中找到该期目录,
政治学研究,1959,1,no_public_source_found,未在当前已整理数据或本次低频公开检索中找到该期目录,
政治学研究,1959,2,no_public_source_found,未在当前已整理数据或本次低频公开检索中找到该期目录,
政治学研究,1959,3,no_public_source_found,未在当前已整理数据或本次低频公开检索中找到该期目录,
政治学研究,1959,4,no_public_source_found,未在当前已整理数据或本次低频公开检索中找到该期目录,
政治学研究,1959,5,no_public_source_found,未在当前已整理数据或本次低频公开检索中找到该期目录,
政治学研究,1959,6,no_public_source_found,未在当前已整理数据或本次低频公开检索中找到该期目录,
政治学研究,1960,1,no_public_source_found,未在当前已整理数据或本次低频公开检索中找到该期目录,
政治学研究,1960,2,no_public_source_found,未在当前已整理数据或本次低频公开检索中找到该期目录,
政治学研究,1960,3,no_public_source_found,未在当前已整理数据或本次低频公开检索中找到该期目录,
政治学研究,1960,4,no_public_source_found,未在当前已整理数据或本次低频公开检索中找到该期目录,
政治学研究,1960,5,no_public_source_found,未在当前已整理数据或本次低频公开检索中找到该期目录,
政治学研究,1960,6,no_public_source_found,未在当前已整理数据或本次低频公开检索中找到该期目录,
政治学研究,1961,1,no_public_source_found,未在当前已整理数据或本次低频公开检索中找到该期目录,
政治学研究,1961,2,no_public_source_found,未在当前已整理数据或本次低频公开检索中找到该期目录,
政治学研究,1961,3,no_public_source_found,未在当前已整理数据或本次低频公开检索中找到该期目录,
政治学研究,1961,4,no_public_source_found,未在当前已整理数据或本次低频公开检索中找到该期目录,
政治学研究,1961,5,no_public_source_found,未在当前已整理数据或本次低频公开检索中找到该期目录,
政治学研究,1961,6,no_public_source_found,未在当前已整理数据或本次低频公开检索中找到该期目录,
政治学研究,1962,1,no_public_source_found,未在当前已整理数据或本次低频公开检索中找到该期目录,
政治学研究,1962,2,no_public_source_found,未在当前已整理数据或本次低频公开检索中找到该期目录,
政治学研究,1962,3,no_public_source_found,未在当前已整理数据或本次低频公开检索中找到该期目录,
政治学研究,1962,4,no_public_source_found,未在当前已整理数据或本次低频公开检索中找到该期目录,
政治学研究,1962,5,no_public_source_found,未在当前已整理数据或本次低频公开检索中找到该期目录,
政治学研究,1962,6,no_public_source_found,未在当前已整理数据或本次低频公开检索中找到该期目录,
政治学研究,1963,1,no_public_source_found,未在当前已整理数据或本次低频公开检索中找到该期目录,
政治学研究,1963,2,no_public_source_found,未在当前已整理数据或本次低频公开检索中找到该期目录,
政治学研究,1963,3,no_public_source_found,未在当前已整理数据或本次低频公开检索中找到该期目录,
政治学研究,1963,4,no_public_source_found,未在当前已整理数据或本次低频公开检索中找到该期目录,
政治学研究,1963,5,no_public_source_found,未在当前已整理数据或本次低频公开检索中找到该期目录,
政治学研究,1963,6,no_public_source_found,未在当前已整理数据或本次低频公开检索中找到该期目录,
政治学研究,1964,1,no_public_source_found,未在当前已整理数据或本次低频公开检索中找到该期目录,
政治学研究,1964,2,no_public_source_found,未在当前已整理数据或本次低频公开检索中找到该期目录,
政治学研究,1964,3,no_public_source_found,未在当前已整理数据或本次低频公开检索中找到该期目录,
政治学研究,1964,4,no_public_source_found,未在当前已整理数据或本次低频公开检索中找到该期目录,
政治学研究,1964,5,no_public_source_found,未在当前已整理数据或本次低频公开检索中找到该期目录,
政治学研究,1964,6,no_public_source_found,未在当前已整理数据或本次低频公开检索中找到该期目录,
政治学研究,1965,1,no_public_source_found,未在当前已整理数据或本次低频公开检索中找到该期目录,
政治学研究,1965,2,no_public_source_found,未在当前已整理数据或本次低频公开检索中找到该期目录,
政治学研究,1965,3,no_public_source_found,未在当前已整理数据或本次低频公开检索中找到该期目录,
政治学研究,1965,4,no_public_source_found,未在当前已整理数据或本次低频公开检索中找到该期目录,
政治学研究,1965,5,no_public_source_found,未在当前已整理数据或本次低频公开检索中找到该期目录,
政治学研究,1965,6,no_public_source_found,未在当前已整理数据或本次低频公开检索中找到该期目录,
政治学研究,1966,1,no_public_source_found,未在当前已整理数据或本次低频公开检索中找到该期目录,
政治学研究,1966,2,no_public_source_found,未在当前已整理数据或本次低频公开检索中找到该期目录,
政治学研究,1966,3,no_public_source_found,未在当前已整理数据或本次低频公开检索中找到该期目录,
政治学研究,1966,4,no_public_source_found,未在当前已整理数据或本次低频公开检索中找到该期目录,
政治学研究,1966,5,no_public_source_found,未在当前已整理数据或本次低频公开检索中找到该期目录,
政治学研究,1966,6,no_public_source_found,未在当前已整理数据或本次低频公开检索中找到该期目录,
政治学研究,1967,1,no_public_source_found,未在当前已整理数据或本次低频公开检索中找到该期目录,
政治学研究,1967,2,no_public_source_found,未在当前已整理数据或本次低频公开检索中找到该期目录,
政治学研究,1967,3,no_public_source_found,未在当前已整理数据或本次低频公开检索中找到该期目录,
政治学研究,1967,4,no_public_source_found,未在当前已整理数据或本次低频公开检索中找到该期目录,
政治学研究,1967,5,no_public_source_found,未在当前已整理数据或本次低频公开检索中找到该期目录,
政治学研究,1967,6,no_public_source_found,未在当前已整理数据或本次低频公开检索中找到该期目录,
政治学研究,1968,1,no_public_source_found,未在当前已整理数据或本次低频公开检索中找到该期目录,
政治学研究,1968,2,no_public_source_found,未在当前已整理数据或本次低频公开检索中找到该期目录,
政治学研究,1968,3,no_public_source_found,未在当前已整理数据或本次低频公开检索中找到该期目录,
政治学研究,1968,4,no_public_source_found,未在当前已整理数据或本次低频公开检索中找到该期目录,
政治学研究,1968,5,no_public_source_found,未在当前已整理数据或本次低频公开检索中找到该期目录,
政治学研究,1968,6,no_public_source_found,未在当前已整理数据或本次低频公开检索中找到该期目录,
政治学研究,1969,1,no_public_source_found,未在当前已整理数据或本次低频公开检索中找到该期目录,
政治学研究,1969,2,no_public_source_found,未在当前已整理数据或本次低频公开检索中找到该期目录,
政治学研究,1969,3,no_public_source_found,未在当前已整理数据或本次低频公开检索中找到该期目录,
政治学研究,1969,4,no_public_source_found,未在当前已整理数据或本次低频公开检索中找到该期目录,
政治学研究,1969,5,no_public_source_found,未在当前已整理数据或本次低频公开检索中找到该期目录,
政治学研究,1969,6,no_public_source_found,未在当前已整理数据或本次低频公开检索中找到该期目录,
政治学研究,1970,1,no_public_source_found,未在当前已整理数据或本次低频公开检索中找到该期目录,
政治学研究,1970,2,no_public_source_found,未在当前已整理数据或本次低频公开检索中找到该期目录,
政治学研究,1970,3,no_public_source_found,未在当前已整理数据或本次低频公开检索中找到该期目录,
政治学研究,1970,4,no_public_source_found,未在当前已整理数据或本次低频公开检索中找到该期目录,
政治学研究,1970,5,no_public_source_found,未在当前已整理数据或本次低频公开检索中找到该期目录,
政治学研究,1970,6,no_public_source_found,未在当前已整理数据或本次低频公开检索中找到该期目录,
政治学研究,1971,1,no_public_source_found,未在当前已整理数据或本次低频公开检索中找到该期目录,
政治学研究,1971,2,no_public_source_found,未在当前已整理数据或本次低频公开检索中找到该期目录,
政治学研究,1971,3,no_public_source_found,未在当前已整理数据或本次低频公开检索中找到该期目录,
政治学研究,1971,4,no_public_source_found,未在当前已整理数据或本次低频公开检索中找到该期目录,
政治学研究,1971,5,no_public_source_found,未在当前已整理数据或本次低频公开检索中找到该期目录,
政治学研究,1971,6,no_public_source_found,未在当前已整理数据或本次低频公开检索中找到该期目录,
政治学研究,1972,1,no_public_source_found,未在当前已整理数据或本次低频公开检索中找到该期目录,
政治学研究,1972,2,no_public_source_found,未在当前已整理数据或本次低频公开检索中找到该期目录,
政治学研究,1972,3,no_public_source_found,未在当前已整理数据或本次低频公开检索中找到该期目录,
政治学研究,1972,4,no_public_source_found,未在当前已整理数据或本次低频公开检索中找到该期目录,
政治学研究,1972,5,no_public_source_found,未在当前已整理数据或本次低频公开检索中找到该期目录,
政治学研究,1972,6,no_public_source_found,未在当前已整理数据或本次低频公开检索中找到该期目录,
政治学研究,1973,1,no_public_source_found,未在当前已整理数据或本次低频公开检索中找到该期目录,
政治学研究,1973,2,no_public_source_found,未在当前已整理数据或本次低频公开检索中找到该期目录,
政治学研究,1973,3,no_public_source_found,未在当前已整理数据或本次低频公开检索中找到该期目录,
政治学研究,1973,4,no_public_source_found,未在当前已整理数据或本次低频公开检索中找到该期目录,
政治学研究,1973,5,no_public_source_found,未在当前已整理数据或本次低频公开检索中找到该期目录,
政治学研究,1973,6,no_public_source_found,未在当前已整理数据或本次低频公开检索中找到该期目录,
政治学研究,1974,1,no_public_source_found,未在当前已整理数据或本次低频公开检索中找到该期目录,
政治学研究,1974,2,no_public_source_found,未在当前已整理数据或本次低频公开检索中找到该期目录,
政治学研究,1974,3,no_public_source_found,未在当前已整理数据或本次低频公开检索中找到该期目录,
政治学研究,1974,4,no_public_source_found,未在当前已整理数据或本次低频公开检索中找到该期目录,
政治学研究,1974,5,no_public_source_found,未在当前已整理数据或本次低频公开检索中找到该期目录,
政治学研究,1974,6,no_public_source_found,未在当前已整理数据或本次低频公开检索中找到该期目录,
政治学研究,1975,1,no_public_source_found,未在当前已整理数据或本次低频公开检索中找到该期目录,
政治学研究,1975,2,no_public_source_found,未在当前已整理数据或本次低频公开检索中找到该期目录,
政治学研究,1975,3,no_public_source_found,未在当前已整理数据或本次低频公开检索中找到该期目录,
政治学研究,1975,4,no_public_source_found,未在当前已整理数据或本次低频公开检索中找到该期目录,
政治学研究,1975,5,no_public_source_found,未在当前已整理数据或本次低频公开检索中找到该期目录,
政治学研究,1975,6,no_public_source_found,未在当前已整理数据或本次低频公开检索中找到该期目录,
政治学研究,1976,1,no_public_source_found,未在当前已整理数据或本次低频公开检索中找到该期目录,
政治学研究,1976,2,no_public_source_found,未在当前已整理数据或本次低频公开检索中找到该期目录,
政治学研究,1976,3,no_public_source_found,未在当前已整理数据或本次低频公开检索中找到该期目录,
政治学研究,1976,4,no_public_source_found,未在当前已整理数据或本次低频公开检索中找到该期目录,
政治学研究,1976,5,no_public_source_found,未在当前已整理数据或本次低频公开检索中找到该期目录,
政治学研究,1976,6,no_public_source_found,未在当前已整理数据或本次低频公开检索中找到该期目录,
政治学研究,1977,1,no_public_source_found,未在当前已整理数据或本次低频公开检索中找到该期目录,
政治学研究,1977,2,no_public_source_found,未在当前已整理数据或本次低频公开检索中找到该期目录,
政治学研究,1977,3,no_public_source_found,未在当前已整理数据或本次低频公开检索中找到该期目录,
政治学研究,1977,4,no_public_source_found,未在当前已整理数据或本次低频公开检索中找到该期目录,
政治学研究,1977,5,no_public_source_found,未在当前已整理数据或本次低频公开检索中找到该期目录,
政治学研究,1977,6,no_public_source_found,未在当前已整理数据或本次低频公开检索中找到该期目录,
政治学研究,1978,1,no_public_source_found,未在当前已整理数据或本次低频公开检索中找到该期目录,
政治学研究,1978,2,no_public_source_found,未在当前已整理数据或本次低频公开检索中找到该期目录,
政治学研究,1978,3,no_public_source_found,未在当前已整理数据或本次低频公开检索中找到该期目录,
政治学研究,1978,4,no_public_source_found,未在当前已整理数据或本次低频公开检索中找到该期目录,
政治学研究,1978,5,no_public_source_found,未在当前已整理数据或本次低频公开检索中找到该期目录,
政治学研究,1978,6,no_public_source_found,未在当前已整理数据或本次低频公开检索中找到该期目录,
政治学研究,1979,1,no_public_source_found,未在当前已整理数据或本次低频公开检索中找到该期目录,
政治学研究,1979,2,no_public_source_found,未在当前已整理数据或本次低频公开检索中找到该期目录,
政治学研究,1979,3,no_public_source_found,未在当前已整理数据或本次低频公开检索中找到该期目录,
政治学研究,1979,4,no_public_source_found,未在当前已整理数据或本次低频公开检索中找到该期目录,
政治学研究,1979,5,no_public_source_found,未在当前已整理数据或本次低频公开检索中找到该期目录,
政治学研究,1979,6,no_public_source_found,未在当前已整理数据或本次低频公开检索中找到该期目录,
政治学研究,1980,1,no_public_source_found,未在当前已整理数据或本次低频公开检索中找到该期目录,
政治学研究,1980,2,no_public_source_found,未在当前已整理数据或本次低频公开检索中找到该期目录,
政治学研究,1980,3,no_public_source_found,未在当前已整理数据或本次低频公开检索中找到该期目录,
政治学研究,1980,4,no_public_source_found,未在当前已整理数据或本次低频公开检索中找到该期目录,
政治学研究,1980,5,no_public_source_found,未在当前已整理数据或本次低频公开检索中找到该期目录,
政治学研究,1980,6,no_public_source_found,未在当前已整理数据或本次低频公开检索中找到该期目录,
政治学研究,1981,1,no_public_source_found,未在当前已整理数据或本次低频公开检索中找到该期目录,
政治学研究,1981,2,no_public_source_found,未在当前已整理数据或本次低频公开检索中找到该期目录,
政治学研究,1981,3,no_public_source_found,未在当前已整理数据或本次低频公开检索中找到该期目录,
政治学研究,1981,4,no_public_source_found,未在当前已整理数据或本次低频公开检索中找到该期目录,
政治学研究,1981,5,no_public_source_found,未在当前已整理数据或本次低频公开检索中找到该期目录,
政治学研究,1981,6,no_public_source_found,未在当前已整理数据或本次低频公开检索中找到该期目录,
政治学研究,1982,1,no_public_source_found,未在当前已整理数据或本次低频公开检索中找到该期目录,
政治学研究,1982,2,no_public_source_found,未在当前已整理数据或本次低频公开检索中找到该期目录,
政治学研究,1982,3,no_public_source_found,未在当前已整理数据或本次低频公开检索中找到该期目录,
政治学研究,1982,4,no_public_source_found,未在当前已整理数据或本次低频公开检索中找到该期目录,
政治学研究,1982,5,no_public_source_found,未在当前已整理数据或本次低频公开检索中找到该期目录,
政治学研究,1982,6,no_public_source_found,未在当前已整理数据或本次低频公开检索中找到该期目录,
政治学研究,1983,1,no_public_source_found,未在当前已整理数据或本次低频公开检索中找到该期目录,
政治学研究,1983,2,no_public_source_found,未在当前已整理数据或本次低频公开检索中找到该期目录,
政治学研究,1983,3,no_public_source_found,未在当前已整理数据或本次低频公开检索中找到该期目录,
政治学研究,1983,4,no_public_source_found,未在当前已整理数据或本次低频公开检索中找到该期目录,
政治学研究,1983,5,no_public_source_found,未在当前已整理数据或本次低频公开检索中找到该期目录,
政治学研究,1983,6,no_public_source_found,未在当前已整理数据或本次低频公开检索中找到该期目录,
政治学研究,1984,1,no_public_source_found,未在当前已整理数据或本次低频公开检索中找到该期目录,
政治学研究,1984,2,no_public_source_found,未在当前已整理数据或本次低频公开检索中找到该期目录,
政治学研究,1984,3,no_public_source_found,未在当前已整理数据或本次低频公开检索中找到该期目录,
政治学研究,1984,4,no_public_source_found,未在当前已整理数据或本次低频公开检索中找到该期目录,
政治学研究,1984,5,no_public_source_found,未在当前已整理数据或本次低频公开检索中找到该期目录,
政治学研究,1984,6,no_public_source_found,未在当前已整理数据或本次低频公开检索中找到该期目录,
政治学研究,1985,5,no_public_source_found,未在当前已整理数据或本次低频公开检索中找到该期目录,
政治学研究,1985,6,no_public_source_found,未在当前已整理数据或本次低频公开检索中找到该期目录,
政治学研究,1986,4,no_public_source_found,未在当前已整理数据或本次低频公开检索中找到该期目录,
政治学研究,1987,1,no_public_source_found,未在当前已整理数据或本次低频公开检索中找到该期目录,
政治学研究,1987,4,no_public_source_found,未在当前已整理数据或本次低频公开检索中找到该期目录,
政治学研究,1987,6,no_public_source_found,未在当前已整理数据或本次低频公开检索中找到该期目录,
政治学研究,1988,1,no_public_source_found,未在当前已整理数据或本次低频公开检索中找到该期目录,
政治学研究,1990,1,no_public_source_found,未在当前已整理数据或本次低频公开检索中找到该期目录,
政治学研究,1990,2,no_public_source_found,未在当前已整理数据或本次低频公开检索中找到该期目录,
政治学研究,1990,3,no_public_source_found,未在当前已整理数据或本次低频公开检索中找到该期目录,
政治学研究,1990,4,no_public_source_found,未在当前已整理数据或本次低频公开检索中找到该期目录,
政治学研究,1990,5,no_public_source_found,未在当前已整理数据或本次低频公开检索中找到该期目录,
政治学研究,1990,6,no_public_source_found,未在当前已整理数据或本次低频公开检索中找到该期目录,
政治学研究,1991,1,no_public_source_found,未在当前已整理数据或本次低频公开检索中找到该期目录,
政治学研究,1991,2,no_public_source_found,未在当前已整理数据或本次低频公开检索中找到该期目录,
政治学研究,1991,3,no_public_source_found,未在当前已整理数据或本次低频公开检索中找到该期目录,
政治学研究,1991,4,no_public_source_found,未在当前已整理数据或本次低频公开检索中找到该期目录,
政治学研究,1991,5,no_public_source_found,未在当前已整理数据或本次低频公开检索中找到该期目录,
政治学研究,1991,6,no_public_source_found,未在当前已整理数据或本次低频公开检索中找到该期目录,
政治学研究,1992,1,no_public_source_found,未在当前已整理数据或本次低频公开检索中找到该期目录,
政治学研究,1992,2,no_public_source_found,未在当前已整理数据或本次低频公开检索中找到该期目录,
政治学研究,1992,3,no_public_source_found,未在当前已整理数据或本次低频公开检索中找到该期目录,
政治学研究,1992,4,no_public_source_found,未在当前已整理数据或本次低频公开检索中找到该期目录,
政治学研究,1992,5,no_public_source_found,未在当前已整理数据或本次低频公开检索中找到该期目录,
政治学研究,1992,6,no_public_source_found,未在当前已整理数据或本次低频公开检索中找到该期目录,
政治学研究,1993,1,no_public_source_found,未在当前已整理数据或本次低频公开检索中找到该期目录,
政治学研究,1993,2,no_public_source_found,未在当前已整理数据或本次低频公开检索中找到该期目录,
政治学研究,1993,3,no_public_source_found,未在当前已整理数据或本次低频公开检索中找到该期目录,
政治学研究,1993,4,no_public_source_found,未在当前已整理数据或本次低频公开检索中找到该期目录,
政治学研究,1993,5,no_public_source_found,未在当前已整理数据或本次低频公开检索中找到该期目录,
政治学研究,1993,6,no_public_source_found,未在当前已整理数据或本次低频公开检索中找到该期目录,
政治学研究,1994,1,no_public_source_found,未在当前已整理数据或本次低频公开检索中找到该期目录,
政治学研究,1994,2,no_public_source_found,未在当前已整理数据或本次低频公开检索中找到该期目录,
政治学研究,1994,3,no_public_source_found,未在当前已整理数据或本次低频公开检索中找到该期目录,
政治学研究,1994,4,no_public_source_found,未在当前已整理数据或本次低频公开检索中找到该期目录,
政治学研究,1994,5,no_public_source_found,未在当前已整理数据或本次低频公开检索中找到该期目录,
政治学研究,1994,6,no_public_source_found,未在当前已整理数据或本次低频公开检索中找到该期目录,
政治学研究,1995,2,no_public_source_found,未在当前已整理数据或本次低频公开检索中找到该期目录,
政治学研究,1995,3,no_public_source_found,未在当前已整理数据或本次低频公开检索中找到该期目录,
政治学研究,1995,4,no_public_source_found,未在当前已整理数据或本次低频公开检索中找到该期目录,
政治学研究,1995,5,no_public_source_found,未在当前已整理数据或本次低频公开检索中找到该期目录,
政治学研究,1995,6,no_public_source_found,未在当前已整理数据或本次低频公开检索中找到该期目录,
政治学研究,1996,5,no_public_source_found,未在当前已整理数据或本次低频公开检索中找到该期目录,
政治学研究,1996,6,no_public_source_found,未在当前已整理数据或本次低频公开检索中找到该期目录,
政治学研究,1997,2,no_public_source_found,未在当前已整理数据或本次低频公开检索中找到该期目录,
政治学研究,1997,3,no_public_source_found,未在当前已整理数据或本次低频公开检索中找到该期目录,
政治学研究,1997,5,no_public_source_found,未在当前已整理数据或本次低频公开检索中找到该期目录,
政治学研究,1997,6,no_public_source_found,未在当前已整理数据或本次低频公开检索中找到该期目录,
政治学研究,1998,5,no_public_source_found,未在当前已整理数据或本次低频公开检索中找到该期目录,
政治学研究,1998,6,no_public_source_found,未在当前已整理数据或本次低频公开检索中找到该期目录,
政治学研究,1999,4,no_public_source_found,未在当前已整理数据或本次低频公开检索中找到该期目录,
政治学研究,1999,5,no_public_source_found,未在当前已整理数据或本次低频公开检索中找到该期目录,
政治学研究,1999,6,no_public_source_found,未在当前已整理数据或本次低频公开检索中找到该期目录,
政治学研究,2000,3,no_public_source_found,未在当前已整理数据或本次低频公开检索中找到该期目录,
政治学研究,2000,5,no_public_source_found,未在当前已整理数据或本次低频公开检索中找到该期目录,
政治学研究,2000,6,no_public_source_found,未在当前已整理数据或本次低频公开检索中找到该期目录,
政治学研究,2001,5,no_public_source_found,未在当前已整理数据或本次低频公开检索中找到该期目录,
政治学研究,2001,6,no_public_source_found,未在当前已整理数据或本次低频公开检索中找到该期目录,
政治学研究,2002,5,no_public_source_found,未在当前已整理数据或本次低频公开检索中找到该期目录,
政治学研究,2002,6,no_public_source_found,未在当前已整理数据或本次低频公开检索中找到该期目录,
政治学研究,2003,5,no_public_source_found,未在当前已整理数据或本次低频公开检索中找到该期目录,
政治学研究,2003,6,no_public_source_found,未在当前已整理数据或本次低频公开检索中找到该期目录,
政治学研究,2004,5,no_public_source_found,未在当前已整理数据或本次低频公开检索中找到该期目录,
政治学研究,2004,6,no_public_source_found,未在当前已整理数据或本次低频公开检索中找到该期目录,
政治学研究,2005,5,no_public_source_found,未在当前已整理数据或本次低频公开检索中找到该期目录,
政治学研究,2005,6,no_public_source_found,未在当前已整理数据或本次低频公开检索中找到该期目录,
政治学研究,2006,1,no_public_source_found,未在当前已整理数据或本次低频公开检索中找到该期目录,
政治学研究,2006,4,no_public_source_found,未在当前已整理数据或本次低频公开检索中找到该期目录,
政治学研究,2006,5,no_public_source_found,未在当前已整理数据或本次低频公开检索中找到该期目录,
政治学研究,2006,6,no_public_source_found,未在当前已整理数据或本次低频公开检索中找到该期目录,
政治学研究,2007,5,no_public_source_found,未在当前已整理数据或本次低频公开检索中找到该期目录,
政治学研究,2007,6,no_public_source_found,未在当前已整理数据或本次低频公开检索中找到该期目录,
政治学研究,2008,3,no_public_source_found,未在当前已整理数据或本次低频公开检索中找到该期目录,
政治学研究,2010,3,no_public_source_found,未在当前已整理数据或本次低频公开检索中找到该期目录,
政治学研究,2014,3,no_public_source_found,未在当前已整理数据或本次低频公开检索中找到该期目录,
政治学研究,2014,5,no_public_source_found,未在当前已整理数据或本次低频公开检索中找到该期目录,
政治学研究,2016,1,no_public_source_found,未在当前已整理数据或本次低频公开检索中找到该期目录,
政治学研究,2016,5,no_public_source_found,未在当前已整理数据或本次低频公开检索中找到该期目录,
政治学研究,2016,6,no_public_source_found,未在当前已整理数据或本次低频公开检索中找到该期目录,
政治学研究,2017,1,no_public_source_found,未在当前已整理数据或本次低频公开检索中找到该期目录,
政治学研究,2017,2,no_public_source_found,未在当前已整理数据或本次低频公开检索中找到该期目录,
政治学研究,2017,3,no_public_source_found,未在当前已整理数据或本次低频公开检索中找到该期目录,
政治学研究,2017,5,no_public_source_found,未在当前已整理数据或本次低频公开检索中找到该期目录,
政治学研究,2017,6,no_public_source_found,未在当前已整理数据或本次低频公开检索中找到该期目录,
政治学研究,2018,1,no_public_source_found,未在当前已整理数据或本次低频公开检索中找到该期目录,
政治学研究,2018,2,no_public_source_found,未在当前已整理数据或本次低频公开检索中找到该期目录,
政治学研究,2018,3,no_public_source_found,未在当前已整理数据或本次低频公开检索中找到该期目录,
政治学研究,2018,4,no_public_source_found,未在当前已整理数据或本次低频公开检索中找到该期目录,
政治学研究,2018,5,no_public_source_found,未在当前已整理数据或本次低频公开检索中找到该期目录,
政治学研究,2018,6,no_public_source_found,未在当前已整理数据或本次低频公开检索中找到该期目录,
政治学研究,2019,1,no_public_source_found,未在当前已整理数据或本次低频公开检索中找到该期目录,
政治学研究,2019,2,no_public_source_found,未在当前已整理数据或本次低频公开检索中找到该期目录,
政治学研究,2019,3,no_public_source_found,未在当前已整理数据或本次低频公开检索中找到该期目录,
政治学研究,2019,4,no_public_source_found,未在当前已整理数据或本次低频公开检索中找到该期目录,
政治学研究,2019,5,no_public_source_found,未在当前已整理数据或本次低频公开检索中找到该期目录,
政治学研究,2019,6,no_public_source_found,未在当前已整理数据或本次低频公开检索中找到该期目录,
政治学研究,2020,2,no_public_source_found,未在当前已整理数据或本次低频公开检索中找到该期目录,
政治学研究,2020,4,no_public_source_found,未在当前已整理数据或本次低频公开检索中找到该期目录,
政治学研究,2020,5,no_public_source_found,未在当前已整理数据或本次低频公开检索中找到该期目录,
政治学研究,2020,6,no_public_source_found,未在当前已整理数据或本次低频公开检索中找到该期目录,
政治学研究,2021,1,no_public_source_found,未在当前已整理数据或本次低频公开检索中找到该期目录,
政治学研究,2021,2,no_public_source_found,未在当前已整理数据或本次低频公开检索中找到该期目录,
政治学研究,2021,3,no_public_source_found,未在当前已整理数据或本次低频公开检索中找到该期目录,
政治学研究,2021,4,no_public_source_found,未在当前已整理数据或本次低频公开检索中找到该期目录,
政治学研究,2021,5,no_public_source_found,未在当前已整理数据或本次低频公开检索中找到该期目录,
政治学研究,2021,6,no_public_source_found,未在当前已整理数据或本次低频公开检索中找到该期目录,
政治学研究,2022,1,no_public_source_found,未在当前已整理数据或本次低频公开检索中找到该期目录,
政治学研究,2022,2,no_public_source_found,未在当前已整理数据或本次低频公开检索中找到该期目录,
政治学研究,2022,3,no_public_source_found,未在当前已整理数据或本次低频公开检索中找到该期目录,
政治学研究,2022,4,no_public_source_found,未在当前已整理数据或本次低频公开检索中找到该期目录,
政治学研究,2022,5,no_public_source_found,未在当前已整理数据或本次低频公开检索中找到该期目录,
政治学研究,2022,6,no_public_source_found,未在当前已整理数据或本次低频公开检索中找到该期目录,
政治学研究,2023,1,no_public_source_found,未在当前已整理数据或本次低频公开检索中找到该期目录,
政治学研究,2023,2,no_public_source_found,未在当前已整理数据或本次低频公开检索中找到该期目录,
政治学研究,2023,3,no_public_source_found,未在当前已整理数据或本次低频公开检索中找到该期目录,
政治学研究,2023,4,no_public_source_found,未在当前已整理数据或本次低频公开检索中找到该期目录,
政治学研究,2023,5,no_public_source_found,未在当前已整理数据或本次低频公开检索中找到该期目录,
政治学研究,2023,6,no_public_source_found,未在当前已整理数据或本次低频公开检索中找到该期目录,
政治学研究,2024,1,no_public_source_found,未在当前已整理数据或本次低频公开检索中找到该期目录,
政治学研究,2024,2,no_public_source_found,未在当前已整理数据或本次低频公开检索中找到该期目录,
政治学研究,2024,3,no_public_source_found,未在当前已整理数据或本次低频公开检索中找到该期目录,
政治学研究,2024,4,no_public_source_found,未在当前已整理数据或本次低频公开检索中找到该期目录,
政治学研究,2024,5,no_public_source_found,未在当前已整理数据或本次低频公开检索中找到该期目录,
政治学研究,2024,6,no_public_source_found,未在当前已整理数据或本次低频公开检索中找到该期目录,
政治学研究,2025,1,no_public_source_found,未在当前已整理数据或本次低频公开检索中找到该期目录,
政治学研究,2025,2,no_public_source_found,未在当前已整理数据或本次低频公开检索中找到该期目录,
政治学研究,2025,3,no_public_source_found,未在当前已整理数据或本次低频公开检索中找到该期目录,
政治学研究,2025,4,no_public_source_found,未在当前已整理数据或本次低频公开检索中找到该期目录,
政治学研究,2025,5,no_public_source_found,未在当前已整理数据或本次低频公开检索中找到该期目录,
政治学研究,2025,6,no_public_source_found,未在当前已整理数据或本次低频公开检索中找到该期目录,
政治学研究,2026,2,issue_found_missing_abstract,已找到题名或目录记录，但暂无公开摘要,https://www.cqvip.com/doc/journal/7203156346
政治学研究,2026,2,issue_found_missing_abstract,已找到题名或目录记录，但暂无公开摘要,https://www.cqvip.com/doc/journal/7203156347
政治学研究,2026,2,issue_found_missing_abstract,已找到题名或目录记录，但暂无公开摘要,https://www.cqvip.com/doc/journal/7203156348
政治学研究,2026,2,issue_found_missing_abstract,已找到题名或目录记录，但暂无公开摘要,https://www.cqvip.com/doc/journal/7203156349
政治学研究,2026,2,issue_found_missing_abstract,已找到题名或目录记录，但暂无公开摘要,https://www.cqvip.com/doc/journal/7203156350
政治学研究,2026,2,issue_found_missing_abstract,已找到题名或目录记录，但暂无公开摘要,https://www.cqvip.com/doc/journal/7203156341
政治学研究,2026,2,issue_found_missing_abstract,已找到题名或目录记录，但暂无公开摘要,https://www.cqvip.com/doc/journal/7203156351
政治学研究,2026,2,issue_found_missing_abstract,已找到题名或目录记录，但暂无公开摘要,https://www.cqvip.com/doc/journal/7203156352
政治学研究,2026,2,issue_found_missing_abstract,已找到题名或目录记录，但暂无公开摘要,https://www.cqvip.com/doc/journal/7203156353
政治学研究,2026,2,issue_found_missing_abstract,已找到题名或目录记录，但暂无公开摘要,https://www.cqvip.com/doc/journal/7203156354
政治学研究,2026,2,issue_found_missing_abstract,已找到题名或目录记录，但暂无公开摘要,https://www.cqvip.com/doc/journal/7203156340
政治学研究,2026,2,issue_found_missing_abstract,已找到题名或目录记录，但暂无公开摘要,https://www.cqvip.com/doc/journal/7203156342
政治学研究,2026,2,issue_found_missing_abstract,已找到题名或目录记录，但暂无公开摘要,https://www.cqvip.com/doc/journal/7203156343
政治学研究,2026,2,issue_found_missing_abstract,已找到题名或目录记录，但暂无公开摘要,https://www.cqvip.com/doc/journal/7203156344
政治学研究,2026,2,issue_found_missing_abstract,已找到题名或目录记录，但暂无公开摘要,https://www.cqvip.com/doc/journal/7203156345
政治学研究,2026,2,issue_found_missing_abstract,已找到题名或目录记录，但暂无公开摘要,https://www.cqvip.com/doc/journal/7203156339
政治学研究,2026,2,found_title_missing_metadata,已找到题名，但作者、页码或链接字段仍不完整,https://www.cqvip.com/doc/journal/7203156339
政治学研究,2026,2,issue_found_missing_abstract,已找到题名或目录记录，但暂无公开摘要,https://www.cqvip.com/doc/journal/7203156355
世界经济与政治,1987,6,no_public_source_found,未在当前已整理数据或本次低频公开检索中找到该期目录,
世界经济与政治,1989,1,no_public_source_found,未在当前已整理数据或本次低频公开检索中找到该期目录,
世界经济与政治,1989,3,no_public_source_found,未在当前已整理数据或本次低频公开检索中找到该期目录,
世界经济与政治,1989,4,no_public_source_found,未在当前已整理数据或本次低频公开检索中找到该期目录,
世界经济与政治,1989,6,no_public_source_found,未在当前已整理数据或本次低频公开检索中找到该期目录,
世界经济与政治,1989,9,no_public_source_found,未在当前已整理数据或本次低频公开检索中找到该期目录,
世界经济与政治,1989,10,no_public_source_found,未在当前已整理数据或本次低频公开检索中找到该期目录,
世界经济与政治,1989,11,no_public_source_found,未在当前已整理数据或本次低频公开检索中找到该期目录,
世界经济与政治,1989,12,no_public_source_found,未在当前已整理数据或本次低频公开检索中找到该期目录,
世界经济与政治,1991,1,no_public_source_found,未在当前已整理数据或本次低频公开检索中找到该期目录,
世界经济与政治,1991,2,no_public_source_found,未在当前已整理数据或本次低频公开检索中找到该期目录,
世界经济与政治,1991,3,no_public_source_found,未在当前已整理数据或本次低频公开检索中找到该期目录,
世界经济与政治,1991,4,no_public_source_found,未在当前已整理数据或本次低频公开检索中找到该期目录,
世界经济与政治,1991,6,no_public_source_found,未在当前已整理数据或本次低频公开检索中找到该期目录,
世界经济与政治,1991,7,no_public_source_found,未在当前已整理数据或本次低频公开检索中找到该期目录,
世界经济与政治,1991,9,no_public_source_found,未在当前已整理数据或本次低频公开检索中找到该期目录,
世界经济与政治,1991,10,no_public_source_found,未在当前已整理数据或本次低频公开检索中找到该期目录,
世界经济与政治,1991,11,no_public_source_found,未在当前已整理数据或本次低频公开检索中找到该期目录,
世界经济与政治,1991,12,no_public_source_found,未在当前已整理数据或本次低频公开检索中找到该期目录,
世界经济与政治,1992,1,no_public_source_found,未在当前已整理数据或本次低频公开检索中找到该期目录,
世界经济与政治,1992,3,no_public_source_found,未在当前已整理数据或本次低频公开检索中找到该期目录,
世界经济与政治,1992,4,no_public_source_found,未在当前已整理数据或本次低频公开检索中找到该期目录,
世界经济与政治,1992,5,no_public_source_found,未在当前已整理数据或本次低频公开检索中找到该期目录,
世界经济与政治,1992,9,no_public_source_found,未在当前已整理数据或本次低频公开检索中找到该期目录,
世界经济与政治,1992,12,no_public_source_found,未在当前已整理数据或本次低频公开检索中找到该期目录,
世界经济与政治,1993,1,no_public_source_found,未在当前已整理数据或本次低频公开检索中找到该期目录,
世界经济与政治,1993,2,no_public_source_found,未在当前已整理数据或本次低频公开检索中找到该期目录,
世界经济与政治,1993,3,no_public_source_found,未在当前已整理数据或本次低频公开检索中找到该期目录,
世界经济与政治,1993,4,no_public_source_found,未在当前已整理数据或本次低频公开检索中找到该期目录,
世界经济与政治,1993,5,no_public_source_found,未在当前已整理数据或本次低频公开检索中找到该期目录,
世界经济与政治,1993,6,no_public_source_found,未在当前已整理数据或本次低频公开检索中找到该期目录,
世界经济与政治,1993,7,no_public_source_found,未在当前已整理数据或本次低频公开检索中找到该期目录,
世界经济与政治,1993,8,no_public_source_found,未在当前已整理数据或本次低频公开检索中找到该期目录,
世界经济与政治,1993,9,no_public_source_found,未在当前已整理数据或本次低频公开检索中找到该期目录,
世界经济与政治,1993,10,no_public_source_found,未在当前已整理数据或本次低频公开检索中找到该期目录,
世界经济与政治,1993,11,no_public_source_found,未在当前已整理数据或本次低频公开检索中找到该期目录,
世界经济与政治,1994,1,no_public_source_found,未在当前已整理数据或本次低频公开检索中找到该期目录,
世界经济与政治,1994,2,no_public_source_found,未在当前已整理数据或本次低频公开检索中找到该期目录,
世界经济与政治,1994,3,no_public_source_found,未在当前已整理数据或本次低频公开检索中找到该期目录,
世界经济与政治,1994,4,no_public_source_found,未在当前已整理数据或本次低频公开检索中找到该期目录,
世界经济与政治,1994,5,no_public_source_found,未在当前已整理数据或本次低频公开检索中找到该期目录,
世界经济与政治,1994,6,no_public_source_found,未在当前已整理数据或本次低频公开检索中找到该期目录,
世界经济与政治,1994,7,no_public_source_found,未在当前已整理数据或本次低频公开检索中找到该期目录,
世界经济与政治,1994,8,no_public_source_found,未在当前已整理数据或本次低频公开检索中找到该期目录,
世界经济与政治,1994,9,no_public_source_found,未在当前已整理数据或本次低频公开检索中找到该期目录,
世界经济与政治,1994,10,no_public_source_found,未在当前已整理数据或本次低频公开检索中找到该期目录,
世界经济与政治,1994,11,no_public_source_found,未在当前已整理数据或本次低频公开检索中找到该期目录,
世界经济与政治,1995,1,no_public_source_found,未在当前已整理数据或本次低频公开检索中找到该期目录,
世界经济与政治,1995,2,no_public_source_found,未在当前已整理数据或本次低频公开检索中找到该期目录,
世界经济与政治,1995,3,no_public_source_found,未在当前已整理数据或本次低频公开检索中找到该期目录,
世界经济与政治,1995,4,no_public_source_found,未在当前已整理数据或本次低频公开检索中找到该期目录,
世界经济与政治,1995,5,no_public_source_found,未在当前已整理数据或本次低频公开检索中找到该期目录,
世界经济与政治,1995,6,no_public_source_found,未在当前已整理数据或本次低频公开检索中找到该期目录,
世界经济与政治,1995,7,no_public_source_found,未在当前已整理数据或本次低频公开检索中找到该期目录,
世界经济与政治,1995,8,no_public_source_found,未在当前已整理数据或本次低频公开检索中找到该期目录,
世界经济与政治,1995,9,no_public_source_found,未在当前已整理数据或本次低频公开检索中找到该期目录,
世界经济与政治,1995,10,no_public_source_found,未在当前已整理数据或本次低频公开检索中找到该期目录,
世界经济与政治,1995,11,no_public_source_found,未在当前已整理数据或本次低频公开检索中找到该期目录,
世界经济与政治,1995,12,no_public_source_found,未在当前已整理数据或本次低频公开检索中找到该期目录,
世界经济与政治,1996,3,no_public_source_found,未在当前已整理数据或本次低频公开检索中找到该期目录,
世界经济与政治,1996,4,no_public_source_found,未在当前已整理数据或本次低频公开检索中找到该期目录,
世界经济与政治,1996,5,no_public_source_found,未在当前已整理数据或本次低频公开检索中找到该期目录,
世界经济与政治,1996,6,no_public_source_found,未在当前已整理数据或本次低频公开检索中找到该期目录,
世界经济与政治,1996,7,no_public_source_found,未在当前已整理数据或本次低频公开检索中找到该期目录,
世界经济与政治,1996,8,no_public_source_found,未在当前已整理数据或本次低频公开检索中找到该期目录,
世界经济与政治,1996,9,no_public_source_found,未在当前已整理数据或本次低频公开检索中找到该期目录,
世界经济与政治,1996,12,no_public_source_found,未在当前已整理数据或本次低频公开检索中找到该期目录,
世界经济与政治,1997,2,no_public_source_found,未在当前已整理数据或本次低频公开检索中找到该期目录,
世界经济与政治,1997,3,no_public_source_found,未在当前已整理数据或本次低频公开检索中找到该期目录,
世界经济与政治,1997,5,no_public_source_found,未在当前已整理数据或本次低频公开检索中找到该期目录,
世界经济与政治,1997,6,no_public_source_found,未在当前已整理数据或本次低频公开检索中找到该期目录,
世界经济与政治,1997,8,no_public_source_found,未在当前已整理数据或本次低频公开检索中找到该期目录,
世界经济与政治,1997,9,no_public_source_found,未在当前已整理数据或本次低频公开检索中找到该期目录,
世界经济与政治,1997,12,no_public_source_found,未在当前已整理数据或本次低频公开检索中找到该期目录,
世界经济与政治,1998,1,no_public_source_found,未在当前已整理数据或本次低频公开检索中找到该期目录,
世界经济与政治,1998,2,no_public_source_found,未在当前已整理数据或本次低频公开检索中找到该期目录,
世界经济与政治,1998,4,no_public_source_found,未在当前已整理数据或本次低频公开检索中找到该期目录,
世界经济与政治,1998,5,no_public_source_found,未在当前已整理数据或本次低频公开检索中找到该期目录,
世界经济与政治,1998,6,no_public_source_found,未在当前已整理数据或本次低频公开检索中找到该期目录,
世界经济与政治,1998,8,no_public_source_found,未在当前已整理数据或本次低频公开检索中找到该期目录,
世界经济与政治,1998,9,no_public_source_found,未在当前已整理数据或本次低频公开检索中找到该期目录,
世界经济与政治,1998,10,no_public_source_found,未在当前已整理数据或本次低频公开检索中找到该期目录,
世界经济与政治,1998,11,no_public_source_found,未在当前已整理数据或本次低频公开检索中找到该期目录,
世界经济与政治,1999,1,no_public_source_found,未在当前已整理数据或本次低频公开检索中找到该期目录,
世界经济与政治,1999,2,no_public_source_found,未在当前已整理数据或本次低频公开检索中找到该期目录,
世界经济与政治,1999,5,no_public_source_found,未在当前已整理数据或本次低频公开检索中找到该期目录,
世界经济与政治,1999,6,no_public_source_found,未在当前已整理数据或本次低频公开检索中找到该期目录,
世界经济与政治,1999,8,no_public_source_found,未在当前已整理数据或本次低频公开检索中找到该期目录,
世界经济与政治,1999,9,no_public_source_found,未在当前已整理数据或本次低频公开检索中找到该期目录,
世界经济与政治,1999,10,no_public_source_found,未在当前已整理数据或本次低频公开检索中找到该期目录,
世界经济与政治,1999,11,no_public_source_found,未在当前已整理数据或本次低频公开检索中找到该期目录,
世界经济与政治,2000,1,no_public_source_found,未在当前已整理数据或本次低频公开检索中找到该期目录,
世界经济与政治,2000,2,no_public_source_found,未在当前已整理数据或本次低频公开检索中找到该期目录,
世界经济与政治,2000,4,no_public_source_found,未在当前已整理数据或本次低频公开检索中找到该期目录,
世界经济与政治,2000,5,no_public_source_found,未在当前已整理数据或本次低频公开检索中找到该期目录,
世界经济与政治,2000,6,no_public_source_found,未在当前已整理数据或本次低频公开检索中找到该期目录,
世界经济与政治,2000,7,no_public_source_found,未在当前已整理数据或本次低频公开检索中找到该期目录,
世界经济与政治,2000,8,no_public_source_found,未在当前已整理数据或本次低频公开检索中找到该期目录,
世界经济与政治,2000,10,no_public_source_found,未在当前已整理数据或本次低频公开检索中找到该期目录,
世界经济与政治,2001,5,no_public_source_found,未在当前已整理数据或本次低频公开检索中找到该期目录,
世界经济与政治,2003,9,no_public_source_found,未在当前已整理数据或本次低频公开检索中找到该期目录,
世界经济与政治,2005,7,no_public_source_found,未在当前已整理数据或本次低频公开检索中找到该期目录,
世界经济与政治,2005,10,no_public_source_found,未在当前已整理数据或本次低频公开检索中找到该期目录,
世界经济与政治,2006,7,no_public_source_found,未在当前已整理数据或本次低频公开检索中找到该期目录,
世界经济与政治,2007,6,no_public_source_found,未在当前已整理数据或本次低频公开检索中找到该期目录,
世界经济与政治,2008,3,no_public_source_found,未在当前已整理数据或本次低频公开检索中找到该期目录,
世界经济与政治,2008,4,no_public_source_found,未在当前已整理数据或本次低频公开检索中找到该期目录,
世界经济与政治,2008,7,no_public_source_found,未在当前已整理数据或本次低频公开检索中找到该期目录,
世界经济与政治,2008,8,no_public_source_found,未在当前已整理数据或本次低频公开检索中找到该期目录,
世界经济与政治,2009,5,no_public_source_found,未在当前已整理数据或本次低频公开检索中找到该期目录,
世界经济与政治,2009,7,no_public_source_found,未在当前已整理数据或本次低频公开检索中找到该期目录,
世界经济与政治,2009,8,no_public_source_found,未在当前已整理数据或本次低频公开检索中找到该期目录,
世界经济与政治,2010,3,no_public_source_found,未在当前已整理数据或本次低频公开检索中找到该期目录,
世界经济与政治,2010,7,no_public_source_found,未在当前已整理数据或本次低频公开检索中找到该期目录,
世界经济与政治,2010,9,no_public_source_found,未在当前已整理数据或本次低频公开检索中找到该期目录,
世界经济与政治,2010,12,no_public_source_found,未在当前已整理数据或本次低频公开检索中找到该期目录,
世界经济与政治,2011,3,no_public_source_found,未在当前已整理数据或本次低频公开检索中找到该期目录,
世界经济与政治,2011,6,no_public_source_found,未在当前已整理数据或本次低频公开检索中找到该期目录,
世界经济与政治,2012,5,no_public_source_found,未在当前已整理数据或本次低频公开检索中找到该期目录,
世界经济与政治,2012,8,no_public_source_found,未在当前已整理数据或本次低频公开检索中找到该期目录,
世界经济与政治,2012,10,no_public_source_found,未在当前已整理数据或本次低频公开检索中找到该期目录,
世界经济与政治,2013,4,no_public_source_found,未在当前已整理数据或本次低频公开检索中找到该期目录,
世界经济与政治,2013,10,no_public_source_found,未在当前已整理数据或本次低频公开检索中找到该期目录,
世界经济与政治,2014,6,no_public_source_found,未在当前已整理数据或本次低频公开检索中找到该期目录,
世界经济与政治,2014,11,no_public_source_found,未在当前已整理数据或本次低频公开检索中找到该期目录,
世界经济与政治,2014,12,no_public_source_found,未在当前已整理数据或本次低频公开检索中找到该期目录,
世界经济与政治,2015,4,no_public_source_found,未在当前已整理数据或本次低频公开检索中找到该期目录,
世界经济与政治,2015,10,no_public_source_found,未在当前已整理数据或本次低频公开检索中找到该期目录,
世界经济与政治,2016,4,no_public_source_found,未在当前已整理数据或本次低频公开检索中找到该期目录,
世界经济与政治,2016,8,no_public_source_found,未在当前已整理数据或本次低频公开检索中找到该期目录,
世界经济与政治,2016,11,no_public_source_found,未在当前已整理数据或本次低频公开检索中找到该期目录,
世界经济与政治,2016,12,no_public_source_found,未在当前已整理数据或本次低频公开检索中找到该期目录,
世界经济与政治,2017,3,no_public_source_found,未在当前已整理数据或本次低频公开检索中找到该期目录,
世界经济与政治,2017,4,no_public_source_found,未在当前已整理数据或本次低频公开检索中找到该期目录,
世界经济与政治,2017,6,no_public_source_found,未在当前已整理数据或本次低频公开检索中找到该期目录,
世界经济与政治,2017,8,no_public_source_found,未在当前已整理数据或本次低频公开检索中找到该期目录,
世界经济与政治,2017,9,no_public_source_found,未在当前已整理数据或本次低频公开检索中找到该期目录,
世界经济与政治,2017,10,no_public_source_found,未在当前已整理数据或本次低频公开检索中找到该期目录,
世界经济与政治,2018,1,no_public_source_found,未在当前已整理数据或本次低频公开检索中找到该期目录,
世界经济与政治,2018,2,no_public_source_found,未在当前已整理数据或本次低频公开检索中找到该期目录,
世界经济与政治,2018,3,no_public_source_found,未在当前已整理数据或本次低频公开检索中找到该期目录,
世界经济与政治,2018,4,no_public_source_found,未在当前已整理数据或本次低频公开检索中找到该期目录,
世界经济与政治,2018,5,no_public_source_found,未在当前已整理数据或本次低频公开检索中找到该期目录,
世界经济与政治,2018,6,no_public_source_found,未在当前已整理数据或本次低频公开检索中找到该期目录,
世界经济与政治,2018,7,no_public_source_found,未在当前已整理数据或本次低频公开检索中找到该期目录,
世界经济与政治,2018,8,no_public_source_found,未在当前已整理数据或本次低频公开检索中找到该期目录,
世界经济与政治,2018,9,no_public_source_found,未在当前已整理数据或本次低频公开检索中找到该期目录,
世界经济与政治,2018,10,no_public_source_found,未在当前已整理数据或本次低频公开检索中找到该期目录,
世界经济与政治,2018,11,no_public_source_found,未在当前已整理数据或本次低频公开检索中找到该期目录,
世界经济与政治,2019,1,no_public_source_found,未在当前已整理数据或本次低频公开检索中找到该期目录,
世界经济与政治,2019,2,no_public_source_found,未在当前已整理数据或本次低频公开检索中找到该期目录,
世界经济与政治,2019,3,no_public_source_found,未在当前已整理数据或本次低频公开检索中找到该期目录,
世界经济与政治,2019,4,no_public_source_found,未在当前已整理数据或本次低频公开检索中找到该期目录,
世界经济与政治,2019,5,no_public_source_found,未在当前已整理数据或本次低频公开检索中找到该期目录,
世界经济与政治,2019,6,no_public_source_found,未在当前已整理数据或本次低频公开检索中找到该期目录,
世界经济与政治,2019,7,no_public_source_found,未在当前已整理数据或本次低频公开检索中找到该期目录,
世界经济与政治,2019,8,no_public_source_found,未在当前已整理数据或本次低频公开检索中找到该期目录,
世界经济与政治,2019,9,no_public_source_found,未在当前已整理数据或本次低频公开检索中找到该期目录,
世界经济与政治,2019,10,no_public_source_found,未在当前已整理数据或本次低频公开检索中找到该期目录,
世界经济与政治,2019,11,no_public_source_found,未在当前已整理数据或本次低频公开检索中找到该期目录,
世界经济与政治,2019,12,no_public_source_found,未在当前已整理数据或本次低频公开检索中找到该期目录,
世界经济与政治,2020,1,no_public_source_found,未在当前已整理数据或本次低频公开检索中找到该期目录,
世界经济与政治,2020,3,no_public_source_found,未在当前已整理数据或本次低频公开检索中找到该期目录,
世界经济与政治,2020,4,no_public_source_found,未在当前已整理数据或本次低频公开检索中找到该期目录,
世界经济与政治,2020,5,no_public_source_found,未在当前已整理数据或本次低频公开检索中找到该期目录,
世界经济与政治,2020,6,no_public_source_found,未在当前已整理数据或本次低频公开检索中找到该期目录,
世界经济与政治,2020,7,no_public_source_found,未在当前已整理数据或本次低频公开检索中找到该期目录,
世界经济与政治,2020,8,no_public_source_found,未在当前已整理数据或本次低频公开检索中找到该期目录,
世界经济与政治,2020,9,no_public_source_found,未在当前已整理数据或本次低频公开检索中找到该期目录,
世界经济与政治,2020,10,no_public_source_found,未在当前已整理数据或本次低频公开检索中找到该期目录,
世界经济与政治,2020,11,no_public_source_found,未在当前已整理数据或本次低频公开检索中找到该期目录,
世界经济与政治,2020,12,no_public_source_found,未在当前已整理数据或本次低频公开检索中找到该期目录,
世界经济与政治,2021,1,no_public_source_found,未在当前已整理数据或本次低频公开检索中找到该期目录,
世界经济与政治,2021,2,no_public_source_found,未在当前已整理数据或本次低频公开检索中找到该期目录,
世界经济与政治,2021,3,no_public_source_found,未在当前已整理数据或本次低频公开检索中找到该期目录,
世界经济与政治,2021,4,no_public_source_found,未在当前已整理数据或本次低频公开检索中找到该期目录,
世界经济与政治,2021,5,no_public_source_found,未在当前已整理数据或本次低频公开检索中找到该期目录,
世界经济与政治,2021,6,no_public_source_found,未在当前已整理数据或本次低频公开检索中找到该期目录,
世界经济与政治,2021,7,no_public_source_found,未在当前已整理数据或本次低频公开检索中找到该期目录,
世界经济与政治,2021,8,no_public_source_found,未在当前已整理数据或本次低频公开检索中找到该期目录,
世界经济与政治,2021,9,no_public_source_found,未在当前已整理数据或本次低频公开检索中找到该期目录,
世界经济与政治,2021,10,no_public_source_found,未在当前已整理数据或本次低频公开检索中找到该期目录,
世界经济与政治,2021,11,no_public_source_found,未在当前已整理数据或本次低频公开检索中找到该期目录,
世界经济与政治,2021,12,no_public_source_found,未在当前已整理数据或本次低频公开检索中找到该期目录,
世界经济与政治,2022,1,no_public_source_found,未在当前已整理数据或本次低频公开检索中找到该期目录,
世界经济与政治,2022,2,no_public_source_found,未在当前已整理数据或本次低频公开检索中找到该期目录,
世界经济与政治,2022,3,no_public_source_found,未在当前已整理数据或本次低频公开检索中找到该期目录,
世界经济与政治,2022,4,no_public_source_found,未在当前已整理数据或本次低频公开检索中找到该期目录,
世界经济与政治,2022,5,no_public_source_found,未在当前已整理数据或本次低频公开检索中找到该期目录,
世界经济与政治,2022,6,no_public_source_found,未在当前已整理数据或本次低频公开检索中找到该期目录,
世界经济与政治,2022,7,no_public_source_found,未在当前已整理数据或本次低频公开检索中找到该期目录,
世界经济与政治,2022,8,no_public_source_found,未在当前已整理数据或本次低频公开检索中找到该期目录,
世界经济与政治,2022,9,no_public_source_found,未在当前已整理数据或本次低频公开检索中找到该期目录,
世界经济与政治,2022,10,no_public_source_found,未在当前已整理数据或本次低频公开检索中找到该期目录,
世界经济与政治,2022,11,no_public_source_found,未在当前已整理数据或本次低频公开检索中找到该期目录,
世界经济与政治,2022,12,no_public_source_found,未在当前已整理数据或本次低频公开检索中找到该期目录,
世界经济与政治,2023,1,no_public_source_found,未在当前已整理数据或本次低频公开检索中找到该期目录,
世界经济与政治,2023,2,no_public_source_found,未在当前已整理数据或本次低频公开检索中找到该期目录,
世界经济与政治,2023,3,no_public_source_found,未在当前已整理数据或本次低频公开检索中找到该期目录,
世界经济与政治,2023,4,no_public_source_found,未在当前已整理数据或本次低频公开检索中找到该期目录,
世界经济与政治,2023,5,no_public_source_found,未在当前已整理数据或本次低频公开检索中找到该期目录,
世界经济与政治,2023,6,no_public_source_found,未在当前已整理数据或本次低频公开检索中找到该期目录,
世界经济与政治,2023,7,no_public_source_found,未在当前已整理数据或本次低频公开检索中找到该期目录,
世界经济与政治,2023,8,no_public_source_found,未在当前已整理数据或本次低频公开检索中找到该期目录,
世界经济与政治,2023,9,no_public_source_found,未在当前已整理数据或本次低频公开检索中找到该期目录,
世界经济与政治,2023,10,no_public_source_found,未在当前已整理数据或本次低频公开检索中找到该期目录,
世界经济与政治,2023,11,no_public_source_found,未在当前已整理数据或本次低频公开检索中找到该期目录,
世界经济与政治,2023,12,no_public_source_found,未在当前已整理数据或本次低频公开检索中找到该期目录,
世界经济与政治,2024,1,no_public_source_found,未在当前已整理数据或本次低频公开检索中找到该期目录,
世界经济与政治,2024,2,no_public_source_found,未在当前已整理数据或本次低频公开检索中找到该期目录,
世界经济与政治,2024,3,no_public_source_found,未在当前已整理数据或本次低频公开检索中找到该期目录,
世界经济与政治,2024,4,no_public_source_found,未在当前已整理数据或本次低频公开检索中找到该期目录,
世界经济与政治,2024,5,no_public_source_found,未在当前已整理数据或本次低频公开检索中找到该期目录,
世界经济与政治,2024,6,no_public_source_found,未在当前已整理数据或本次低频公开检索中找到该期目录,
世界经济与政治,2024,7,no_public_source_found,未在当前已整理数据或本次低频公开检索中找到该期目录,
世界经济与政治,2024,8,no_public_source_found,未在当前已整理数据或本次低频公开检索中找到该期目录,
世界经济与政治,2024,9,no_public_source_found,未在当前已整理数据或本次低频公开检索中找到该期目录,
世界经济与政治,2024,10,no_public_source_found,未在当前已整理数据或本次低频公开检索中找到该期目录,
世界经济与政治,2024,11,no_public_source_found,未在当前已整理数据或本次低频公开检索中找到该期目录,
世界经济与政治,2024,12,no_public_source_found,未在当前已整理数据或本次低频公开检索中找到该期目录,
世界经济与政治,2025,1,no_public_source_found,未在当前已整理数据或本次低频公开检索中找到该期目录,
世界经济与政治,2025,2,no_public_source_found,未在当前已整理数据或本次低频公开检索中找到该期目录,
世界经济与政治,2025,3,no_public_source_found,未在当前已整理数据或本次低频公开检索中找到该期目录,
世界经济与政治,2025,4,no_public_source_found,未在当前已整理数据或本次低频公开检索中找到该期目录,
世界经济与政治,2025,5,no_public_source_found,未在当前已整理数据或本次低频公开检索中找到该期目录,
世界经济与政治,2025,6,no_public_source_found,未在当前已整理数据或本次低频公开检索中找到该期目录,
世界经济与政治,2025,7,no_public_source_found,未在当前已整理数据或本次低频公开检索中找到该期目录,
世界经济与政治,2025,8,no_public_source_found,未在当前已整理数据或本次低频公开检索中找到该期目录,
世界经济与政治,2025,9,no_public_source_found,未在当前已整理数据或本次低频公开检索中找到该期目录,
世界经济与政治,2025,10,no_public_source_found,未在当前已整理数据或本次低频公开检索中找到该期目录,
世界经济与政治,2025,11,no_public_source_found,未在当前已整理数据或本次低频公开检索中找到该期目录,
世界经济与政治,2025,12,no_public_source_found,未在当前已整理数据或本次低频公开检索中找到该期目录,
世界经济与政治,2026,4,issue_found_missing_abstract,已找到题名或目录记录，但暂无公开摘要,https://www.cqvip.com/doc/journal/7203156170
世界经济与政治,2026,4,issue_found_missing_abstract,已找到题名或目录记录，但暂无公开摘要,https://www.cqvip.com/doc/journal/7203156167
世界经济与政治,2026,4,issue_found_missing_abstract,已找到题名或目录记录，但暂无公开摘要,https://www.cqvip.com/doc/journal/7203156166
世界经济与政治,2026,4,issue_found_missing_abstract,已找到题名或目录记录，但暂无公开摘要,https://www.cqvip.com/doc/journal/7203156168
世界经济与政治,2026,4,issue_found_missing_abstract,已找到题名或目录记录，但暂无公开摘要,https://www.cqvip.com/doc/journal/7203156169
世界经济与政治,2026,4,issue_found_missing_abstract,已找到题名或目录记录，但暂无公开摘要,https://www.cqvip.com/doc/journal/7203156171
国际政治研究,1981,2,no_public_source_found,未在当前已整理数据或本次低频公开检索中找到该期目录,
国际政治研究,1981,3,no_public_source_found,未在当前已整理数据或本次低频公开检索中找到该期目录,
国际政治研究,1981,4,no_public_source_found,未在当前已整理数据或本次低频公开检索中找到该期目录,
国际政治研究,1981,5,no_public_source_found,未在当前已整理数据或本次低频公开检索中找到该期目录,
国际政治研究,1981,6,no_public_source_found,未在当前已整理数据或本次低频公开检索中找到该期目录,
国际政治研究,1982,2,no_public_source_found,未在当前已整理数据或本次低频公开检索中找到该期目录,
国际政治研究,1982,4,no_public_source_found,未在当前已整理数据或本次低频公开检索中找到该期目录,
国际政治研究,1982,5,no_public_source_found,未在当前已整理数据或本次低频公开检索中找到该期目录,
国际政治研究,1982,6,no_public_source_found,未在当前已整理数据或本次低频公开检索中找到该期目录,
国际政治研究,1983,1,no_public_source_found,未在当前已整理数据或本次低频公开检索中找到该期目录,
国际政治研究,1983,4,no_public_source_found,未在当前已整理数据或本次低频公开检索中找到该期目录,
国际政治研究,1983,5,no_public_source_found,未在当前已整理数据或本次低频公开检索中找到该期目录,
国际政治研究,1983,6,no_public_source_found,未在当前已整理数据或本次低频公开检索中找到该期目录,
国际政治研究,1984,2,no_public_source_found,未在当前已整理数据或本次低频公开检索中找到该期目录,
国际政治研究,1984,3,no_public_source_found,未在当前已整理数据或本次低频公开检索中找到该期目录,
国际政治研究,1984,4,no_public_source_found,未在当前已整理数据或本次低频公开检索中找到该期目录,
国际政治研究,1984,5,no_public_source_found,未在当前已整理数据或本次低频公开检索中找到该期目录,
国际政治研究,1984,6,no_public_source_found,未在当前已整理数据或本次低频公开检索中找到该期目录,
国际政治研究,1985,4,no_public_source_found,未在当前已整理数据或本次低频公开检索中找到该期目录,
国际政治研究,1985,5,no_public_source_found,未在当前已整理数据或本次低频公开检索中找到该期目录,
国际政治研究,1985,6,no_public_source_found,未在当前已整理数据或本次低频公开检索中找到该期目录,
国际政治研究,1986,2,no_public_source_found,未在当前已整理数据或本次低频公开检索中找到该期目录,
国际政治研究,1986,3,no_public_source_found,未在当前已整理数据或本次低频公开检索中找到该期目录,
国际政治研究,1986,4,no_public_source_found,未在当前已整理数据或本次低频公开检索中找到该期目录,
国际政治研究,1986,5,no_public_source_found,未在当前已整理数据或本次低频公开检索中找到该期目录,
国际政治研究,1986,6,no_public_source_found,未在当前已整理数据或本次低频公开检索中找到该期目录,
国际政治研究,1987,2,no_public_source_found,未在当前已整理数据或本次低频公开检索中找到该期目录,
国际政治研究,1987,3,no_public_source_found,未在当前已整理数据或本次低频公开检索中找到该期目录,
国际政治研究,1987,5,no_public_source_found,未在当前已整理数据或本次低频公开检索中找到该期目录,
国际政治研究,1987,6,no_public_source_found,未在当前已整理数据或本次低频公开检索中找到该期目录,
国际政治研究,1988,1,no_public_source_found,未在当前已整理数据或本次低频公开检索中找到该期目录,
国际政治研究,1988,2,no_public_source_found,未在当前已整理数据或本次低频公开检索中找到该期目录,
国际政治研究,1988,5,no_public_source_found,未在当前已整理数据或本次低频公开检索中找到该期目录,
国际政治研究,1988,6,no_public_source_found,未在当前已整理数据或本次低频公开检索中找到该期目录,
国际政治研究,1989,3,no_public_source_found,未在当前已整理数据或本次低频公开检索中找到该期目录,
国际政治研究,1989,5,no_public_source_found,未在当前已整理数据或本次低频公开检索中找到该期目录,
国际政治研究,1989,6,no_public_source_found,未在当前已整理数据或本次低频公开检索中找到该期目录,
国际政治研究,1990,3,no_public_source_found,未在当前已整理数据或本次低频公开检索中找到该期目录,
国际政治研究,1990,4,no_public_source_found,未在当前已整理数据或本次低频公开检索中找到该期目录,
国际政治研究,1990,5,no_public_source_found,未在当前已整理数据或本次低频公开检索中找到该期目录,
国际政治研究,1990,6,no_public_source_found,未在当前已整理数据或本次低频公开检索中找到该期目录,
国际政治研究,1991,2,no_public_source_found,未在当前已整理数据或本次低频公开检索中找到该期目录,
国际政治研究,1991,3,no_public_source_found,未在当前已整理数据或本次低频公开检索中找到该期目录,
国际政治研究,1991,5,no_public_source_found,未在当前已整理数据或本次低频公开检索中找到该期目录,
国际政治研究,1991,6,no_public_source_found,未在当前已整理数据或本次低频公开检索中找到该期目录,
国际政治研究,1992,3,no_public_source_found,未在当前已整理数据或本次低频公开检索中找到该期目录,
国际政治研究,1992,5,no_public_source_found,未在当前已整理数据或本次低频公开检索中找到该期目录,
国际政治研究,1992,6,no_public_source_found,未在当前已整理数据或本次低频公开检索中找到该期目录,
国际政治研究,1993,3,no_public_source_found,未在当前已整理数据或本次低频公开检索中找到该期目录,
国际政治研究,1993,5,no_public_source_found,未在当前已整理数据或本次低频公开检索中找到该期目录,
国际政治研究,1993,6,no_public_source_found,未在当前已整理数据或本次低频公开检索中找到该期目录,
国际政治研究,1994,5,no_public_source_found,未在当前已整理数据或本次低频公开检索中找到该期目录,
国际政治研究,1994,6,no_public_source_found,未在当前已整理数据或本次低频公开检索中找到该期目录,
国际政治研究,1995,4,no_public_source_found,未在当前已整理数据或本次低频公开检索中找到该期目录,
国际政治研究,1995,5,no_public_source_found,未在当前已整理数据或本次低频公开检索中找到该期目录,
国际政治研究,1995,6,no_public_source_found,未在当前已整理数据或本次低频公开检索中找到该期目录,
国际政治研究,1996,5,no_public_source_found,未在当前已整理数据或本次低频公开检索中找到该期目录,
国际政治研究,1996,6,no_public_source_found,未在当前已整理数据或本次低频公开检索中找到该期目录,
国际政治研究,1997,5,no_public_source_found,未在当前已整理数据或本次低频公开检索中找到该期目录,
国际政治研究,1997,6,no_public_source_found,未在当前已整理数据或本次低频公开检索中找到该期目录,
国际政治研究,1998,5,no_public_source_found,未在当前已整理数据或本次低频公开检索中找到该期目录,
国际政治研究,1998,6,no_public_source_found,未在当前已整理数据或本次低频公开检索中找到该期目录,
国际政治研究,1999,2,no_public_source_found,未在当前已整理数据或本次低频公开检索中找到该期目录,
国际政治研究,1999,3,no_public_source_found,未在当前已整理数据或本次低频公开检索中找到该期目录,
国际政治研究,1999,4,no_public_source_found,未在当前已整理数据或本次低频公开检索中找到该期目录,
国际政治研究,1999,5,no_public_source_found,未在当前已整理数据或本次低频公开检索中找到该期目录,
国际政治研究,1999,6,no_public_source_found,未在当前已整理数据或本次低频公开检索中找到该期目录,
国际政治研究,2000,2,no_public_source_found,未在当前已整理数据或本次低频公开检索中找到该期目录,
国际政治研究,2000,3,no_public_source_found,未在当前已整理数据或本次低频公开检索中找到该期目录,
国际政治研究,2000,4,no_public_source_found,未在当前已整理数据或本次低频公开检索中找到该期目录,
国际政治研究,2000,5,no_public_source_found,未在当前已整理数据或本次低频公开检索中找到该期目录,
国际政治研究,2000,6,no_public_source_found,未在当前已整理数据或本次低频公开检索中找到该期目录,
国际政治研究,2001,5,no_public_source_found,未在当前已整理数据或本次低频公开检索中找到该期目录,
国际政治研究,2001,6,no_public_source_found,未在当前已整理数据或本次低频公开检索中找到该期目录,
国际政治研究,2002,3,no_public_source_found,未在当前已整理数据或本次低频公开检索中找到该期目录,
国际政治研究,2002,5,no_public_source_found,未在当前已整理数据或本次低频公开检索中找到该期目录,
国际政治研究,2002,6,no_public_source_found,未在当前已整理数据或本次低频公开检索中找到该期目录,
国际政治研究,2003,5,no_public_source_found,未在当前已整理数据或本次低频公开检索中找到该期目录,
国际政治研究,2003,6,no_public_source_found,未在当前已整理数据或本次低频公开检索中找到该期目录,
国际政治研究,2004,3,no_public_source_found,未在当前已整理数据或本次低频公开检索中找到该期目录,
国际政治研究,2004,5,no_public_source_found,未在当前已整理数据或本次低频公开检索中找到该期目录,
国际政治研究,2004,6,no_public_source_found,未在当前已整理数据或本次低频公开检索中找到该期目录,
国际政治研究,2005,2,no_public_source_found,未在当前已整理数据或本次低频公开检索中找到该期目录,
国际政治研究,2005,5,no_public_source_found,未在当前已整理数据或本次低频公开检索中找到该期目录,
国际政治研究,2005,6,no_public_source_found,未在当前已整理数据或本次低频公开检索中找到该期目录,
国际政治研究,2006,5,no_public_source_found,未在当前已整理数据或本次低频公开检索中找到该期目录,
国际政治研究,2006,6,no_public_source_found,未在当前已整理数据或本次低频公开检索中找到该期目录,
国际政治研究,2007,4,no_public_source_found,未在当前已整理数据或本次低频公开检索中找到该期目录,
国际政治研究,2007,5,no_public_source_found,未在当前已整理数据或本次低频公开检索中找到该期目录,
国际政治研究,2007,6,no_public_source_found,未在当前已整理数据或本次低频公开检索中找到该期目录,
国际政治研究,2008,5,no_public_source_found,未在当前已整理数据或本次低频公开检索中找到该期目录,
国际政治研究,2008,6,no_public_source_found,未在当前已整理数据或本次低频公开检索中找到该期目录,
国际政治研究,2009,4,no_public_source_found,未在当前已整理数据或本次低频公开检索中找到该期目录,
国际政治研究,2009,5,no_public_source_found,未在当前已整理数据或本次低频公开检索中找到该期目录,
国际政治研究,2009,6,no_public_source_found,未在当前已整理数据或本次低频公开检索中找到该期目录,
国际政治研究,2010,5,no_public_source_found,未在当前已整理数据或本次低频公开检索中找到该期目录,
国际政治研究,2010,6,no_public_source_found,未在当前已整理数据或本次低频公开检索中找到该期目录,
国际政治研究,2011,2,no_public_source_found,未在当前已整理数据或本次低频公开检索中找到该期目录,
国际政治研究,2011,5,no_public_source_found,未在当前已整理数据或本次低频公开检索中找到该期目录,
国际政治研究,2011,6,no_public_source_found,未在当前已整理数据或本次低频公开检索中找到该期目录,
国际政治研究,2012,5,no_public_source_found,未在当前已整理数据或本次低频公开检索中找到该期目录,
国际政治研究,2012,6,no_public_source_found,未在当前已整理数据或本次低频公开检索中找到该期目录,
国际政治研究,2013,5,no_public_source_found,未在当前已整理数据或本次低频公开检索中找到该期目录,
国际政治研究,2013,6,no_public_source_found,未在当前已整理数据或本次低频公开检索中找到该期目录,
国际政治研究,2014,2,no_public_source_found,未在当前已整理数据或本次低频公开检索中找到该期目录,
国际政治研究,2014,4,no_public_source_found,未在当前已整理数据或本次低频公开检索中找到该期目录,
国际政治研究,2015,3,no_public_source_found,未在当前已整理数据或本次低频公开检索中找到该期目录,
国际政治研究,2016,2,no_public_source_found,未在当前已整理数据或本次低频公开检索中找到该期目录,
国际政治研究,2016,3,no_public_source_found,未在当前已整理数据或本次低频公开检索中找到该期目录,
国际政治研究,2016,5,no_public_source_found,未在当前已整理数据或本次低频公开检索中找到该期目录,
国际政治研究,2016,6,no_public_source_found,未在当前已整理数据或本次低频公开检索中找到该期目录,
国际政治研究,2017,1,no_public_source_found,未在当前已整理数据或本次低频公开检索中找到该期目录,
国际政治研究,2017,4,no_public_source_found,未在当前已整理数据或本次低频公开检索中找到该期目录,
国际政治研究,2018,2,no_public_source_found,未在当前已整理数据或本次低频公开检索中找到该期目录,
国际政治研究,2018,3,no_public_source_found,未在当前已整理数据或本次低频公开检索中找到该期目录,
国际政治研究,2018,4,no_public_source_found,未在当前已整理数据或本次低频公开检索中找到该期目录,
国际政治研究,2018,5,no_public_source_found,未在当前已整理数据或本次低频公开检索中找到该期目录,
国际政治研究,2018,6,no_public_source_found,未在当前已整理数据或本次低频公开检索中找到该期目录,
国际政治研究,2019,2,no_public_source_found,未在当前已整理数据或本次低频公开检索中找到该期目录,
国际政治研究,2019,3,no_public_source_found,未在当前已整理数据或本次低频公开检索中找到该期目录,
国际政治研究,2019,4,no_public_source_found,未在当前已整理数据或本次低频公开检索中找到该期目录,
国际政治研究,2019,5,no_public_source_found,未在当前已整理数据或本次低频公开检索中找到该期目录,
国际政治研究,2019,6,no_public_source_found,未在当前已整理数据或本次低频公开检索中找到该期目录,
国际政治研究,2020,2,no_public_source_found,未在当前已整理数据或本次低频公开检索中找到该期目录,
国际政治研究,2020,3,no_public_source_found,未在当前已整理数据或本次低频公开检索中找到该期目录,
国际政治研究,2020,4,no_public_source_found,未在当前已整理数据或本次低频公开检索中找到该期目录,
国际政治研究,2020,5,no_public_source_found,未在当前已整理数据或本次低频公开检索中找到该期目录,
国际政治研究,2020,6,no_public_source_found,未在当前已整理数据或本次低频公开检索中找到该期目录,
国际政治研究,2021,1,no_public_source_found,未在当前已整理数据或本次低频公开检索中找到该期目录,
国际政治研究,2021,2,no_public_source_found,未在当前已整理数据或本次低频公开检索中找到该期目录,
国际政治研究,2021,3,no_public_source_found,未在当前已整理数据或本次低频公开检索中找到该期目录,
国际政治研究,2021,4,no_public_source_found,未在当前已整理数据或本次低频公开检索中找到该期目录,
国际政治研究,2021,5,no_public_source_found,未在当前已整理数据或本次低频公开检索中找到该期目录,
国际政治研究,2021,6,no_public_source_found,未在当前已整理数据或本次低频公开检索中找到该期目录,
国际政治研究,2022,1,no_public_source_found,未在当前已整理数据或本次低频公开检索中找到该期目录,
国际政治研究,2022,2,no_public_source_found,未在当前已整理数据或本次低频公开检索中找到该期目录,
国际政治研究,2022,3,no_public_source_found,未在当前已整理数据或本次低频公开检索中找到该期目录,
国际政治研究,2022,4,no_public_source_found,未在当前已整理数据或本次低频公开检索中找到该期目录,
国际政治研究,2022,5,no_public_source_found,未在当前已整理数据或本次低频公开检索中找到该期目录,
国际政治研究,2022,6,no_public_source_found,未在当前已整理数据或本次低频公开检索中找到该期目录,
国际政治研究,2023,1,no_public_source_found,未在当前已整理数据或本次低频公开检索中找到该期目录,
国际政治研究,2023,2,no_public_source_found,未在当前已整理数据或本次低频公开检索中找到该期目录,
国际政治研究,2023,3,no_public_source_found,未在当前已整理数据或本次低频公开检索中找到该期目录,
国际政治研究,2023,4,no_public_source_found,未在当前已整理数据或本次低频公开检索中找到该期目录,
国际政治研究,2023,5,no_public_source_found,未在当前已整理数据或本次低频公开检索中找到该期目录,
国际政治研究,2023,6,no_public_source_found,未在当前已整理数据或本次低频公开检索中找到该期目录,
国际政治研究,2024,1,no_public_source_found,未在当前已整理数据或本次低频公开检索中找到该期目录,
国际政治研究,2024,2,no_public_source_found,未在当前已整理数据或本次低频公开检索中找到该期目录,
国际政治研究,2024,3,no_public_source_found,未在当前已整理数据或本次低频公开检索中找到该期目录,
国际政治研究,2024,4,no_public_source_found,未在当前已整理数据或本次低频公开检索中找到该期目录,
国际政治研究,2024,5,no_public_source_found,未在当前已整理数据或本次低频公开检索中找到该期目录,
国际政治研究,2024,6,no_public_source_found,未在当前已整理数据或本次低频公开检索中找到该期目录,
国际政治研究,2025,1,no_public_source_found,未在当前已整理数据或本次低频公开检索中找到该期目录,
国际政治研究,2025,2,no_public_source_found,未在当前已整理数据或本次低频公开检索中找到该期目录,
国际政治研究,2025,3,no_public_source_found,未在当前已整理数据或本次低频公开检索中找到该期目录,
国际政治研究,2025,4,no_public_source_found,未在当前已整理数据或本次低频公开检索中找到该期目录,
国际政治研究,2025,5,no_public_source_found,未在当前已整理数据或本次低频公开检索中找到该期目录,
国际政治研究,2025,6,no_public_source_found,未在当前已整理数据或本次低频公开检索中找到该期目录,
国际政治研究,2026,1,issue_found_missing_abstract,已找到题名或目录记录，但暂无公开摘要,https://www.cqvip.com/doc/journal/7203289973
国际政治研究,2026,1,issue_found_missing_abstract,已找到题名或目录记录，但暂无公开摘要,https://www.cqvip.com/doc/journal/7203289974
国际政治研究,2026,1,issue_found_missing_abstract,已找到题名或目录记录，但暂无公开摘要,https://www.cqvip.com/doc/journal/7203289975
国际政治研究,2026,1,issue_found_missing_abstract,已找到题名或目录记录，但暂无公开摘要,https://www.cqvip.com/doc/journal/7203289976
国际政治研究,2026,1,issue_found_missing_abstract,已找到题名或目录记录，但暂无公开摘要,https://www.cqvip.com/doc/journal/7203289970
国际政治研究,2026,1,issue_found_missing_abstract,已找到题名或目录记录，但暂无公开摘要,https://www.cqvip.com/doc/journal/7203289971
国际政治研究,2026,1,issue_found_missing_abstract,已找到题名或目录记录，但暂无公开摘要,https://www.cqvip.com/doc/journal/7203289972
国际政治研究,2026,1,issue_found_missing_abstract,已找到题名或目录记录，但暂无公开摘要,https://www.cqvip.com/doc/journal/7203289969
国际政治研究,2026,1,issue_found_missing_abstract,已找到题名或目录记录，但暂无公开摘要,https://www.cqvip.com/doc/journal/7203289977
国际政治研究,2026,1,found_title_missing_metadata,已找到题名，但作者、页码或链接字段仍不完整,https://www.cqvip.com/doc/journal/7203289977
国际安全研究,1994,3,no_public_source_found,未在当前已整理数据或本次低频公开检索中找到该期目录,
国际安全研究,1996,3,no_public_source_found,未在当前已整理数据或本次低频公开检索中找到该期目录,
国际安全研究,1997,3,no_public_source_found,未在当前已整理数据或本次低频公开检索中找到该期目录,
国际安全研究,1999,2,no_public_source_found,未在当前已整理数据或本次低频公开检索中找到该期目录,
国际安全研究,1999,3,no_public_source_found,未在当前已整理数据或本次低频公开检索中找到该期目录,
国际安全研究,2000,1,no_public_source_found,未在当前已整理数据或本次低频公开检索中找到该期目录,
国际安全研究,2000,2,no_public_source_found,未在当前已整理数据或本次低频公开检索中找到该期目录,
国际安全研究,2000,3,no_public_source_found,未在当前已整理数据或本次低频公开检索中找到该期目录,
国际安全研究,2000,4,no_public_source_found,未在当前已整理数据或本次低频公开检索中找到该期目录,
国际安全研究,2001,1,no_public_source_found,未在当前已整理数据或本次低频公开检索中找到该期目录,
国际安全研究,2001,2,no_public_source_found,未在当前已整理数据或本次低频公开检索中找到该期目录,
国际安全研究,2001,3,no_public_source_found,未在当前已整理数据或本次低频公开检索中找到该期目录,
国际安全研究,2001,4,no_public_source_found,未在当前已整理数据或本次低频公开检索中找到该期目录,
国际安全研究,2002,1,no_public_source_found,未在当前已整理数据或本次低频公开检索中找到该期目录,
国际安全研究,2002,2,no_public_source_found,未在当前已整理数据或本次低频公开检索中找到该期目录,
国际安全研究,2002,3,no_public_source_found,未在当前已整理数据或本次低频公开检索中找到该期目录,
国际安全研究,2002,4,no_public_source_found,未在当前已整理数据或本次低频公开检索中找到该期目录,
国际安全研究,2003,1,no_public_source_found,未在当前已整理数据或本次低频公开检索中找到该期目录,
国际安全研究,2003,2,no_public_source_found,未在当前已整理数据或本次低频公开检索中找到该期目录,
国际安全研究,2003,3,no_public_source_found,未在当前已整理数据或本次低频公开检索中找到该期目录,
国际安全研究,2003,4,no_public_source_found,未在当前已整理数据或本次低频公开检索中找到该期目录,
国际安全研究,2004,1,no_public_source_found,未在当前已整理数据或本次低频公开检索中找到该期目录,
国际安全研究,2004,2,no_public_source_found,未在当前已整理数据或本次低频公开检索中找到该期目录,
国际安全研究,2004,3,no_public_source_found,未在当前已整理数据或本次低频公开检索中找到该期目录,
国际安全研究,2004,4,no_public_source_found,未在当前已整理数据或本次低频公开检索中找到该期目录,
国际安全研究,2005,1,no_public_source_found,未在当前已整理数据或本次低频公开检索中找到该期目录,
国际安全研究,2005,2,no_public_source_found,未在当前已整理数据或本次低频公开检索中找到该期目录,
国际安全研究,2005,3,no_public_source_found,未在当前已整理数据或本次低频公开检索中找到该期目录,
国际安全研究,2005,4,no_public_source_found,未在当前已整理数据或本次低频公开检索中找到该期目录,
国际安全研究,2006,1,no_public_source_found,未在当前已整理数据或本次低频公开检索中找到该期目录,
国际安全研究,2006,2,no_public_source_found,未在当前已整理数据或本次低频公开检索中找到该期目录,
国际安全研究,2006,3,no_public_source_found,未在当前已整理数据或本次低频公开检索中找到该期目录,
国际安全研究,2006,4,no_public_source_found,未在当前已整理数据或本次低频公开检索中找到该期目录,
国际安全研究,2007,2,no_public_source_found,未在当前已整理数据或本次低频公开检索中找到该期目录,
国际安全研究,2007,3,no_public_source_found,未在当前已整理数据或本次低频公开检索中找到该期目录,
国际安全研究,2007,4,no_public_source_found,未在当前已整理数据或本次低频公开检索中找到该期目录,
国际安全研究,2008,1,no_public_source_found,未在当前已整理数据或本次低频公开检索中找到该期目录,
国际安全研究,2008,2,no_public_source_found,未在当前已整理数据或本次低频公开检索中找到该期目录,
国际安全研究,2008,3,no_public_source_found,未在当前已整理数据或本次低频公开检索中找到该期目录,
国际安全研究,2008,4,no_public_source_found,未在当前已整理数据或本次低频公开检索中找到该期目录,
国际安全研究,2009,1,no_public_source_found,未在当前已整理数据或本次低频公开检索中找到该期目录,
国际安全研究,2009,2,no_public_source_found,未在当前已整理数据或本次低频公开检索中找到该期目录,
国际安全研究,2009,3,no_public_source_found,未在当前已整理数据或本次低频公开检索中找到该期目录,
国际安全研究,2009,4,no_public_source_found,未在当前已整理数据或本次低频公开检索中找到该期目录,
国际安全研究,2010,1,no_public_source_found,未在当前已整理数据或本次低频公开检索中找到该期目录,
国际安全研究,2010,2,no_public_source_found,未在当前已整理数据或本次低频公开检索中找到该期目录,
国际安全研究,2010,3,no_public_source_found,未在当前已整理数据或本次低频公开检索中找到该期目录,
国际安全研究,2010,4,no_public_source_found,未在当前已整理数据或本次低频公开检索中找到该期目录,
国际安全研究,2011,1,no_public_source_found,未在当前已整理数据或本次低频公开检索中找到该期目录,
国际安全研究,2011,2,no_public_source_found,未在当前已整理数据或本次低频公开检索中找到该期目录,
国际安全研究,2011,3,no_public_source_found,未在当前已整理数据或本次低频公开检索中找到该期目录,
国际安全研究,2011,4,no_public_source_found,未在当前已整理数据或本次低频公开检索中找到该期目录,
国际安全研究,2012,1,no_public_source_found,未在当前已整理数据或本次低频公开检索中找到该期目录,
国际安全研究,2012,2,no_public_source_found,未在当前已整理数据或本次低频公开检索中找到该期目录,
国际安全研究,2012,3,no_public_source_found,未在当前已整理数据或本次低频公开检索中找到该期目录,
国际安全研究,2012,4,no_public_source_found,未在当前已整理数据或本次低频公开检索中找到该期目录,
国际安全研究,2013,2,no_public_source_found,未在当前已整理数据或本次低频公开检索中找到该期目录,
国际安全研究,2013,3,no_public_source_found,未在当前已整理数据或本次低频公开检索中找到该期目录,
国际安全研究,2013,4,no_public_source_found,未在当前已整理数据或本次低频公开检索中找到该期目录,
国际安全研究,2014,2,no_public_source_found,未在当前已整理数据或本次低频公开检索中找到该期目录,
国际安全研究,2014,4,no_public_source_found,未在当前已整理数据或本次低频公开检索中找到该期目录,
国际安全研究,2015,3,no_public_source_found,未在当前已整理数据或本次低频公开检索中找到该期目录,
国际安全研究,2015,4,no_public_source_found,未在当前已整理数据或本次低频公开检索中找到该期目录,
国际安全研究,2016,2,no_public_source_found,未在当前已整理数据或本次低频公开检索中找到该期目录,
国际安全研究,2016,3,no_public_source_found,未在当前已整理数据或本次低频公开检索中找到该期目录,
国际安全研究,2017,2,no_public_source_found,未在当前已整理数据或本次低频公开检索中找到该期目录,
国际安全研究,2017,3,no_public_source_found,未在当前已整理数据或本次低频公开检索中找到该期目录,
国际安全研究,2017,4,no_public_source_found,未在当前已整理数据或本次低频公开检索中找到该期目录,
国际安全研究,2018,2,no_public_source_found,未在当前已整理数据或本次低频公开检索中找到该期目录,
国际安全研究,2018,3,no_public_source_found,未在当前已整理数据或本次低频公开检索中找到该期目录,
国际安全研究,2018,4,no_public_source_found,未在当前已整理数据或本次低频公开检索中找到该期目录,
国际安全研究,2019,2,no_public_source_found,未在当前已整理数据或本次低频公开检索中找到该期目录,
国际安全研究,2019,3,no_public_source_found,未在当前已整理数据或本次低频公开检索中找到该期目录,
国际安全研究,2019,4,no_public_source_found,未在当前已整理数据或本次低频公开检索中找到该期目录,
国际安全研究,2020,2,no_public_source_found,未在当前已整理数据或本次低频公开检索中找到该期目录,
国际安全研究,2020,3,no_public_source_found,未在当前已整理数据或本次低频公开检索中找到该期目录,
国际安全研究,2020,4,no_public_source_found,未在当前已整理数据或本次低频公开检索中找到该期目录,
国际安全研究,2021,2,no_public_source_found,未在当前已整理数据或本次低频公开检索中找到该期目录,
国际安全研究,2021,3,no_public_source_found,未在当前已整理数据或本次低频公开检索中找到该期目录,
国际安全研究,2021,4,no_public_source_found,未在当前已整理数据或本次低频公开检索中找到该期目录,
国际安全研究,2022,1,no_public_source_found,未在当前已整理数据或本次低频公开检索中找到该期目录,
国际安全研究,2022,2,no_public_source_found,未在当前已整理数据或本次低频公开检索中找到该期目录,
国际安全研究,2022,3,no_public_source_found,未在当前已整理数据或本次低频公开检索中找到该期目录,
国际安全研究,2022,4,no_public_source_found,未在当前已整理数据或本次低频公开检索中找到该期目录,
国际安全研究,2023,1,no_public_source_found,未在当前已整理数据或本次低频公开检索中找到该期目录,
国际安全研究,2023,2,no_public_source_found,未在当前已整理数据或本次低频公开检索中找到该期目录,
国际安全研究,2023,3,no_public_source_found,未在当前已整理数据或本次低频公开检索中找到该期目录,
国际安全研究,2023,4,no_public_source_found,未在当前已整理数据或本次低频公开检索中找到该期目录,
国际安全研究,2024,1,no_public_source_found,未在当前已整理数据或本次低频公开检索中找到该期目录,
国际安全研究,2024,2,no_public_source_found,未在当前已整理数据或本次低频公开检索中找到该期目录,
国际安全研究,2024,3,no_public_source_found,未在当前已整理数据或本次低频公开检索中找到该期目录,
国际安全研究,2024,4,no_public_source_found,未在当前已整理数据或本次低频公开检索中找到该期目录,
国际安全研究,2025,1,no_public_source_found,未在当前已整理数据或本次低频公开检索中找到该期目录,
国际安全研究,2025,2,no_public_source_found,未在当前已整理数据或本次低频公开检索中找到该期目录,
国际安全研究,2025,3,no_public_source_found,未在当前已整理数据或本次低频公开检索中找到该期目录,
国际安全研究,2025,4,no_public_source_found,未在当前已整理数据或本次低频公开检索中找到该期目录,
国际安全研究,2026,3,issue_found_missing_abstract,已找到题名或目录记录，但暂无公开摘要,https://www.cqvip.com/doc/journal/7203529141
国际安全研究,2026,3,issue_found_missing_abstract,已找到题名或目录记录，但暂无公开摘要,https://www.cqvip.com/doc/journal/7203529142
国际安全研究,2026,3,issue_found_missing_abstract,已找到题名或目录记录，但暂无公开摘要,https://www.cqvip.com/doc/journal/7203529138
国际安全研究,2026,3,issue_found_missing_abstract,已找到题名或目录记录，但暂无公开摘要,https://www.cqvip.com/doc/journal/7203529137
国际安全研究,2026,3,issue_found_missing_abstract,已找到题名或目录记录，但暂无公开摘要,https://www.cqvip.com/doc/journal/7203529139
国际安全研究,2026,3,issue_found_missing_abstract,已找到题名或目录记录，但暂无公开摘要,https://www.cqvip.com/doc/journal/7203529140
国际安全研究,2026,3,issue_found_missing_abstract,已找到题名或目录记录，但暂无公开摘要,https://www.cqvip.com/doc/journal/7203529136
国际安全研究,2026,3,found_title_missing_metadata,已找到题名，但作者、页码或链接字段仍不完整,https://www.cqvip.com/doc/journal/7203529136
国际安全研究,2026,3,issue_found_missing_abstract,已找到题名或目录记录，但暂无公开摘要,https://www.cqvip.com/doc/journal/7203529143
国际安全研究,2026,3,found_title_missing_metadata,已找到题名，但作者、页码或链接字段仍不完整,https://www.cqvip.com/doc/journal/7203529143
国际问题研究,2006,1,no_public_source_found,未在当前已整理数据或本次低频公开检索中找到该期目录,
国际问题研究,2006,2,no_public_source_found,未在当前已整理数据或本次低频公开检索中找到该期目录,
国际问题研究,2006,3,no_public_source_found,未在当前已整理数据或本次低频公开检索中找到该期目录,
国际问题研究,2006,5,no_public_source_found,未在当前已整理数据或本次低频公开检索中找到该期目录,
国际问题研究,2006,6,no_public_source_found,未在当前已整理数据或本次低频公开检索中找到该期目录,
国际问题研究,2007,4,no_public_source_found,未在当前已整理数据或本次低频公开检索中找到该期目录,
国际问题研究,2007,5,no_public_source_found,未在当前已整理数据或本次低频公开检索中找到该期目录,
国际问题研究,2007,6,no_public_source_found,未在当前已整理数据或本次低频公开检索中找到该期目录,
国际问题研究,2008,2,no_public_source_found,未在当前已整理数据或本次低频公开检索中找到该期目录,
国际问题研究,2008,5,no_public_source_found,未在当前已整理数据或本次低频公开检索中找到该期目录,
国际问题研究,2008,6,no_public_source_found,未在当前已整理数据或本次低频公开检索中找到该期目录,
国际问题研究,2011,2,no_public_source_found,未在当前已整理数据或本次低频公开检索中找到该期目录,
国际问题研究,2012,2,no_public_source_found,未在当前已整理数据或本次低频公开检索中找到该期目录,
国际问题研究,2016,5,no_public_source_found,未在当前已整理数据或本次低频公开检索中找到该期目录,
国际问题研究,2016,6,no_public_source_found,未在当前已整理数据或本次低频公开检索中找到该期目录,
国际问题研究,2017,1,no_public_source_found,未在当前已整理数据或本次低频公开检索中找到该期目录,
国际问题研究,2017,2,no_public_source_found,未在当前已整理数据或本次低频公开检索中找到该期目录,
国际问题研究,2017,3,no_public_source_found,未在当前已整理数据或本次低频公开检索中找到该期目录,
国际问题研究,2017,4,no_public_source_found,未在当前已整理数据或本次低频公开检索中找到该期目录,
国际问题研究,2017,5,no_public_source_found,未在当前已整理数据或本次低频公开检索中找到该期目录,
国际问题研究,2017,6,no_public_source_found,未在当前已整理数据或本次低频公开检索中找到该期目录,
国际问题研究,2018,1,no_public_source_found,未在当前已整理数据或本次低频公开检索中找到该期目录,
国际问题研究,2018,2,no_public_source_found,未在当前已整理数据或本次低频公开检索中找到该期目录,
国际问题研究,2018,3,no_public_source_found,未在当前已整理数据或本次低频公开检索中找到该期目录,
国际问题研究,2018,4,no_public_source_found,未在当前已整理数据或本次低频公开检索中找到该期目录,
国际问题研究,2018,5,no_public_source_found,未在当前已整理数据或本次低频公开检索中找到该期目录,
国际问题研究,2018,6,no_public_source_found,未在当前已整理数据或本次低频公开检索中找到该期目录,
国际问题研究,2019,1,no_public_source_found,未在当前已整理数据或本次低频公开检索中找到该期目录,
国际问题研究,2019,2,no_public_source_found,未在当前已整理数据或本次低频公开检索中找到该期目录,
国际问题研究,2019,3,no_public_source_found,未在当前已整理数据或本次低频公开检索中找到该期目录,
国际问题研究,2019,4,no_public_source_found,未在当前已整理数据或本次低频公开检索中找到该期目录,
国际问题研究,2019,5,no_public_source_found,未在当前已整理数据或本次低频公开检索中找到该期目录,
国际问题研究,2019,6,no_public_source_found,未在当前已整理数据或本次低频公开检索中找到该期目录,
国际问题研究,2020,1,no_public_source_found,未在当前已整理数据或本次低频公开检索中找到该期目录,
国际问题研究,2020,2,no_public_source_found,未在当前已整理数据或本次低频公开检索中找到该期目录,
国际问题研究,2020,3,no_public_source_found,未在当前已整理数据或本次低频公开检索中找到该期目录,
国际问题研究,2020,4,no_public_source_found,未在当前已整理数据或本次低频公开检索中找到该期目录,
国际问题研究,2020,5,no_public_source_found,未在当前已整理数据或本次低频公开检索中找到该期目录,
国际问题研究,2020,6,no_public_source_found,未在当前已整理数据或本次低频公开检索中找到该期目录,
国际问题研究,2021,1,no_public_source_found,未在当前已整理数据或本次低频公开检索中找到该期目录,
国际问题研究,2021,2,no_public_source_found,未在当前已整理数据或本次低频公开检索中找到该期目录,
国际问题研究,2021,3,no_public_source_found,未在当前已整理数据或本次低频公开检索中找到该期目录,
国际问题研究,2021,4,no_public_source_found,未在当前已整理数据或本次低频公开检索中找到该期目录,
国际问题研究,2021,5,no_public_source_found,未在当前已整理数据或本次低频公开检索中找到该期目录,
国际问题研究,2021,6,no_public_source_found,未在当前已整理数据或本次低频公开检索中找到该期目录,
国际问题研究,2022,1,no_public_source_found,未在当前已整理数据或本次低频公开检索中找到该期目录,
国际问题研究,2022,2,no_public_source_found,未在当前已整理数据或本次低频公开检索中找到该期目录,
国际问题研究,2022,3,no_public_source_found,未在当前已整理数据或本次低频公开检索中找到该期目录,
国际问题研究,2022,4,no_public_source_found,未在当前已整理数据或本次低频公开检索中找到该期目录,
国际问题研究,2022,5,no_public_source_found,未在当前已整理数据或本次低频公开检索中找到该期目录,
国际问题研究,2022,6,no_public_source_found,未在当前已整理数据或本次低频公开检索中找到该期目录,
国际问题研究,2023,1,no_public_source_found,未在当前已整理数据或本次低频公开检索中找到该期目录,
国际问题研究,2023,2,no_public_source_found,未在当前已整理数据或本次低频公开检索中找到该期目录,
国际问题研究,2023,3,no_public_source_found,未在当前已整理数据或本次低频公开检索中找到该期目录,
国际问题研究,2023,4,no_public_source_found,未在当前已整理数据或本次低频公开检索中找到该期目录,
国际问题研究,2023,5,no_public_source_found,未在当前已整理数据或本次低频公开检索中找到该期目录,
国际问题研究,2023,6,no_public_source_found,未在当前已整理数据或本次低频公开检索中找到该期目录,
国际问题研究,2024,1,no_public_source_found,未在当前已整理数据或本次低频公开检索中找到该期目录,
国际问题研究,2024,2,no_public_source_found,未在当前已整理数据或本次低频公开检索中找到该期目录,
国际问题研究,2024,3,no_public_source_found,未在当前已整理数据或本次低频公开检索中找到该期目录,
国际问题研究,2024,4,no_public_source_found,未在当前已整理数据或本次低频公开检索中找到该期目录,
国际问题研究,2024,5,no_public_source_found,未在当前已整理数据或本次低频公开检索中找到该期目录,
国际问题研究,2024,6,no_public_source_found,未在当前已整理数据或本次低频公开检索中找到该期目录,
国际问题研究,2025,1,no_public_source_found,未在当前已整理数据或本次低频公开检索中找到该期目录,
国际问题研究,2025,2,no_public_source_found,未在当前已整理数据或本次低频公开检索中找到该期目录,
国际问题研究,2025,3,no_public_source_found,未在当前已整理数据或本次低频公开检索中找到该期目录,
国际问题研究,2025,4,no_public_source_found,未在当前已整理数据或本次低频公开检索中找到该期目录,
国际问题研究,2025,5,no_public_source_found,未在当前已整理数据或本次低频公开检索中找到该期目录,
国际问题研究,2025,6,no_public_source_found,未在当前已整理数据或本次低频公开检索中找到该期目录,
国际问题研究,2026,,no_public_source_found,2026 年尚未在当前公开来源中检索到期次,
国际展望,1989,1,no_public_source_found,未在当前已整理数据或本次低频公开检索中找到该期目录,
国际展望,1989,3,no_public_source_found,未在当前已整理数据或本次低频公开检索中找到该期目录,
国际展望,1989,6,no_public_source_found,未在当前已整理数据或本次低频公开检索中找到该期目录,
国际展望,1989,8,no_public_source_found,未在当前已整理数据或本次低频公开检索中找到该期目录,
国际展望,1989,10,no_public_source_found,未在当前已整理数据或本次低频公开检索中找到该期目录,
国际展望,1989,12,no_public_source_found,未在当前已整理数据或本次低频公开检索中找到该期目录,
国际展望,1990,2,no_public_source_found,未在当前已整理数据或本次低频公开检索中找到该期目录,
国际展望,1990,3,no_public_source_found,未在当前已整理数据或本次低频公开检索中找到该期目录,
国际展望,1990,4,no_public_source_found,未在当前已整理数据或本次低频公开检索中找到该期目录,
国际展望,1990,5,no_public_source_found,未在当前已整理数据或本次低频公开检索中找到该期目录,
国际展望,1990,6,no_public_source_found,未在当前已整理数据或本次低频公开检索中找到该期目录,
国际展望,1990,7,no_public_source_found,未在当前已整理数据或本次低频公开检索中找到该期目录,
国际展望,1990,8,no_public_source_found,未在当前已整理数据或本次低频公开检索中找到该期目录,
国际展望,1990,9,no_public_source_found,未在当前已整理数据或本次低频公开检索中找到该期目录,
国际展望,1990,11,no_public_source_found,未在当前已整理数据或本次低频公开检索中找到该期目录,
国际展望,1990,12,no_public_source_found,未在当前已整理数据或本次低频公开检索中找到该期目录,
国际展望,1992,5,no_public_source_found,未在当前已整理数据或本次低频公开检索中找到该期目录,
国际展望,1992,6,no_public_source_found,未在当前已整理数据或本次低频公开检索中找到该期目录,
国际展望,1992,7,no_public_source_found,未在当前已整理数据或本次低频公开检索中找到该期目录,
国际展望,1992,8,no_public_source_found,未在当前已整理数据或本次低频公开检索中找到该期目录,
国际展望,1992,10,no_public_source_found,未在当前已整理数据或本次低频公开检索中找到该期目录,
国际展望,1992,11,no_public_source_found,未在当前已整理数据或本次低频公开检索中找到该期目录,
国际展望,1992,12,no_public_source_found,未在当前已整理数据或本次低频公开检索中找到该期目录,
国际展望,1993,3,no_public_source_found,未在当前已整理数据或本次低频公开检索中找到该期目录,
国际展望,1993,4,no_public_source_found,未在当前已整理数据或本次低频公开检索中找到该期目录,
国际展望,1993,7,no_public_source_found,未在当前已整理数据或本次低频公开检索中找到该期目录,
国际展望,1993,10,no_public_source_found,未在当前已整理数据或本次低频公开检索中找到该期目录,
国际展望,1994,4,no_public_source_found,未在当前已整理数据或本次低频公开检索中找到该期目录,
国际展望,1994,12,no_public_source_found,未在当前已整理数据或本次低频公开检索中找到该期目录,
国际展望,1995,5,no_public_source_found,未在当前已整理数据或本次低频公开检索中找到该期目录,
国际展望,1995,11,no_public_source_found,未在当前已整理数据或本次低频公开检索中找到该期目录,
国际展望,1996,2,no_public_source_found,未在当前已整理数据或本次低频公开检索中找到该期目录,
国际展望,1996,8,no_public_source_found,未在当前已整理数据或本次低频公开检索中找到该期目录,
国际展望,1996,10,no_public_source_found,未在当前已整理数据或本次低频公开检索中找到该期目录,
国际展望,1996,11,no_public_source_found,未在当前已整理数据或本次低频公开检索中找到该期目录,
国际展望,1997,8,no_public_source_found,未在当前已整理数据或本次低频公开检索中找到该期目录,
国际展望,1997,9,no_public_source_found,未在当前已整理数据或本次低频公开检索中找到该期目录,
国际展望,1997,11,no_public_source_found,未在当前已整理数据或本次低频公开检索中找到该期目录,
国际展望,1997,12,no_public_source_found,未在当前已整理数据或本次低频公开检索中找到该期目录,
国际展望,1998,5,no_public_source_found,未在当前已整理数据或本次低频公开检索中找到该期目录,
国际展望,1999,3,no_public_source_found,未在当前已整理数据或本次低频公开检索中找到该期目录,
国际展望,1999,7,no_public_source_found,未在当前已整理数据或本次低频公开检索中找到该期目录,
国际展望,1999,9,no_public_source_found,未在当前已整理数据或本次低频公开检索中找到该期目录,
国际展望,2000,4,no_public_source_found,未在当前已整理数据或本次低频公开检索中找到该期目录,
国际展望,2000,5,no_public_source_found,未在当前已整理数据或本次低频公开检索中找到该期目录,
国际展望,2000,7,no_public_source_found,未在当前已整理数据或本次低频公开检索中找到该期目录,
国际展望,2000,10,no_public_source_found,未在当前已整理数据或本次低频公开检索中找到该期目录,
国际展望,2002,3,no_public_source_found,未在当前已整理数据或本次低频公开检索中找到该期目录,
国际展望,2002,4,no_public_source_found,未在当前已整理数据或本次低频公开检索中找到该期目录,
国际展望,2008,1,no_public_source_found,未在当前已整理数据或本次低频公开检索中找到该期目录,
国际展望,2008,2,no_public_source_found,未在当前已整理数据或本次低频公开检索中找到该期目录,
国际展望,2008,3,no_public_source_found,未在当前已整理数据或本次低频公开检索中找到该期目录,
国际展望,2008,4,no_public_source_found,未在当前已整理数据或本次低频公开检索中找到该期目录,
国际展望,2008,5,no_public_source_found,未在当前已整理数据或本次低频公开检索中找到该期目录,
国际展望,2008,6,no_public_source_found,未在当前已整理数据或本次低频公开检索中找到该期目录,
国际展望,2008,7,no_public_source_found,未在当前已整理数据或本次低频公开检索中找到该期目录,
国际展望,2008,8,no_public_source_found,未在当前已整理数据或本次低频公开检索中找到该期目录,
国际展望,2008,9,no_public_source_found,未在当前已整理数据或本次低频公开检索中找到该期目录,
国际展望,2008,10,no_public_source_found,未在当前已整理数据或本次低频公开检索中找到该期目录,
国际展望,2008,11,no_public_source_found,未在当前已整理数据或本次低频公开检索中找到该期目录,
国际展望,2008,12,no_public_source_found,未在当前已整理数据或本次低频公开检索中找到该期目录,
国际展望,2009,4,no_public_source_found,未在当前已整理数据或本次低频公开检索中找到该期目录,
国际展望,2009,5,no_public_source_found,未在当前已整理数据或本次低频公开检索中找到该期目录,
国际展望,2009,6,no_public_source_found,未在当前已整理数据或本次低频公开检索中找到该期目录,
国际展望,2009,7,no_public_source_found,未在当前已整理数据或本次低频公开检索中找到该期目录,
国际展望,2009,8,no_public_source_found,未在当前已整理数据或本次低频公开检索中找到该期目录,
国际展望,2009,9,no_public_source_found,未在当前已整理数据或本次低频公开检索中找到该期目录,
国际展望,2009,10,no_public_source_found,未在当前已整理数据或本次低频公开检索中找到该期目录,
国际展望,2009,11,no_public_source_found,未在当前已整理数据或本次低频公开检索中找到该期目录,
国际展望,2009,12,no_public_source_found,未在当前已整理数据或本次低频公开检索中找到该期目录,
国际展望,2010,7,no_public_source_found,未在当前已整理数据或本次低频公开检索中找到该期目录,
国际展望,2010,8,no_public_source_found,未在当前已整理数据或本次低频公开检索中找到该期目录,
国际展望,2010,9,no_public_source_found,未在当前已整理数据或本次低频公开检索中找到该期目录,
国际展望,2010,10,no_public_source_found,未在当前已整理数据或本次低频公开检索中找到该期目录,
国际展望,2010,11,no_public_source_found,未在当前已整理数据或本次低频公开检索中找到该期目录,
国际展望,2010,12,no_public_source_found,未在当前已整理数据或本次低频公开检索中找到该期目录,
国际展望,2011,4,no_public_source_found,未在当前已整理数据或本次低频公开检索中找到该期目录,
国际展望,2011,7,no_public_source_found,未在当前已整理数据或本次低频公开检索中找到该期目录,
国际展望,2011,8,no_public_source_found,未在当前已整理数据或本次低频公开检索中找到该期目录,
国际展望,2011,9,no_public_source_found,未在当前已整理数据或本次低频公开检索中找到该期目录,
国际展望,2011,10,no_public_source_found,未在当前已整理数据或本次低频公开检索中找到该期目录,
国际展望,2011,11,no_public_source_found,未在当前已整理数据或本次低频公开检索中找到该期目录,
国际展望,2011,12,no_public_source_found,未在当前已整理数据或本次低频公开检索中找到该期目录,
国际展望,2012,7,no_public_source_found,未在当前已整理数据或本次低频公开检索中找到该期目录,
国际展望,2012,8,no_public_source_found,未在当前已整理数据或本次低频公开检索中找到该期目录,
国际展望,2012,9,no_public_source_found,未在当前已整理数据或本次低频公开检索中找到该期目录,
国际展望,2012,10,no_public_source_found,未在当前已整理数据或本次低频公开检索中找到该期目录,
国际展望,2012,11,no_public_source_found,未在当前已整理数据或本次低频公开检索中找到该期目录,
国际展望,2012,12,no_public_source_found,未在当前已整理数据或本次低频公开检索中找到该期目录,
国际展望,2013,5,no_public_source_found,未在当前已整理数据或本次低频公开检索中找到该期目录,
国际展望,2013,7,no_public_source_found,未在当前已整理数据或本次低频公开检索中找到该期目录,
国际展望,2013,8,no_public_source_found,未在当前已整理数据或本次低频公开检索中找到该期目录,
国际展望,2013,9,no_public_source_found,未在当前已整理数据或本次低频公开检索中找到该期目录,
国际展望,2013,10,no_public_source_found,未在当前已整理数据或本次低频公开检索中找到该期目录,
国际展望,2013,11,no_public_source_found,未在当前已整理数据或本次低频公开检索中找到该期目录,
国际展望,2013,12,no_public_source_found,未在当前已整理数据或本次低频公开检索中找到该期目录,
国际展望,2014,5,no_public_source_found,未在当前已整理数据或本次低频公开检索中找到该期目录,
国际展望,2014,7,no_public_source_found,未在当前已整理数据或本次低频公开检索中找到该期目录,
国际展望,2014,8,no_public_source_found,未在当前已整理数据或本次低频公开检索中找到该期目录,
国际展望,2014,9,no_public_source_found,未在当前已整理数据或本次低频公开检索中找到该期目录,
国际展望,2014,10,no_public_source_found,未在当前已整理数据或本次低频公开检索中找到该期目录,
国际展望,2014,11,no_public_source_found,未在当前已整理数据或本次低频公开检索中找到该期目录,
国际展望,2014,12,no_public_source_found,未在当前已整理数据或本次低频公开检索中找到该期目录,
国际展望,2015,5,no_public_source_found,未在当前已整理数据或本次低频公开检索中找到该期目录,
国际展望,2015,7,no_public_source_found,未在当前已整理数据或本次低频公开检索中找到该期目录,
国际展望,2015,8,no_public_source_found,未在当前已整理数据或本次低频公开检索中找到该期目录,
国际展望,2015,9,no_public_source_found,未在当前已整理数据或本次低频公开检索中找到该期目录,
国际展望,2015,10,no_public_source_found,未在当前已整理数据或本次低频公开检索中找到该期目录,
国际展望,2015,11,no_public_source_found,未在当前已整理数据或本次低频公开检索中找到该期目录,
国际展望,2015,12,no_public_source_found,未在当前已整理数据或本次低频公开检索中找到该期目录,
国际展望,2016,3,no_public_source_found,未在当前已整理数据或本次低频公开检索中找到该期目录,
国际展望,2016,4,no_public_source_found,未在当前已整理数据或本次低频公开检索中找到该期目录,
国际展望,2016,5,no_public_source_found,未在当前已整理数据或本次低频公开检索中找到该期目录,
国际展望,2016,6,no_public_source_found,未在当前已整理数据或本次低频公开检索中找到该期目录,
国际展望,2016,7,no_public_source_found,未在当前已整理数据或本次低频公开检索中找到该期目录,
国际展望,2016,8,no_public_source_found,未在当前已整理数据或本次低频公开检索中找到该期目录,
国际展望,2016,9,no_public_source_found,未在当前已整理数据或本次低频公开检索中找到该期目录,
国际展望,2016,10,no_public_source_found,未在当前已整理数据或本次低频公开检索中找到该期目录,
国际展望,2016,11,no_public_source_found,未在当前已整理数据或本次低频公开检索中找到该期目录,
国际展望,2016,12,no_public_source_found,未在当前已整理数据或本次低频公开检索中找到该期目录,
国际展望,2017,2,no_public_source_found,未在当前已整理数据或本次低频公开检索中找到该期目录,
国际展望,2017,3,no_public_source_found,未在当前已整理数据或本次低频公开检索中找到该期目录,
国际展望,2017,7,no_public_source_found,未在当前已整理数据或本次低频公开检索中找到该期目录,
国际展望,2017,8,no_public_source_found,未在当前已整理数据或本次低频公开检索中找到该期目录,
国际展望,2017,9,no_public_source_found,未在当前已整理数据或本次低频公开检索中找到该期目录,
国际展望,2017,10,no_public_source_found,未在当前已整理数据或本次低频公开检索中找到该期目录,
国际展望,2017,11,no_public_source_found,未在当前已整理数据或本次低频公开检索中找到该期目录,
国际展望,2017,12,no_public_source_found,未在当前已整理数据或本次低频公开检索中找到该期目录,
国际展望,2018,1,no_public_source_found,未在当前已整理数据或本次低频公开检索中找到该期目录,
国际展望,2018,2,no_public_source_found,未在当前已整理数据或本次低频公开检索中找到该期目录,
国际展望,2018,3,no_public_source_found,未在当前已整理数据或本次低频公开检索中找到该期目录,
国际展望,2018,4,no_public_source_found,未在当前已整理数据或本次低频公开检索中找到该期目录,
国际展望,2018,5,no_public_source_found,未在当前已整理数据或本次低频公开检索中找到该期目录,
国际展望,2018,6,no_public_source_found,未在当前已整理数据或本次低频公开检索中找到该期目录,
国际展望,2018,7,no_public_source_found,未在当前已整理数据或本次低频公开检索中找到该期目录,
国际展望,2018,8,no_public_source_found,未在当前已整理数据或本次低频公开检索中找到该期目录,
国际展望,2018,9,no_public_source_found,未在当前已整理数据或本次低频公开检索中找到该期目录,
国际展望,2018,10,no_public_source_found,未在当前已整理数据或本次低频公开检索中找到该期目录,
国际展望,2018,11,no_public_source_found,未在当前已整理数据或本次低频公开检索中找到该期目录,
国际展望,2018,12,no_public_source_found,未在当前已整理数据或本次低频公开检索中找到该期目录,
国际展望,2019,1,no_public_source_found,未在当前已整理数据或本次低频公开检索中找到该期目录,
国际展望,2019,2,no_public_source_found,未在当前已整理数据或本次低频公开检索中找到该期目录,
国际展望,2019,3,no_public_source_found,未在当前已整理数据或本次低频公开检索中找到该期目录,
国际展望,2019,4,no_public_source_found,未在当前已整理数据或本次低频公开检索中找到该期目录,
国际展望,2019,7,no_public_source_found,未在当前已整理数据或本次低频公开检索中找到该期目录,
国际展望,2019,8,no_public_source_found,未在当前已整理数据或本次低频公开检索中找到该期目录,
国际展望,2019,9,no_public_source_found,未在当前已整理数据或本次低频公开检索中找到该期目录,
国际展望,2019,10,no_public_source_found,未在当前已整理数据或本次低频公开检索中找到该期目录,
国际展望,2019,11,no_public_source_found,未在当前已整理数据或本次低频公开检索中找到该期目录,
国际展望,2019,12,no_public_source_found,未在当前已整理数据或本次低频公开检索中找到该期目录,
国际展望,2020,1,no_public_source_found,未在当前已整理数据或本次低频公开检索中找到该期目录,
国际展望,2020,3,no_public_source_found,未在当前已整理数据或本次低频公开检索中找到该期目录,
国际展望,2020,4,no_public_source_found,未在当前已整理数据或本次低频公开检索中找到该期目录,
国际展望,2020,5,no_public_source_found,未在当前已整理数据或本次低频公开检索中找到该期目录,
国际展望,2020,6,no_public_source_found,未在当前已整理数据或本次低频公开检索中找到该期目录,
国际展望,2020,7,no_public_source_found,未在当前已整理数据或本次低频公开检索中找到该期目录,
国际展望,2020,8,no_public_source_found,未在当前已整理数据或本次低频公开检索中找到该期目录,
国际展望,2020,9,no_public_source_found,未在当前已整理数据或本次低频公开检索中找到该期目录,
国际展望,2020,10,no_public_source_found,未在当前已整理数据或本次低频公开检索中找到该期目录,
国际展望,2020,11,no_public_source_found,未在当前已整理数据或本次低频公开检索中找到该期目录,
国际展望,2020,12,no_public_source_found,未在当前已整理数据或本次低频公开检索中找到该期目录,
国际展望,2021,1,no_public_source_found,未在当前已整理数据或本次低频公开检索中找到该期目录,
国际展望,2021,2,no_public_source_found,未在当前已整理数据或本次低频公开检索中找到该期目录,
国际展望,2021,3,no_public_source_found,未在当前已整理数据或本次低频公开检索中找到该期目录,
国际展望,2021,4,no_public_source_found,未在当前已整理数据或本次低频公开检索中找到该期目录,
国际展望,2021,5,no_public_source_found,未在当前已整理数据或本次低频公开检索中找到该期目录,
国际展望,2021,6,no_public_source_found,未在当前已整理数据或本次低频公开检索中找到该期目录,
国际展望,2021,7,no_public_source_found,未在当前已整理数据或本次低频公开检索中找到该期目录,
国际展望,2021,8,no_public_source_found,未在当前已整理数据或本次低频公开检索中找到该期目录,
国际展望,2021,9,no_public_source_found,未在当前已整理数据或本次低频公开检索中找到该期目录,
国际展望,2021,10,no_public_source_found,未在当前已整理数据或本次低频公开检索中找到该期目录,
国际展望,2021,11,no_public_source_found,未在当前已整理数据或本次低频公开检索中找到该期目录,
国际展望,2021,12,no_public_source_found,未在当前已整理数据或本次低频公开检索中找到该期目录,
国际展望,2022,1,no_public_source_found,未在当前已整理数据或本次低频公开检索中找到该期目录,
国际展望,2022,2,no_public_source_found,未在当前已整理数据或本次低频公开检索中找到该期目录,
国际展望,2022,3,no_public_source_found,未在当前已整理数据或本次低频公开检索中找到该期目录,
国际展望,2022,4,no_public_source_found,未在当前已整理数据或本次低频公开检索中找到该期目录,
国际展望,2022,5,no_public_source_found,未在当前已整理数据或本次低频公开检索中找到该期目录,
国际展望,2022,6,no_public_source_found,未在当前已整理数据或本次低频公开检索中找到该期目录,
国际展望,2022,7,no_public_source_found,未在当前已整理数据或本次低频公开检索中找到该期目录,
国际展望,2022,8,no_public_source_found,未在当前已整理数据或本次低频公开检索中找到该期目录,
国际展望,2022,9,no_public_source_found,未在当前已整理数据或本次低频公开检索中找到该期目录,
国际展望,2022,10,no_public_source_found,未在当前已整理数据或本次低频公开检索中找到该期目录,
国际展望,2022,11,no_public_source_found,未在当前已整理数据或本次低频公开检索中找到该期目录,
国际展望,2022,12,no_public_source_found,未在当前已整理数据或本次低频公开检索中找到该期目录,
国际展望,2023,1,no_public_source_found,未在当前已整理数据或本次低频公开检索中找到该期目录,
国际展望,2023,2,no_public_source_found,未在当前已整理数据或本次低频公开检索中找到该期目录,
国际展望,2023,3,no_public_source_found,未在当前已整理数据或本次低频公开检索中找到该期目录,
国际展望,2023,4,no_public_source_found,未在当前已整理数据或本次低频公开检索中找到该期目录,
国际展望,2023,5,no_public_source_found,未在当前已整理数据或本次低频公开检索中找到该期目录,
国际展望,2023,6,no_public_source_found,未在当前已整理数据或本次低频公开检索中找到该期目录,
国际展望,2023,7,no_public_source_found,未在当前已整理数据或本次低频公开检索中找到该期目录,
国际展望,2023,8,no_public_source_found,未在当前已整理数据或本次低频公开检索中找到该期目录,
国际展望,2023,9,no_public_source_found,未在当前已整理数据或本次低频公开检索中找到该期目录,
国际展望,2023,10,no_public_source_found,未在当前已整理数据或本次低频公开检索中找到该期目录,
国际展望,2023,11,no_public_source_found,未在当前已整理数据或本次低频公开检索中找到该期目录,
国际展望,2023,12,no_public_source_found,未在当前已整理数据或本次低频公开检索中找到该期目录,
国际展望,2024,1,no_public_source_found,未在当前已整理数据或本次低频公开检索中找到该期目录,
国际展望,2024,2,no_public_source_found,未在当前已整理数据或本次低频公开检索中找到该期目录,
国际展望,2024,3,no_public_source_found,未在当前已整理数据或本次低频公开检索中找到该期目录,
国际展望,2024,4,no_public_source_found,未在当前已整理数据或本次低频公开检索中找到该期目录,
国际展望,2024,5,no_public_source_found,未在当前已整理数据或本次低频公开检索中找到该期目录,
国际展望,2024,6,no_public_source_found,未在当前已整理数据或本次低频公开检索中找到该期目录,
国际展望,2024,7,no_public_source_found,未在当前已整理数据或本次低频公开检索中找到该期目录,
国际展望,2024,8,no_public_source_found,未在当前已整理数据或本次低频公开检索中找到该期目录,
国际展望,2024,9,no_public_source_found,未在当前已整理数据或本次低频公开检索中找到该期目录,
国际展望,2024,10,no_public_source_found,未在当前已整理数据或本次低频公开检索中找到该期目录,
国际展望,2024,11,no_public_source_found,未在当前已整理数据或本次低频公开检索中找到该期目录,
国际展望,2024,12,no_public_source_found,未在当前已整理数据或本次低频公开检索中找到该期目录,
国际展望,2025,1,no_public_source_found,未在当前已整理数据或本次低频公开检索中找到该期目录,
国际展望,2025,2,no_public_source_found,未在当前已整理数据或本次低频公开检索中找到该期目录,
国际展望,2025,3,no_public_source_found,未在当前已整理数据或本次低频公开检索中找到该期目录,
国际展望,2025,4,no_public_source_found,未在当前已整理数据或本次低频公开检索中找到该期目录,
国际展望,2025,5,no_public_source_found,未在当前已整理数据或本次低频公开检索中找到该期目录,
国际展望,2025,6,no_public_source_found,未在当前已整理数据或本次低频公开检索中找到该期目录,
国际展望,2025,7,no_public_source_found,未在当前已整理数据或本次低频公开检索中找到该期目录,
国际展望,2025,8,no_public_source_found,未在当前已整理数据或本次低频公开检索中找到该期目录,
国际展望,2025,9,no_public_source_found,未在当前已整理数据或本次低频公开检索中找到该期目录,
国际展望,2025,10,no_public_source_found,未在当前已整理数据或本次低频公开检索中找到该期目录,
国际展望,2025,11,no_public_source_found,未在当前已整理数据或本次低频公开检索中找到该期目录,
国际展望,2025,12,no_public_source_found,未在当前已整理数据或本次低频公开检索中找到该期目录,
国际展望,2026,3,issue_found_missing_abstract,已找到题名或目录记录，但暂无公开摘要,https://www.cqvip.com/doc/journal/7202997746
国际展望,2026,3,issue_found_missing_abstract,已找到题名或目录记录，但暂无公开摘要,https://www.cqvip.com/doc/journal/7202997751
国际展望,2026,3,issue_found_missing_abstract,已找到题名或目录记录，但暂无公开摘要,https://www.cqvip.com/doc/journal/7202997752
国际展望,2026,3,issue_found_missing_abstract,已找到题名或目录记录，但暂无公开摘要,https://www.cqvip.com/doc/journal/7202997747
国际展望,2026,3,issue_found_missing_abstract,已找到题名或目录记录，但暂无公开摘要,https://www.cqvip.com/doc/journal/7202997748
国际展望,2026,3,issue_found_missing_abstract,已找到题名或目录记录，但暂无公开摘要,https://www.cqvip.com/doc/journal/7202997749
国际展望,2026,3,issue_found_missing_abstract,已找到题名或目录记录，但暂无公开摘要,https://www.cqvip.com/doc/journal/7202997750
国际展望,2026,3,issue_found_missing_abstract,已找到题名或目录记录，但暂无公开摘要,https://www.cqvip.com/doc/journal/7202997753
国际展望,2026,3,found_title_missing_metadata,已找到题名，但作者、页码或链接字段仍不完整,https://www.cqvip.com/doc/journal/7202997753
国际观察,1980,1,no_public_source_found,未在当前已整理数据或本次低频公开检索中找到该期目录,
国际观察,1980,2,no_public_source_found,未在当前已整理数据或本次低频公开检索中找到该期目录,
国际观察,1980,3,no_public_source_found,未在当前已整理数据或本次低频公开检索中找到该期目录,
国际观察,1980,5,no_public_source_found,未在当前已整理数据或本次低频公开检索中找到该期目录,
国际观察,1980,6,no_public_source_found,未在当前已整理数据或本次低频公开检索中找到该期目录,
国际观察,1981,2,no_public_source_found,未在当前已整理数据或本次低频公开检索中找到该期目录,
国际观察,1981,3,no_public_source_found,未在当前已整理数据或本次低频公开检索中找到该期目录,
国际观察,1981,4,no_public_source_found,未在当前已整理数据或本次低频公开检索中找到该期目录,
国际观察,1981,5,no_public_source_found,未在当前已整理数据或本次低频公开检索中找到该期目录,
国际观察,1981,6,no_public_source_found,未在当前已整理数据或本次低频公开检索中找到该期目录,
国际观察,1982,2,no_public_source_found,未在当前已整理数据或本次低频公开检索中找到该期目录,
国际观察,1982,3,no_public_source_found,未在当前已整理数据或本次低频公开检索中找到该期目录,
国际观察,1982,4,no_public_source_found,未在当前已整理数据或本次低频公开检索中找到该期目录,
国际观察,1982,5,no_public_source_found,未在当前已整理数据或本次低频公开检索中找到该期目录,
国际观察,1982,6,no_public_source_found,未在当前已整理数据或本次低频公开检索中找到该期目录,
国际观察,1983,1,no_public_source_found,未在当前已整理数据或本次低频公开检索中找到该期目录,
国际观察,1983,2,no_public_source_found,未在当前已整理数据或本次低频公开检索中找到该期目录,
国际观察,1983,3,no_public_source_found,未在当前已整理数据或本次低频公开检索中找到该期目录,
国际观察,1983,4,no_public_source_found,未在当前已整理数据或本次低频公开检索中找到该期目录,
国际观察,1983,5,no_public_source_found,未在当前已整理数据或本次低频公开检索中找到该期目录,
国际观察,1983,6,no_public_source_found,未在当前已整理数据或本次低频公开检索中找到该期目录,
国际观察,1984,2,no_public_source_found,未在当前已整理数据或本次低频公开检索中找到该期目录,
国际观察,1984,5,no_public_source_found,未在当前已整理数据或本次低频公开检索中找到该期目录,
国际观察,1984,6,no_public_source_found,未在当前已整理数据或本次低频公开检索中找到该期目录,
国际观察,1985,5,no_public_source_found,未在当前已整理数据或本次低频公开检索中找到该期目录,
国际观察,1985,6,no_public_source_found,未在当前已整理数据或本次低频公开检索中找到该期目录,
国际观察,1986,3,no_public_source_found,未在当前已整理数据或本次低频公开检索中找到该期目录,
国际观察,1986,5,no_public_source_found,未在当前已整理数据或本次低频公开检索中找到该期目录,
国际观察,1986,6,no_public_source_found,未在当前已整理数据或本次低频公开检索中找到该期目录,
国际观察,1987,3,no_public_source_found,未在当前已整理数据或本次低频公开检索中找到该期目录,
国际观察,1987,4,no_public_source_found,未在当前已整理数据或本次低频公开检索中找到该期目录,
国际观察,1987,5,no_public_source_found,未在当前已整理数据或本次低频公开检索中找到该期目录,
国际观察,1988,1,no_public_source_found,未在当前已整理数据或本次低频公开检索中找到该期目录,
国际观察,1988,2,no_public_source_found,未在当前已整理数据或本次低频公开检索中找到该期目录,
国际观察,1989,5,no_public_source_found,未在当前已整理数据或本次低频公开检索中找到该期目录,
国际观察,1989,6,no_public_source_found,未在当前已整理数据或本次低频公开检索中找到该期目录,
国际观察,1990,1,no_public_source_found,未在当前已整理数据或本次低频公开检索中找到该期目录,
国际观察,1990,2,no_public_source_found,未在当前已整理数据或本次低频公开检索中找到该期目录,
国际观察,1990,4,no_public_source_found,未在当前已整理数据或本次低频公开检索中找到该期目录,
国际观察,1990,5,no_public_source_found,未在当前已整理数据或本次低频公开检索中找到该期目录,
国际观察,1990,6,no_public_source_found,未在当前已整理数据或本次低频公开检索中找到该期目录,
国际观察,1991,1,no_public_source_found,未在当前已整理数据或本次低频公开检索中找到该期目录,
国际观察,1991,2,no_public_source_found,未在当前已整理数据或本次低频公开检索中找到该期目录,
国际观察,1991,3,no_public_source_found,未在当前已整理数据或本次低频公开检索中找到该期目录,
国际观察,1991,4,no_public_source_found,未在当前已整理数据或本次低频公开检索中找到该期目录,
国际观察,1991,5,no_public_source_found,未在当前已整理数据或本次低频公开检索中找到该期目录,
国际观察,1991,6,no_public_source_found,未在当前已整理数据或本次低频公开检索中找到该期目录,
国际观察,1992,1,no_public_source_found,未在当前已整理数据或本次低频公开检索中找到该期目录,
国际观察,1992,2,no_public_source_found,未在当前已整理数据或本次低频公开检索中找到该期目录,
国际观察,1992,3,no_public_source_found,未在当前已整理数据或本次低频公开检索中找到该期目录,
国际观察,1992,4,no_public_source_found,未在当前已整理数据或本次低频公开检索中找到该期目录,
国际观察,1992,5,no_public_source_found,未在当前已整理数据或本次低频公开检索中找到该期目录,
国际观察,1992,6,no_public_source_found,未在当前已整理数据或本次低频公开检索中找到该期目录,
国际观察,1993,2,no_public_source_found,未在当前已整理数据或本次低频公开检索中找到该期目录,
国际观察,1993,3,no_public_source_found,未在当前已整理数据或本次低频公开检索中找到该期目录,
国际观察,1993,4,no_public_source_found,未在当前已整理数据或本次低频公开检索中找到该期目录,
国际观察,1995,2,no_public_source_found,未在当前已整理数据或本次低频公开检索中找到该期目录,
国际观察,1995,3,no_public_source_found,未在当前已整理数据或本次低频公开检索中找到该期目录,
国际观察,1996,4,no_public_source_found,未在当前已整理数据或本次低频公开检索中找到该期目录,
国际观察,1997,4,no_public_source_found,未在当前已整理数据或本次低频公开检索中找到该期目录,
国际观察,1998,2,no_public_source_found,未在当前已整理数据或本次低频公开检索中找到该期目录,
国际观察,1998,3,no_public_source_found,未在当前已整理数据或本次低频公开检索中找到该期目录,
国际观察,1998,5,no_public_source_found,未在当前已整理数据或本次低频公开检索中找到该期目录,
国际观察,1999,1,no_public_source_found,未在当前已整理数据或本次低频公开检索中找到该期目录,
国际观察,1999,3,no_public_source_found,未在当前已整理数据或本次低频公开检索中找到该期目录,
国际观察,1999,5,no_public_source_found,未在当前已整理数据或本次低频公开检索中找到该期目录,
国际观察,2000,1,no_public_source_found,未在当前已整理数据或本次低频公开检索中找到该期目录,
国际观察,2000,4,no_public_source_found,未在当前已整理数据或本次低频公开检索中找到该期目录,
国际观察,2001,1,no_public_source_found,未在当前已整理数据或本次低频公开检索中找到该期目录,
国际观察,2001,2,no_public_source_found,未在当前已整理数据或本次低频公开检索中找到该期目录,
国际观察,2004,1,no_public_source_found,未在当前已整理数据或本次低频公开检索中找到该期目录,
国际观察,2004,6,no_public_source_found,未在当前已整理数据或本次低频公开检索中找到该期目录,
国际观察,2005,6,no_public_source_found,未在当前已整理数据或本次低频公开检索中找到该期目录,
国际观察,2006,3,no_public_source_found,未在当前已整理数据或本次低频公开检索中找到该期目录,
国际观察,2007,2,no_public_source_found,未在当前已整理数据或本次低频公开检索中找到该期目录,
国际观察,2007,3,no_public_source_found,未在当前已整理数据或本次低频公开检索中找到该期目录,
国际观察,2009,2,no_public_source_found,未在当前已整理数据或本次低频公开检索中找到该期目录,
国际观察,2009,4,no_public_source_found,未在当前已整理数据或本次低频公开检索中找到该期目录,
国际观察,2010,5,no_public_source_found,未在当前已整理数据或本次低频公开检索中找到该期目录,
国际观察,2010,6,no_public_source_found,未在当前已整理数据或本次低频公开检索中找到该期目录,
国际观察,2011,5,no_public_source_found,未在当前已整理数据或本次低频公开检索中找到该期目录,
国际观察,2011,6,no_public_source_found,未在当前已整理数据或本次低频公开检索中找到该期目录,
国际观察,2012,3,no_public_source_found,未在当前已整理数据或本次低频公开检索中找到该期目录,
国际观察,2012,5,no_public_source_found,未在当前已整理数据或本次低频公开检索中找到该期目录,
国际观察,2013,2,no_public_source_found,未在当前已整理数据或本次低频公开检索中找到该期目录,
国际观察,2016,4,no_public_source_found,未在当前已整理数据或本次低频公开检索中找到该期目录,
国际观察,2016,6,no_public_source_found,未在当前已整理数据或本次低频公开检索中找到该期目录,
国际观察,2017,2,no_public_source_found,未在当前已整理数据或本次低频公开检索中找到该期目录,
国际观察,2017,3,no_public_source_found,未在当前已整理数据或本次低频公开检索中找到该期目录,
国际观察,2017,4,no_public_source_found,未在当前已整理数据或本次低频公开检索中找到该期目录,
国际观察,2018,3,no_public_source_found,未在当前已整理数据或本次低频公开检索中找到该期目录,
国际观察,2018,4,no_public_source_found,未在当前已整理数据或本次低频公开检索中找到该期目录,
国际观察,2018,5,no_public_source_found,未在当前已整理数据或本次低频公开检索中找到该期目录,
国际观察,2018,6,no_public_source_found,未在当前已整理数据或本次低频公开检索中找到该期目录,
国际观察,2019,1,no_public_source_found,未在当前已整理数据或本次低频公开检索中找到该期目录,
国际观察,2019,2,no_public_source_found,未在当前已整理数据或本次低频公开检索中找到该期目录,
国际观察,2019,3,no_public_source_found,未在当前已整理数据或本次低频公开检索中找到该期目录,
国际观察,2019,4,no_public_source_found,未在当前已整理数据或本次低频公开检索中找到该期目录,
国际观察,2019,5,no_public_source_found,未在当前已整理数据或本次低频公开检索中找到该期目录,
国际观察,2019,6,no_public_source_found,未在当前已整理数据或本次低频公开检索中找到该期目录,
国际观察,2020,1,no_public_source_found,未在当前已整理数据或本次低频公开检索中找到该期目录,
国际观察,2020,2,no_public_source_found,未在当前已整理数据或本次低频公开检索中找到该期目录,
国际观察,2020,3,no_public_source_found,未在当前已整理数据或本次低频公开检索中找到该期目录,
国际观察,2020,4,no_public_source_found,未在当前已整理数据或本次低频公开检索中找到该期目录,
国际观察,2020,5,no_public_source_found,未在当前已整理数据或本次低频公开检索中找到该期目录,
国际观察,2020,6,no_public_source_found,未在当前已整理数据或本次低频公开检索中找到该期目录,
国际观察,2021,1,no_public_source_found,未在当前已整理数据或本次低频公开检索中找到该期目录,
国际观察,2021,2,no_public_source_found,未在当前已整理数据或本次低频公开检索中找到该期目录,
国际观察,2021,3,no_public_source_found,未在当前已整理数据或本次低频公开检索中找到该期目录,
国际观察,2021,4,no_public_source_found,未在当前已整理数据或本次低频公开检索中找到该期目录,
国际观察,2021,5,no_public_source_found,未在当前已整理数据或本次低频公开检索中找到该期目录,
国际观察,2021,6,no_public_source_found,未在当前已整理数据或本次低频公开检索中找到该期目录,
国际观察,2022,1,no_public_source_found,未在当前已整理数据或本次低频公开检索中找到该期目录,
国际观察,2022,2,no_public_source_found,未在当前已整理数据或本次低频公开检索中找到该期目录,
国际观察,2022,3,no_public_source_found,未在当前已整理数据或本次低频公开检索中找到该期目录,
国际观察,2022,4,no_public_source_found,未在当前已整理数据或本次低频公开检索中找到该期目录,
国际观察,2022,5,no_public_source_found,未在当前已整理数据或本次低频公开检索中找到该期目录,
国际观察,2022,6,no_public_source_found,未在当前已整理数据或本次低频公开检索中找到该期目录,
国际观察,2023,1,no_public_source_found,未在当前已整理数据或本次低频公开检索中找到该期目录,
国际观察,2023,2,no_public_source_found,未在当前已整理数据或本次低频公开检索中找到该期目录,
国际观察,2023,3,no_public_source_found,未在当前已整理数据或本次低频公开检索中找到该期目录,
国际观察,2023,4,no_public_source_found,未在当前已整理数据或本次低频公开检索中找到该期目录,
国际观察,2023,5,no_public_source_found,未在当前已整理数据或本次低频公开检索中找到该期目录,
国际观察,2023,6,no_public_source_found,未在当前已整理数据或本次低频公开检索中找到该期目录,
国际观察,2024,1,no_public_source_found,未在当前已整理数据或本次低频公开检索中找到该期目录,
国际观察,2024,2,no_public_source_found,未在当前已整理数据或本次低频公开检索中找到该期目录,
国际观察,2024,3,no_public_source_found,未在当前已整理数据或本次低频公开检索中找到该期目录,
国际观察,2024,4,no_public_source_found,未在当前已整理数据或本次低频公开检索中找到该期目录,
国际观察,2024,5,no_public_source_found,未在当前已整理数据或本次低频公开检索中找到该期目录,
国际观察,2024,6,no_public_source_found,未在当前已整理数据或本次低频公开检索中找到该期目录,
国际观察,2025,1,no_public_source_found,未在当前已整理数据或本次低频公开检索中找到该期目录,
国际观察,2025,2,no_public_source_found,未在当前已整理数据或本次低频公开检索中找到该期目录,
国际观察,2025,3,no_public_source_found,未在当前已整理数据或本次低频公开检索中找到该期目录,
国际观察,2025,4,no_public_source_found,未在当前已整理数据或本次低频公开检索中找到该期目录,
国际观察,2025,5,no_public_source_found,未在当前已整理数据或本次低频公开检索中找到该期目录,
国际观察,2025,6,no_public_source_found,未在当前已整理数据或本次低频公开检索中找到该期目录,
国际观察,2026,1,issue_found_missing_abstract,已找到题名或目录记录，但暂无公开摘要,https://www.cqvip.com/doc/journal/7203021538
国际观察,2026,1,issue_found_missing_abstract,已找到题名或目录记录，但暂无公开摘要,https://www.cqvip.com/doc/journal/7203021542
国际观察,2026,1,issue_found_missing_abstract,已找到题名或目录记录，但暂无公开摘要,https://www.cqvip.com/doc/journal/7203021539
国际观察,2026,1,issue_found_missing_abstract,已找到题名或目录记录，但暂无公开摘要,https://www.cqvip.com/doc/journal/7203021540
国际观察,2026,1,issue_found_missing_abstract,已找到题名或目录记录，但暂无公开摘要,https://www.cqvip.com/doc/journal/7203021541
国际观察,2026,1,issue_found_missing_abstract,已找到题名或目录记录，但暂无公开摘要,https://www.cqvip.com/doc/journal/7203021537
国际观察,2026,1,found_title_missing_metadata,已找到题名，但作者、页码或链接字段仍不完整,https://www.cqvip.com/doc/journal/7203021537
国际观察,2026,1,issue_found_missing_abstract,已找到题名或目录记录，但暂无公开摘要,https://www.cqvip.com/doc/journal/7203021543
国际观察,2026,1,found_title_missing_metadata,已找到题名，但作者、页码或链接字段仍不完整,https://www.cqvip.com/doc/journal/7203021543
国际观察,2026,1,issue_found_missing_abstract,已找到题名或目录记录，但暂无公开摘要,https://www.cqvip.com/doc/journal/7203021544
国际观察,2026,1,found_title_missing_metadata,已找到题名，但作者、页码或链接字段仍不完整,https://www.cqvip.com/doc/journal/7203021544
国际论坛,2019,1,no_public_source_found,未在当前已整理数据或本次低频公开检索中找到该期目录,
国际论坛,2019,2,no_public_source_found,未在当前已整理数据或本次低频公开检索中找到该期目录,
国际论坛,2019,3,no_public_source_found,未在当前已整理数据或本次低频公开检索中找到该期目录,
国际论坛,2021,1,no_public_source_found,未在当前已整理数据或本次低频公开检索中找到该期目录,
国际论坛,2021,2,no_public_source_found,未在当前已整理数据或本次低频公开检索中找到该期目录,
国际论坛,2021,3,no_public_source_found,未在当前已整理数据或本次低频公开检索中找到该期目录,
国际论坛,2021,4,no_public_source_found,未在当前已整理数据或本次低频公开检索中找到该期目录,
国际论坛,2022,1,no_public_source_found,未在当前已整理数据或本次低频公开检索中找到该期目录,
国际论坛,2022,2,no_public_source_found,未在当前已整理数据或本次低频公开检索中找到该期目录,
国际论坛,2022,3,no_public_source_found,未在当前已整理数据或本次低频公开检索中找到该期目录,
国际论坛,2022,4,no_public_source_found,未在当前已整理数据或本次低频公开检索中找到该期目录,
国际论坛,2023,1,no_public_source_found,未在当前已整理数据或本次低频公开检索中找到该期目录,
国际论坛,2023,2,no_public_source_found,未在当前已整理数据或本次低频公开检索中找到该期目录,
国际论坛,2023,3,no_public_source_found,未在当前已整理数据或本次低频公开检索中找到该期目录,
国际论坛,2023,4,no_public_source_found,未在当前已整理数据或本次低频公开检索中找到该期目录,
国际论坛,2024,1,no_public_source_found,未在当前已整理数据或本次低频公开检索中找到该期目录,
国际论坛,2024,2,no_public_source_found,未在当前已整理数据或本次低频公开检索中找到该期目录,
国际论坛,2024,3,no_public_source_found,未在当前已整理数据或本次低频公开检索中找到该期目录,
国际论坛,2024,4,no_public_source_found,未在当前已整理数据或本次低频公开检索中找到该期目录,
国际论坛,2025,1,no_public_source_found,未在当前已整理数据或本次低频公开检索中找到该期目录,
国际论坛,2025,2,no_public_source_found,未在当前已整理数据或本次低频公开检索中找到该期目录,
国际论坛,2026,,no_public_source_found,2026 年尚未在当前公开来源中检索到期次,
现代国际关系,1998,2,no_public_source_found,未在当前已整理数据或本次低频公开检索中找到该期目录,
现代国际关系,1998,11,no_public_source_found,未在当前已整理数据或本次低频公开检索中找到该期目录,
现代国际关系,2001,2,no_public_source_found,未在当前已整理数据或本次低频公开检索中找到该期目录,
现代国际关系,2001,3,no_public_source_found,未在当前已整理数据或本次低频公开检索中找到该期目录,
现代国际关系,2001,4,no_public_source_found,未在当前已整理数据或本次低频公开检索中找到该期目录,
现代国际关系,2001,5,no_public_source_found,未在当前已整理数据或本次低频公开检索中找到该期目录,
现代国际关系,2001,6,no_public_source_found,未在当前已整理数据或本次低频公开检索中找到该期目录,
现代国际关系,2001,7,no_public_source_found,未在当前已整理数据或本次低频公开检索中找到该期目录,
现代国际关系,2001,8,no_public_source_found,未在当前已整理数据或本次低频公开检索中找到该期目录,
现代国际关系,2001,9,no_public_source_found,未在当前已整理数据或本次低频公开检索中找到该期目录,
现代国际关系,2001,10,no_public_source_found,未在当前已整理数据或本次低频公开检索中找到该期目录,
现代国际关系,2001,11,no_public_source_found,未在当前已整理数据或本次低频公开检索中找到该期目录,
现代国际关系,2001,12,no_public_source_found,未在当前已整理数据或本次低频公开检索中找到该期目录,
现代国际关系,2002,1,no_public_source_found,未在当前已整理数据或本次低频公开检索中找到该期目录,
现代国际关系,2002,2,no_public_source_found,未在当前已整理数据或本次低频公开检索中找到该期目录,
现代国际关系,2002,3,no_public_source_found,未在当前已整理数据或本次低频公开检索中找到该期目录,
现代国际关系,2002,4,no_public_source_found,未在当前已整理数据或本次低频公开检索中找到该期目录,
现代国际关系,2002,5,no_public_source_found,未在当前已整理数据或本次低频公开检索中找到该期目录,
现代国际关系,2002,6,no_public_source_found,未在当前已整理数据或本次低频公开检索中找到该期目录,
现代国际关系,2002,7,no_public_source_found,未在当前已整理数据或本次低频公开检索中找到该期目录,
现代国际关系,2002,8,no_public_source_found,未在当前已整理数据或本次低频公开检索中找到该期目录,
现代国际关系,2002,9,no_public_source_found,未在当前已整理数据或本次低频公开检索中找到该期目录,
现代国际关系,2002,10,no_public_source_found,未在当前已整理数据或本次低频公开检索中找到该期目录,
现代国际关系,2002,11,no_public_source_found,未在当前已整理数据或本次低频公开检索中找到该期目录,
现代国际关系,2002,12,no_public_source_found,未在当前已整理数据或本次低频公开检索中找到该期目录,
现代国际关系,2003,1,no_public_source_found,未在当前已整理数据或本次低频公开检索中找到该期目录,
现代国际关系,2003,2,no_public_source_found,未在当前已整理数据或本次低频公开检索中找到该期目录,
现代国际关系,2003,3,no_public_source_found,未在当前已整理数据或本次低频公开检索中找到该期目录,
现代国际关系,2003,4,no_public_source_found,未在当前已整理数据或本次低频公开检索中找到该期目录,
现代国际关系,2003,5,no_public_source_found,未在当前已整理数据或本次低频公开检索中找到该期目录,
现代国际关系,2003,6,no_public_source_found,未在当前已整理数据或本次低频公开检索中找到该期目录,
现代国际关系,2003,7,no_public_source_found,未在当前已整理数据或本次低频公开检索中找到该期目录,
现代国际关系,2003,8,no_public_source_found,未在当前已整理数据或本次低频公开检索中找到该期目录,
现代国际关系,2003,9,no_public_source_found,未在当前已整理数据或本次低频公开检索中找到该期目录,
现代国际关系,2003,10,no_public_source_found,未在当前已整理数据或本次低频公开检索中找到该期目录,
现代国际关系,2003,11,no_public_source_found,未在当前已整理数据或本次低频公开检索中找到该期目录,
现代国际关系,2003,12,no_public_source_found,未在当前已整理数据或本次低频公开检索中找到该期目录,
现代国际关系,2004,1,no_public_source_found,未在当前已整理数据或本次低频公开检索中找到该期目录,
现代国际关系,2004,5,no_public_source_found,未在当前已整理数据或本次低频公开检索中找到该期目录,
现代国际关系,2004,9,no_public_source_found,未在当前已整理数据或本次低频公开检索中找到该期目录,
现代国际关系,2005,1,no_public_source_found,未在当前已整理数据或本次低频公开检索中找到该期目录,
现代国际关系,2006,8,no_public_source_found,未在当前已整理数据或本次低频公开检索中找到该期目录,
现代国际关系,2007,7,no_public_source_found,未在当前已整理数据或本次低频公开检索中找到该期目录,
现代国际关系,2007,8,no_public_source_found,未在当前已整理数据或本次低频公开检索中找到该期目录,
现代国际关系,2007,9,no_public_source_found,未在当前已整理数据或本次低频公开检索中找到该期目录,
现代国际关系,2007,10,no_public_source_found,未在当前已整理数据或本次低频公开检索中找到该期目录,
现代国际关系,2007,11,no_public_source_found,未在当前已整理数据或本次低频公开检索中找到该期目录,
现代国际关系,2007,12,no_public_source_found,未在当前已整理数据或本次低频公开检索中找到该期目录,
现代国际关系,2008,7,no_public_source_found,未在当前已整理数据或本次低频公开检索中找到该期目录,
现代国际关系,2008,8,no_public_source_found,未在当前已整理数据或本次低频公开检索中找到该期目录,
现代国际关系,2008,9,no_public_source_found,未在当前已整理数据或本次低频公开检索中找到该期目录,
现代国际关系,2008,10,no_public_source_found,未在当前已整理数据或本次低频公开检索中找到该期目录,
现代国际关系,2008,11,no_public_source_found,未在当前已整理数据或本次低频公开检索中找到该期目录,
现代国际关系,2008,12,no_public_source_found,未在当前已整理数据或本次低频公开检索中找到该期目录,
现代国际关系,2009,7,no_public_source_found,未在当前已整理数据或本次低频公开检索中找到该期目录,
现代国际关系,2009,8,no_public_source_found,未在当前已整理数据或本次低频公开检索中找到该期目录,
现代国际关系,2009,9,no_public_source_found,未在当前已整理数据或本次低频公开检索中找到该期目录,
现代国际关系,2009,10,no_public_source_found,未在当前已整理数据或本次低频公开检索中找到该期目录,
现代国际关系,2009,11,no_public_source_found,未在当前已整理数据或本次低频公开检索中找到该期目录,
现代国际关系,2009,12,no_public_source_found,未在当前已整理数据或本次低频公开检索中找到该期目录,
现代国际关系,2010,7,no_public_source_found,未在当前已整理数据或本次低频公开检索中找到该期目录,
现代国际关系,2010,8,no_public_source_found,未在当前已整理数据或本次低频公开检索中找到该期目录,
现代国际关系,2010,9,no_public_source_found,未在当前已整理数据或本次低频公开检索中找到该期目录,
现代国际关系,2010,10,no_public_source_found,未在当前已整理数据或本次低频公开检索中找到该期目录,
现代国际关系,2010,11,no_public_source_found,未在当前已整理数据或本次低频公开检索中找到该期目录,
现代国际关系,2010,12,no_public_source_found,未在当前已整理数据或本次低频公开检索中找到该期目录,
现代国际关系,2011,7,no_public_source_found,未在当前已整理数据或本次低频公开检索中找到该期目录,
现代国际关系,2011,8,no_public_source_found,未在当前已整理数据或本次低频公开检索中找到该期目录,
现代国际关系,2011,9,no_public_source_found,未在当前已整理数据或本次低频公开检索中找到该期目录,
现代国际关系,2011,10,no_public_source_found,未在当前已整理数据或本次低频公开检索中找到该期目录,
现代国际关系,2011,11,no_public_source_found,未在当前已整理数据或本次低频公开检索中找到该期目录,
现代国际关系,2011,12,no_public_source_found,未在当前已整理数据或本次低频公开检索中找到该期目录,
现代国际关系,2012,7,no_public_source_found,未在当前已整理数据或本次低频公开检索中找到该期目录,
现代国际关系,2012,8,no_public_source_found,未在当前已整理数据或本次低频公开检索中找到该期目录,
现代国际关系,2012,9,no_public_source_found,未在当前已整理数据或本次低频公开检索中找到该期目录,
现代国际关系,2012,10,no_public_source_found,未在当前已整理数据或本次低频公开检索中找到该期目录,
现代国际关系,2012,11,no_public_source_found,未在当前已整理数据或本次低频公开检索中找到该期目录,
现代国际关系,2012,12,no_public_source_found,未在当前已整理数据或本次低频公开检索中找到该期目录,
现代国际关系,2013,7,no_public_source_found,未在当前已整理数据或本次低频公开检索中找到该期目录,
现代国际关系,2013,8,no_public_source_found,未在当前已整理数据或本次低频公开检索中找到该期目录,
现代国际关系,2013,9,no_public_source_found,未在当前已整理数据或本次低频公开检索中找到该期目录,
现代国际关系,2013,10,no_public_source_found,未在当前已整理数据或本次低频公开检索中找到该期目录,
现代国际关系,2013,11,no_public_source_found,未在当前已整理数据或本次低频公开检索中找到该期目录,
现代国际关系,2013,12,no_public_source_found,未在当前已整理数据或本次低频公开检索中找到该期目录,
现代国际关系,2014,7,no_public_source_found,未在当前已整理数据或本次低频公开检索中找到该期目录,
现代国际关系,2014,8,no_public_source_found,未在当前已整理数据或本次低频公开检索中找到该期目录,
现代国际关系,2014,9,no_public_source_found,未在当前已整理数据或本次低频公开检索中找到该期目录,
现代国际关系,2014,10,no_public_source_found,未在当前已整理数据或本次低频公开检索中找到该期目录,
现代国际关系,2014,11,no_public_source_found,未在当前已整理数据或本次低频公开检索中找到该期目录,
现代国际关系,2014,12,no_public_source_found,未在当前已整理数据或本次低频公开检索中找到该期目录,
现代国际关系,2015,7,no_public_source_found,未在当前已整理数据或本次低频公开检索中找到该期目录,
现代国际关系,2015,8,no_public_source_found,未在当前已整理数据或本次低频公开检索中找到该期目录,
现代国际关系,2015,9,no_public_source_found,未在当前已整理数据或本次低频公开检索中找到该期目录,
现代国际关系,2015,10,no_public_source_found,未在当前已整理数据或本次低频公开检索中找到该期目录,
现代国际关系,2015,11,no_public_source_found,未在当前已整理数据或本次低频公开检索中找到该期目录,
现代国际关系,2015,12,no_public_source_found,未在当前已整理数据或本次低频公开检索中找到该期目录,
现代国际关系,2016,3,no_public_source_found,未在当前已整理数据或本次低频公开检索中找到该期目录,
现代国际关系,2016,7,no_public_source_found,未在当前已整理数据或本次低频公开检索中找到该期目录,
现代国际关系,2016,8,no_public_source_found,未在当前已整理数据或本次低频公开检索中找到该期目录,
现代国际关系,2016,9,no_public_source_found,未在当前已整理数据或本次低频公开检索中找到该期目录,
现代国际关系,2016,10,no_public_source_found,未在当前已整理数据或本次低频公开检索中找到该期目录,
现代国际关系,2016,11,no_public_source_found,未在当前已整理数据或本次低频公开检索中找到该期目录,
现代国际关系,2016,12,no_public_source_found,未在当前已整理数据或本次低频公开检索中找到该期目录,
现代国际关系,2017,1,no_public_source_found,未在当前已整理数据或本次低频公开检索中找到该期目录,
现代国际关系,2017,2,no_public_source_found,未在当前已整理数据或本次低频公开检索中找到该期目录,
现代国际关系,2017,4,no_public_source_found,未在当前已整理数据或本次低频公开检索中找到该期目录,
现代国际关系,2017,5,no_public_source_found,未在当前已整理数据或本次低频公开检索中找到该期目录,
现代国际关系,2017,7,no_public_source_found,未在当前已整理数据或本次低频公开检索中找到该期目录,
现代国际关系,2017,8,no_public_source_found,未在当前已整理数据或本次低频公开检索中找到该期目录,
现代国际关系,2017,9,no_public_source_found,未在当前已整理数据或本次低频公开检索中找到该期目录,
现代国际关系,2017,10,no_public_source_found,未在当前已整理数据或本次低频公开检索中找到该期目录,
现代国际关系,2017,11,no_public_source_found,未在当前已整理数据或本次低频公开检索中找到该期目录,
现代国际关系,2017,12,no_public_source_found,未在当前已整理数据或本次低频公开检索中找到该期目录,
现代国际关系,2018,1,no_public_source_found,未在当前已整理数据或本次低频公开检索中找到该期目录,
现代国际关系,2018,2,no_public_source_found,未在当前已整理数据或本次低频公开检索中找到该期目录,
现代国际关系,2018,3,no_public_source_found,未在当前已整理数据或本次低频公开检索中找到该期目录,
现代国际关系,2018,4,no_public_source_found,未在当前已整理数据或本次低频公开检索中找到该期目录,
现代国际关系,2018,5,no_public_source_found,未在当前已整理数据或本次低频公开检索中找到该期目录,
现代国际关系,2018,6,no_public_source_found,未在当前已整理数据或本次低频公开检索中找到该期目录,
现代国际关系,2018,7,no_public_source_found,未在当前已整理数据或本次低频公开检索中找到该期目录,
现代国际关系,2018,8,no_public_source_found,未在当前已整理数据或本次低频公开检索中找到该期目录,
现代国际关系,2018,9,no_public_source_found,未在当前已整理数据或本次低频公开检索中找到该期目录,
现代国际关系,2018,10,no_public_source_found,未在当前已整理数据或本次低频公开检索中找到该期目录,
现代国际关系,2018,11,no_public_source_found,未在当前已整理数据或本次低频公开检索中找到该期目录,
现代国际关系,2018,12,no_public_source_found,未在当前已整理数据或本次低频公开检索中找到该期目录,
现代国际关系,2019,1,no_public_source_found,未在当前已整理数据或本次低频公开检索中找到该期目录,
现代国际关系,2019,2,no_public_source_found,未在当前已整理数据或本次低频公开检索中找到该期目录,
现代国际关系,2019,3,no_public_source_found,未在当前已整理数据或本次低频公开检索中找到该期目录,
现代国际关系,2019,4,no_public_source_found,未在当前已整理数据或本次低频公开检索中找到该期目录,
现代国际关系,2019,5,no_public_source_found,未在当前已整理数据或本次低频公开检索中找到该期目录,
现代国际关系,2019,6,no_public_source_found,未在当前已整理数据或本次低频公开检索中找到该期目录,
现代国际关系,2019,7,no_public_source_found,未在当前已整理数据或本次低频公开检索中找到该期目录,
现代国际关系,2019,8,no_public_source_found,未在当前已整理数据或本次低频公开检索中找到该期目录,
现代国际关系,2019,9,no_public_source_found,未在当前已整理数据或本次低频公开检索中找到该期目录,
现代国际关系,2019,10,no_public_source_found,未在当前已整理数据或本次低频公开检索中找到该期目录,
现代国际关系,2019,11,no_public_source_found,未在当前已整理数据或本次低频公开检索中找到该期目录,
现代国际关系,2019,12,no_public_source_found,未在当前已整理数据或本次低频公开检索中找到该期目录,
现代国际关系,2020,1,no_public_source_found,未在当前已整理数据或本次低频公开检索中找到该期目录,
现代国际关系,2020,2,no_public_source_found,未在当前已整理数据或本次低频公开检索中找到该期目录,
现代国际关系,2020,3,no_public_source_found,未在当前已整理数据或本次低频公开检索中找到该期目录,
现代国际关系,2020,4,no_public_source_found,未在当前已整理数据或本次低频公开检索中找到该期目录,
现代国际关系,2020,5,no_public_source_found,未在当前已整理数据或本次低频公开检索中找到该期目录,
现代国际关系,2020,6,no_public_source_found,未在当前已整理数据或本次低频公开检索中找到该期目录,
现代国际关系,2020,7,no_public_source_found,未在当前已整理数据或本次低频公开检索中找到该期目录,
现代国际关系,2020,8,no_public_source_found,未在当前已整理数据或本次低频公开检索中找到该期目录,
现代国际关系,2020,9,no_public_source_found,未在当前已整理数据或本次低频公开检索中找到该期目录,
现代国际关系,2020,10,no_public_source_found,未在当前已整理数据或本次低频公开检索中找到该期目录,
现代国际关系,2020,11,no_public_source_found,未在当前已整理数据或本次低频公开检索中找到该期目录,
现代国际关系,2020,12,no_public_source_found,未在当前已整理数据或本次低频公开检索中找到该期目录,
现代国际关系,2021,1,no_public_source_found,未在当前已整理数据或本次低频公开检索中找到该期目录,
现代国际关系,2021,2,no_public_source_found,未在当前已整理数据或本次低频公开检索中找到该期目录,
现代国际关系,2021,3,no_public_source_found,未在当前已整理数据或本次低频公开检索中找到该期目录,
现代国际关系,2021,4,no_public_source_found,未在当前已整理数据或本次低频公开检索中找到该期目录,
现代国际关系,2021,5,no_public_source_found,未在当前已整理数据或本次低频公开检索中找到该期目录,
现代国际关系,2021,6,no_public_source_found,未在当前已整理数据或本次低频公开检索中找到该期目录,
现代国际关系,2021,7,no_public_source_found,未在当前已整理数据或本次低频公开检索中找到该期目录,
现代国际关系,2021,8,no_public_source_found,未在当前已整理数据或本次低频公开检索中找到该期目录,
现代国际关系,2021,9,no_public_source_found,未在当前已整理数据或本次低频公开检索中找到该期目录,
现代国际关系,2021,10,no_public_source_found,未在当前已整理数据或本次低频公开检索中找到该期目录,
现代国际关系,2021,11,no_public_source_found,未在当前已整理数据或本次低频公开检索中找到该期目录,
现代国际关系,2021,12,no_public_source_found,未在当前已整理数据或本次低频公开检索中找到该期目录,
现代国际关系,2022,1,no_public_source_found,未在当前已整理数据或本次低频公开检索中找到该期目录,
现代国际关系,2022,2,no_public_source_found,未在当前已整理数据或本次低频公开检索中找到该期目录,
现代国际关系,2022,3,no_public_source_found,未在当前已整理数据或本次低频公开检索中找到该期目录,
现代国际关系,2022,4,no_public_source_found,未在当前已整理数据或本次低频公开检索中找到该期目录,
现代国际关系,2022,5,no_public_source_found,未在当前已整理数据或本次低频公开检索中找到该期目录,
现代国际关系,2022,6,no_public_source_found,未在当前已整理数据或本次低频公开检索中找到该期目录,
现代国际关系,2022,7,no_public_source_found,未在当前已整理数据或本次低频公开检索中找到该期目录,
现代国际关系,2022,8,no_public_source_found,未在当前已整理数据或本次低频公开检索中找到该期目录,
现代国际关系,2022,9,no_public_source_found,未在当前已整理数据或本次低频公开检索中找到该期目录,
现代国际关系,2022,10,no_public_source_found,未在当前已整理数据或本次低频公开检索中找到该期目录,
现代国际关系,2022,11,no_public_source_found,未在当前已整理数据或本次低频公开检索中找到该期目录,
现代国际关系,2022,12,no_public_source_found,未在当前已整理数据或本次低频公开检索中找到该期目录,
现代国际关系,2023,1,no_public_source_found,未在当前已整理数据或本次低频公开检索中找到该期目录,
现代国际关系,2023,2,no_public_source_found,未在当前已整理数据或本次低频公开检索中找到该期目录,
现代国际关系,2023,3,no_public_source_found,未在当前已整理数据或本次低频公开检索中找到该期目录,
现代国际关系,2023,4,no_public_source_found,未在当前已整理数据或本次低频公开检索中找到该期目录,
现代国际关系,2023,5,no_public_source_found,未在当前已整理数据或本次低频公开检索中找到该期目录,
现代国际关系,2023,6,no_public_source_found,未在当前已整理数据或本次低频公开检索中找到该期目录,
现代国际关系,2023,7,no_public_source_found,未在当前已整理数据或本次低频公开检索中找到该期目录,
现代国际关系,2023,8,no_public_source_found,未在当前已整理数据或本次低频公开检索中找到该期目录,
现代国际关系,2023,9,no_public_source_found,未在当前已整理数据或本次低频公开检索中找到该期目录,
现代国际关系,2023,10,no_public_source_found,未在当前已整理数据或本次低频公开检索中找到该期目录,
现代国际关系,2023,11,no_public_source_found,未在当前已整理数据或本次低频公开检索中找到该期目录,
现代国际关系,2023,12,no_public_source_found,未在当前已整理数据或本次低频公开检索中找到该期目录,
现代国际关系,2024,1,no_public_source_found,未在当前已整理数据或本次低频公开检索中找到该期目录,
现代国际关系,2024,2,no_public_source_found,未在当前已整理数据或本次低频公开检索中找到该期目录,
现代国际关系,2024,3,no_public_source_found,未在当前已整理数据或本次低频公开检索中找到该期目录,
现代国际关系,2024,4,no_public_source_found,未在当前已整理数据或本次低频公开检索中找到该期目录,
现代国际关系,2024,5,no_public_source_found,未在当前已整理数据或本次低频公开检索中找到该期目录,
现代国际关系,2024,6,no_public_source_found,未在当前已整理数据或本次低频公开检索中找到该期目录,
现代国际关系,2024,7,no_public_source_found,未在当前已整理数据或本次低频公开检索中找到该期目录,
现代国际关系,2024,8,no_public_source_found,未在当前已整理数据或本次低频公开检索中找到该期目录,
现代国际关系,2024,9,no_public_source_found,未在当前已整理数据或本次低频公开检索中找到该期目录,
现代国际关系,2024,10,no_public_source_found,未在当前已整理数据或本次低频公开检索中找到该期目录,
现代国际关系,2024,11,no_public_source_found,未在当前已整理数据或本次低频公开检索中找到该期目录,
现代国际关系,2024,12,no_public_source_found,未在当前已整理数据或本次低频公开检索中找到该期目录,
现代国际关系,2025,1,no_public_source_found,未在当前已整理数据或本次低频公开检索中找到该期目录,
现代国际关系,2025,2,no_public_source_found,未在当前已整理数据或本次低频公开检索中找到该期目录,
现代国际关系,2025,3,no_public_source_found,未在当前已整理数据或本次低频公开检索中找到该期目录,
现代国际关系,2025,4,no_public_source_found,未在当前已整理数据或本次低频公开检索中找到该期目录,
现代国际关系,2025,5,no_public_source_found,未在当前已整理数据或本次低频公开检索中找到该期目录,
现代国际关系,2025,6,no_public_source_found,未在当前已整理数据或本次低频公开检索中找到该期目录,
现代国际关系,2025,7,no_public_source_found,未在当前已整理数据或本次低频公开检索中找到该期目录,
现代国际关系,2025,8,no_public_source_found,未在当前已整理数据或本次低频公开检索中找到该期目录,
现代国际关系,2025,9,no_public_source_found,未在当前已整理数据或本次低频公开检索中找到该期目录,
现代国际关系,2025,10,no_public_source_found,未在当前已整理数据或本次低频公开检索中找到该期目录,
现代国际关系,2025,11,no_public_source_found,未在当前已整理数据或本次低频公开检索中找到该期目录,
现代国际关系,2025,12,no_public_source_found,未在当前已整理数据或本次低频公开检索中找到该期目录,
现代国际关系,2026,2,issue_found_missing_abstract,已找到题名或目录记录，但暂无公开摘要,https://www.cqvip.com/doc/journal/7202969868
现代国际关系,2026,2,issue_found_missing_abstract,已找到题名或目录记录，但暂无公开摘要,https://www.cqvip.com/doc/journal/7202969869
现代国际关系,2026,2,issue_found_missing_abstract,已找到题名或目录记录，但暂无公开摘要,https://www.cqvip.com/doc/journal/7202969867
现代国际关系,2026,2,issue_found_missing_abstract,已找到题名或目录记录，但暂无公开摘要,https://www.cqvip.com/doc/journal/7202969870
现代国际关系,2026,2,issue_found_missing_abstract,已找到题名或目录记录，但暂无公开摘要,https://www.cqvip.com/doc/journal/7202969871
现代国际关系,2026,2,issue_found_missing_abstract,已找到题名或目录记录，但暂无公开摘要,https://www.cqvip.com/doc/journal/7202969872
外交评论,1984,2,no_public_source_found,未在当前已整理数据或本次低频公开检索中找到该期目录,
外交评论,1984,3,no_public_source_found,未在当前已整理数据或本次低频公开检索中找到该期目录,
外交评论,1984,4,no_public_source_found,未在当前已整理数据或本次低频公开检索中找到该期目录,
外交评论,1984,5,no_public_source_found,未在当前已整理数据或本次低频公开检索中找到该期目录,
外交评论,1984,6,no_public_source_found,未在当前已整理数据或本次低频公开检索中找到该期目录,
外交评论,1985,4,no_public_source_found,未在当前已整理数据或本次低频公开检索中找到该期目录,
外交评论,1985,5,no_public_source_found,未在当前已整理数据或本次低频公开检索中找到该期目录,
外交评论,1985,6,no_public_source_found,未在当前已整理数据或本次低频公开检索中找到该期目录,
外交评论,1986,2,no_public_source_found,未在当前已整理数据或本次低频公开检索中找到该期目录,
外交评论,1986,3,no_public_source_found,未在当前已整理数据或本次低频公开检索中找到该期目录,
外交评论,1986,4,no_public_source_found,未在当前已整理数据或本次低频公开检索中找到该期目录,
外交评论,1986,5,no_public_source_found,未在当前已整理数据或本次低频公开检索中找到该期目录,
外交评论,1986,6,no_public_source_found,未在当前已整理数据或本次低频公开检索中找到该期目录,
外交评论,1987,3,no_public_source_found,未在当前已整理数据或本次低频公开检索中找到该期目录,
外交评论,1987,4,no_public_source_found,未在当前已整理数据或本次低频公开检索中找到该期目录,
外交评论,1987,5,no_public_source_found,未在当前已整理数据或本次低频公开检索中找到该期目录,
外交评论,1987,6,no_public_source_found,未在当前已整理数据或本次低频公开检索中找到该期目录,
外交评论,1988,3,no_public_source_found,未在当前已整理数据或本次低频公开检索中找到该期目录,
外交评论,1988,4,no_public_source_found,未在当前已整理数据或本次低频公开检索中找到该期目录,
外交评论,1988,5,no_public_source_found,未在当前已整理数据或本次低频公开检索中找到该期目录,
外交评论,1988,6,no_public_source_found,未在当前已整理数据或本次低频公开检索中找到该期目录,
外交评论,1989,3,no_public_source_found,未在当前已整理数据或本次低频公开检索中找到该期目录,
外交评论,1989,5,no_public_source_found,未在当前已整理数据或本次低频公开检索中找到该期目录,
外交评论,1989,6,no_public_source_found,未在当前已整理数据或本次低频公开检索中找到该期目录,
外交评论,1990,5,no_public_source_found,未在当前已整理数据或本次低频公开检索中找到该期目录,
外交评论,1990,6,no_public_source_found,未在当前已整理数据或本次低频公开检索中找到该期目录,
外交评论,1991,5,no_public_source_found,未在当前已整理数据或本次低频公开检索中找到该期目录,
外交评论,1991,6,no_public_source_found,未在当前已整理数据或本次低频公开检索中找到该期目录,
外交评论,1992,5,no_public_source_found,未在当前已整理数据或本次低频公开检索中找到该期目录,
外交评论,1992,6,no_public_source_found,未在当前已整理数据或本次低频公开检索中找到该期目录,
外交评论,1993,5,no_public_source_found,未在当前已整理数据或本次低频公开检索中找到该期目录,
外交评论,1993,6,no_public_source_found,未在当前已整理数据或本次低频公开检索中找到该期目录,
外交评论,1994,1,no_public_source_found,未在当前已整理数据或本次低频公开检索中找到该期目录,
外交评论,1994,5,no_public_source_found,未在当前已整理数据或本次低频公开检索中找到该期目录,
外交评论,1994,6,no_public_source_found,未在当前已整理数据或本次低频公开检索中找到该期目录,
外交评论,1995,5,no_public_source_found,未在当前已整理数据或本次低频公开检索中找到该期目录,
外交评论,1995,6,no_public_source_found,未在当前已整理数据或本次低频公开检索中找到该期目录,
外交评论,1996,1,no_public_source_found,未在当前已整理数据或本次低频公开检索中找到该期目录,
外交评论,1996,5,no_public_source_found,未在当前已整理数据或本次低频公开检索中找到该期目录,
外交评论,1996,6,no_public_source_found,未在当前已整理数据或本次低频公开检索中找到该期目录,
外交评论,1997,1,no_public_source_found,未在当前已整理数据或本次低频公开检索中找到该期目录,
外交评论,1997,2,no_public_source_found,未在当前已整理数据或本次低频公开检索中找到该期目录,
外交评论,1997,3,no_public_source_found,未在当前已整理数据或本次低频公开检索中找到该期目录,
外交评论,1997,4,no_public_source_found,未在当前已整理数据或本次低频公开检索中找到该期目录,
外交评论,1997,5,no_public_source_found,未在当前已整理数据或本次低频公开检索中找到该期目录,
外交评论,1997,6,no_public_source_found,未在当前已整理数据或本次低频公开检索中找到该期目录,
外交评论,1998,1,no_public_source_found,未在当前已整理数据或本次低频公开检索中找到该期目录,
外交评论,1998,2,no_public_source_found,未在当前已整理数据或本次低频公开检索中找到该期目录,
外交评论,1998,3,no_public_source_found,未在当前已整理数据或本次低频公开检索中找到该期目录,
外交评论,1998,4,no_public_source_found,未在当前已整理数据或本次低频公开检索中找到该期目录,
外交评论,1998,5,no_public_source_found,未在当前已整理数据或本次低频公开检索中找到该期目录,
外交评论,1998,6,no_public_source_found,未在当前已整理数据或本次低频公开检索中找到该期目录,
外交评论,1999,1,no_public_source_found,未在当前已整理数据或本次低频公开检索中找到该期目录,
外交评论,1999,2,no_public_source_found,未在当前已整理数据或本次低频公开检索中找到该期目录,
外交评论,1999,3,no_public_source_found,未在当前已整理数据或本次低频公开检索中找到该期目录,
外交评论,1999,5,no_public_source_found,未在当前已整理数据或本次低频公开检索中找到该期目录,
外交评论,1999,6,no_public_source_found,未在当前已整理数据或本次低频公开检索中找到该期目录,
外交评论,2000,2,no_public_source_found,未在当前已整理数据或本次低频公开检索中找到该期目录,
外交评论,2000,3,no_public_source_found,未在当前已整理数据或本次低频公开检索中找到该期目录,
外交评论,2000,5,no_public_source_found,未在当前已整理数据或本次低频公开检索中找到该期目录,
外交评论,2000,6,no_public_source_found,未在当前已整理数据或本次低频公开检索中找到该期目录,
外交评论,2001,1,no_public_source_found,未在当前已整理数据或本次低频公开检索中找到该期目录,
外交评论,2001,3,no_public_source_found,未在当前已整理数据或本次低频公开检索中找到该期目录,
外交评论,2001,4,no_public_source_found,未在当前已整理数据或本次低频公开检索中找到该期目录,
外交评论,2001,5,no_public_source_found,未在当前已整理数据或本次低频公开检索中找到该期目录,
外交评论,2001,6,no_public_source_found,未在当前已整理数据或本次低频公开检索中找到该期目录,
外交评论,2002,1,no_public_source_found,未在当前已整理数据或本次低频公开检索中找到该期目录,
外交评论,2002,2,no_public_source_found,未在当前已整理数据或本次低频公开检索中找到该期目录,
外交评论,2002,3,no_public_source_found,未在当前已整理数据或本次低频公开检索中找到该期目录,
外交评论,2002,4,no_public_source_found,未在当前已整理数据或本次低频公开检索中找到该期目录,
外交评论,2002,5,no_public_source_found,未在当前已整理数据或本次低频公开检索中找到该期目录,
外交评论,2002,6,no_public_source_found,未在当前已整理数据或本次低频公开检索中找到该期目录,
外交评论,2003,1,no_public_source_found,未在当前已整理数据或本次低频公开检索中找到该期目录,
外交评论,2003,2,no_public_source_found,未在当前已整理数据或本次低频公开检索中找到该期目录,
外交评论,2003,3,no_public_source_found,未在当前已整理数据或本次低频公开检索中找到该期目录,
外交评论,2003,4,no_public_source_found,未在当前已整理数据或本次低频公开检索中找到该期目录,
外交评论,2003,5,no_public_source_found,未在当前已整理数据或本次低频公开检索中找到该期目录,
外交评论,2003,6,no_public_source_found,未在当前已整理数据或本次低频公开检索中找到该期目录,
外交评论,2004,1,no_public_source_found,未在当前已整理数据或本次低频公开检索中找到该期目录,
外交评论,2004,2,no_public_source_found,未在当前已整理数据或本次低频公开检索中找到该期目录,
外交评论,2004,3,no_public_source_found,未在当前已整理数据或本次低频公开检索中找到该期目录,
外交评论,2004,4,no_public_source_found,未在当前已整理数据或本次低频公开检索中找到该期目录,
外交评论,2004,5,no_public_source_found,未在当前已整理数据或本次低频公开检索中找到该期目录,
外交评论,2004,6,no_public_source_found,未在当前已整理数据或本次低频公开检索中找到该期目录,
外交评论,2005,2,no_public_source_found,未在当前已整理数据或本次低频公开检索中找到该期目录,
外交评论,2006,4,no_public_source_found,未在当前已整理数据或本次低频公开检索中找到该期目录,
外交评论,2008,2,no_public_source_found,未在当前已整理数据或本次低频公开检索中找到该期目录,
外交评论,2008,4,no_public_source_found,未在当前已整理数据或本次低频公开检索中找到该期目录,
外交评论,2008,6,no_public_source_found,未在当前已整理数据或本次低频公开检索中找到该期目录,
外交评论,2009,3,no_public_source_found,未在当前已整理数据或本次低频公开检索中找到该期目录,
外交评论,2009,6,no_public_source_found,未在当前已整理数据或本次低频公开检索中找到该期目录,
外交评论,2010,4,no_public_source_found,未在当前已整理数据或本次低频公开检索中找到该期目录,
外交评论,2010,5,no_public_source_found,未在当前已整理数据或本次低频公开检索中找到该期目录,
外交评论,2010,6,no_public_source_found,未在当前已整理数据或本次低频公开检索中找到该期目录,
外交评论,2012,4,no_public_source_found,未在当前已整理数据或本次低频公开检索中找到该期目录,
外交评论,2013,1,no_public_source_found,未在当前已整理数据或本次低频公开检索中找到该期目录,
外交评论,2013,6,no_public_source_found,未在当前已整理数据或本次低频公开检索中找到该期目录,
外交评论,2014,2,no_public_source_found,未在当前已整理数据或本次低频公开检索中找到该期目录,
外交评论,2014,3,no_public_source_found,未在当前已整理数据或本次低频公开检索中找到该期目录,
外交评论,2014,6,no_public_source_found,未在当前已整理数据或本次低频公开检索中找到该期目录,
外交评论,2015,1,no_public_source_found,未在当前已整理数据或本次低频公开检索中找到该期目录,
外交评论,2015,2,no_public_source_found,未在当前已整理数据或本次低频公开检索中找到该期目录,
外交评论,2015,3,no_public_source_found,未在当前已整理数据或本次低频公开检索中找到该期目录,
外交评论,2016,4,no_public_source_found,未在当前已整理数据或本次低频公开检索中找到该期目录,
外交评论,2016,6,no_public_source_found,未在当前已整理数据或本次低频公开检索中找到该期目录,
外交评论,2017,1,no_public_source_found,未在当前已整理数据或本次低频公开检索中找到该期目录,
外交评论,2017,3,no_public_source_found,未在当前已整理数据或本次低频公开检索中找到该期目录,
外交评论,2017,4,no_public_source_found,未在当前已整理数据或本次低频公开检索中找到该期目录,
外交评论,2017,6,no_public_source_found,未在当前已整理数据或本次低频公开检索中找到该期目录,
外交评论,2018,1,no_public_source_found,未在当前已整理数据或本次低频公开检索中找到该期目录,
外交评论,2018,2,no_public_source_found,未在当前已整理数据或本次低频公开检索中找到该期目录,
外交评论,2018,3,no_public_source_found,未在当前已整理数据或本次低频公开检索中找到该期目录,
外交评论,2018,4,no_public_source_found,未在当前已整理数据或本次低频公开检索中找到该期目录,
外交评论,2018,5,no_public_source_found,未在当前已整理数据或本次低频公开检索中找到该期目录,
外交评论,2018,6,no_public_source_found,未在当前已整理数据或本次低频公开检索中找到该期目录,
外交评论,2019,1,no_public_source_found,未在当前已整理数据或本次低频公开检索中找到该期目录,
外交评论,2019,2,no_public_source_found,未在当前已整理数据或本次低频公开检索中找到该期目录,
外交评论,2019,3,no_public_source_found,未在当前已整理数据或本次低频公开检索中找到该期目录,
外交评论,2019,4,no_public_source_found,未在当前已整理数据或本次低频公开检索中找到该期目录,
外交评论,2019,5,no_public_source_found,未在当前已整理数据或本次低频公开检索中找到该期目录,
外交评论,2019,6,no_public_source_found,未在当前已整理数据或本次低频公开检索中找到该期目录,
外交评论,2020,1,no_public_source_found,未在当前已整理数据或本次低频公开检索中找到该期目录,
外交评论,2020,2,no_public_source_found,未在当前已整理数据或本次低频公开检索中找到该期目录,
外交评论,2020,3,no_public_source_found,未在当前已整理数据或本次低频公开检索中找到该期目录,
外交评论,2020,4,no_public_source_found,未在当前已整理数据或本次低频公开检索中找到该期目录,
外交评论,2020,5,no_public_source_found,未在当前已整理数据或本次低频公开检索中找到该期目录,
外交评论,2020,6,no_public_source_found,未在当前已整理数据或本次低频公开检索中找到该期目录,
外交评论,2021,1,no_public_source_found,未在当前已整理数据或本次低频公开检索中找到该期目录,
外交评论,2021,2,no_public_source_found,未在当前已整理数据或本次低频公开检索中找到该期目录,
外交评论,2021,3,no_public_source_found,未在当前已整理数据或本次低频公开检索中找到该期目录,
外交评论,2021,4,no_public_source_found,未在当前已整理数据或本次低频公开检索中找到该期目录,
外交评论,2021,5,no_public_source_found,未在当前已整理数据或本次低频公开检索中找到该期目录,
外交评论,2021,6,no_public_source_found,未在当前已整理数据或本次低频公开检索中找到该期目录,
外交评论,2022,1,no_public_source_found,未在当前已整理数据或本次低频公开检索中找到该期目录,
外交评论,2022,2,no_public_source_found,未在当前已整理数据或本次低频公开检索中找到该期目录,
外交评论,2022,3,no_public_source_found,未在当前已整理数据或本次低频公开检索中找到该期目录,
外交评论,2022,4,no_public_source_found,未在当前已整理数据或本次低频公开检索中找到该期目录,
外交评论,2022,5,no_public_source_found,未在当前已整理数据或本次低频公开检索中找到该期目录,
外交评论,2022,6,no_public_source_found,未在当前已整理数据或本次低频公开检索中找到该期目录,
外交评论,2023,1,no_public_source_found,未在当前已整理数据或本次低频公开检索中找到该期目录,
外交评论,2023,2,no_public_source_found,未在当前已整理数据或本次低频公开检索中找到该期目录,
外交评论,2023,3,no_public_source_found,未在当前已整理数据或本次低频公开检索中找到该期目录,
外交评论,2023,4,no_public_source_found,未在当前已整理数据或本次低频公开检索中找到该期目录,
外交评论,2023,5,no_public_source_found,未在当前已整理数据或本次低频公开检索中找到该期目录,
外交评论,2023,6,no_public_source_found,未在当前已整理数据或本次低频公开检索中找到该期目录,
外交评论,2024,1,no_public_source_found,未在当前已整理数据或本次低频公开检索中找到该期目录,
外交评论,2024,2,no_public_source_found,未在当前已整理数据或本次低频公开检索中找到该期目录,
外交评论,2024,3,no_public_source_found,未在当前已整理数据或本次低频公开检索中找到该期目录,
外交评论,2024,4,no_public_source_found,未在当前已整理数据或本次低频公开检索中找到该期目录,
外交评论,2024,5,no_public_source_found,未在当前已整理数据或本次低频公开检索中找到该期目录,
外交评论,2024,6,no_public_source_found,未在当前已整理数据或本次低频公开检索中找到该期目录,
外交评论,2025,1,no_public_source_found,未在当前已整理数据或本次低频公开检索中找到该期目录,
外交评论,2025,2,no_public_source_found,未在当前已整理数据或本次低频公开检索中找到该期目录,
外交评论,2025,3,no_public_source_found,未在当前已整理数据或本次低频公开检索中找到该期目录,
外交评论,2025,4,no_public_source_found,未在当前已整理数据或本次低频公开检索中找到该期目录,
外交评论,2025,5,no_public_source_found,未在当前已整理数据或本次低频公开检索中找到该期目录,
外交评论,2025,6,no_public_source_found,未在当前已整理数据或本次低频公开检索中找到该期目录,
外交评论,2026,1,issue_found_missing_abstract,已找到题名或目录记录，但暂无公开摘要,https://www.cqvip.com/doc/journal/7203061366
外交评论,2026,1,issue_found_missing_abstract,已找到题名或目录记录，但暂无公开摘要,https://www.cqvip.com/doc/journal/7203061368
外交评论,2026,1,issue_found_missing_abstract,已找到题名或目录记录，但暂无公开摘要,https://www.cqvip.com/doc/journal/7203061376
外交评论,2026,1,issue_found_missing_abstract,已找到题名或目录记录，但暂无公开摘要,https://www.cqvip.com/doc/journal/7203061369
外交评论,2026,1,issue_found_missing_abstract,已找到题名或目录记录，但暂无公开摘要,https://www.cqvip.com/doc/journal/7203061370
外交评论,2026,1,issue_found_missing_abstract,已找到题名或目录记录，但暂无公开摘要,https://www.cqvip.com/doc/journal/7203061371
外交评论,2026,1,issue_found_missing_abstract,已找到题名或目录记录，但暂无公开摘要,https://www.cqvip.com/doc/journal/7203061372
外交评论,2026,1,issue_found_missing_abstract,已找到题名或目录记录，但暂无公开摘要,https://www.cqvip.com/doc/journal/7203061373
外交评论,2026,1,issue_found_missing_abstract,已找到题名或目录记录，但暂无公开摘要,https://www.cqvip.com/doc/journal/7203061367
外交评论,2026,1,issue_found_missing_abstract,已找到题名或目录记录，但暂无公开摘要,https://www.cqvip.com/doc/journal/7203061374
外交评论,2026,1,issue_found_missing_abstract,已找到题名或目录记录，但暂无公开摘要,https://www.cqvip.com/doc/journal/7203061375
欧洲研究,1983,1,no_public_source_found,未在当前已整理数据或本次低频公开检索中找到该期目录,
欧洲研究,1983,5,no_public_source_found,未在当前已整理数据或本次低频公开检索中找到该期目录,
欧洲研究,1983,6,no_public_source_found,未在当前已整理数据或本次低频公开检索中找到该期目录,
欧洲研究,1984,5,no_public_source_found,未在当前已整理数据或本次低频公开检索中找到该期目录,
欧洲研究,1985,5,no_public_source_found,未在当前已整理数据或本次低频公开检索中找到该期目录,
欧洲研究,1987,3,no_public_source_found,未在当前已整理数据或本次低频公开检索中找到该期目录,
欧洲研究,1987,6,no_public_source_found,未在当前已整理数据或本次低频公开检索中找到该期目录,
欧洲研究,1988,6,no_public_source_found,未在当前已整理数据或本次低频公开检索中找到该期目录,
欧洲研究,1989,1,no_public_source_found,未在当前已整理数据或本次低频公开检索中找到该期目录,
欧洲研究,1989,2,no_public_source_found,未在当前已整理数据或本次低频公开检索中找到该期目录,
欧洲研究,1989,3,no_public_source_found,未在当前已整理数据或本次低频公开检索中找到该期目录,
欧洲研究,1989,5,no_public_source_found,未在当前已整理数据或本次低频公开检索中找到该期目录,
欧洲研究,1989,6,no_public_source_found,未在当前已整理数据或本次低频公开检索中找到该期目录,
欧洲研究,1990,5,no_public_source_found,未在当前已整理数据或本次低频公开检索中找到该期目录,
欧洲研究,1990,6,no_public_source_found,未在当前已整理数据或本次低频公开检索中找到该期目录,
欧洲研究,1991,3,no_public_source_found,未在当前已整理数据或本次低频公开检索中找到该期目录,
欧洲研究,1991,4,no_public_source_found,未在当前已整理数据或本次低频公开检索中找到该期目录,
欧洲研究,1991,5,no_public_source_found,未在当前已整理数据或本次低频公开检索中找到该期目录,
欧洲研究,1991,6,no_public_source_found,未在当前已整理数据或本次低频公开检索中找到该期目录,
欧洲研究,1992,1,no_public_source_found,未在当前已整理数据或本次低频公开检索中找到该期目录,
欧洲研究,1992,2,no_public_source_found,未在当前已整理数据或本次低频公开检索中找到该期目录,
欧洲研究,1992,3,no_public_source_found,未在当前已整理数据或本次低频公开检索中找到该期目录,
欧洲研究,1992,4,no_public_source_found,未在当前已整理数据或本次低频公开检索中找到该期目录,
欧洲研究,1992,5,no_public_source_found,未在当前已整理数据或本次低频公开检索中找到该期目录,
欧洲研究,1992,6,no_public_source_found,未在当前已整理数据或本次低频公开检索中找到该期目录,
欧洲研究,1993,1,no_public_source_found,未在当前已整理数据或本次低频公开检索中找到该期目录,
欧洲研究,1993,2,no_public_source_found,未在当前已整理数据或本次低频公开检索中找到该期目录,
欧洲研究,1993,3,no_public_source_found,未在当前已整理数据或本次低频公开检索中找到该期目录,
欧洲研究,1993,4,no_public_source_found,未在当前已整理数据或本次低频公开检索中找到该期目录,
欧洲研究,1993,6,no_public_source_found,未在当前已整理数据或本次低频公开检索中找到该期目录,
欧洲研究,1994,3,no_public_source_found,未在当前已整理数据或本次低频公开检索中找到该期目录,
欧洲研究,1994,5,no_public_source_found,未在当前已整理数据或本次低频公开检索中找到该期目录,
欧洲研究,1995,1,no_public_source_found,未在当前已整理数据或本次低频公开检索中找到该期目录,
欧洲研究,1995,2,no_public_source_found,未在当前已整理数据或本次低频公开检索中找到该期目录,
欧洲研究,1996,2,no_public_source_found,未在当前已整理数据或本次低频公开检索中找到该期目录,
欧洲研究,1996,3,no_public_source_found,未在当前已整理数据或本次低频公开检索中找到该期目录,
欧洲研究,1996,4,no_public_source_found,未在当前已整理数据或本次低频公开检索中找到该期目录,
欧洲研究,1996,5,no_public_source_found,未在当前已整理数据或本次低频公开检索中找到该期目录,
欧洲研究,1997,4,no_public_source_found,未在当前已整理数据或本次低频公开检索中找到该期目录,
欧洲研究,1997,6,no_public_source_found,未在当前已整理数据或本次低频公开检索中找到该期目录,
欧洲研究,1998,2,no_public_source_found,未在当前已整理数据或本次低频公开检索中找到该期目录,
欧洲研究,1998,5,no_public_source_found,未在当前已整理数据或本次低频公开检索中找到该期目录,
欧洲研究,2000,1,no_public_source_found,未在当前已整理数据或本次低频公开检索中找到该期目录,
欧洲研究,2000,2,no_public_source_found,未在当前已整理数据或本次低频公开检索中找到该期目录,
欧洲研究,2000,3,no_public_source_found,未在当前已整理数据或本次低频公开检索中找到该期目录,
欧洲研究,2000,4,no_public_source_found,未在当前已整理数据或本次低频公开检索中找到该期目录,
欧洲研究,2000,5,no_public_source_found,未在当前已整理数据或本次低频公开检索中找到该期目录,
欧洲研究,2000,6,no_public_source_found,未在当前已整理数据或本次低频公开检索中找到该期目录,
欧洲研究,2001,1,no_public_source_found,未在当前已整理数据或本次低频公开检索中找到该期目录,
欧洲研究,2001,2,no_public_source_found,未在当前已整理数据或本次低频公开检索中找到该期目录,
欧洲研究,2001,3,no_public_source_found,未在当前已整理数据或本次低频公开检索中找到该期目录,
欧洲研究,2001,4,no_public_source_found,未在当前已整理数据或本次低频公开检索中找到该期目录,
欧洲研究,2001,5,no_public_source_found,未在当前已整理数据或本次低频公开检索中找到该期目录,
欧洲研究,2001,6,no_public_source_found,未在当前已整理数据或本次低频公开检索中找到该期目录,
欧洲研究,2002,1,no_public_source_found,未在当前已整理数据或本次低频公开检索中找到该期目录,
欧洲研究,2002,2,no_public_source_found,未在当前已整理数据或本次低频公开检索中找到该期目录,
欧洲研究,2002,3,no_public_source_found,未在当前已整理数据或本次低频公开检索中找到该期目录,
欧洲研究,2002,4,no_public_source_found,未在当前已整理数据或本次低频公开检索中找到该期目录,
欧洲研究,2002,5,no_public_source_found,未在当前已整理数据或本次低频公开检索中找到该期目录,
欧洲研究,2002,6,no_public_source_found,未在当前已整理数据或本次低频公开检索中找到该期目录,
欧洲研究,2006,3,no_public_source_found,未在当前已整理数据或本次低频公开检索中找到该期目录,
欧洲研究,2007,4,no_public_source_found,未在当前已整理数据或本次低频公开检索中找到该期目录,
欧洲研究,2008,6,no_public_source_found,未在当前已整理数据或本次低频公开检索中找到该期目录,
欧洲研究,2013,4,no_public_source_found,未在当前已整理数据或本次低频公开检索中找到该期目录,
欧洲研究,2016,5,no_public_source_found,未在当前已整理数据或本次低频公开检索中找到该期目录,
欧洲研究,2016,6,no_public_source_found,未在当前已整理数据或本次低频公开检索中找到该期目录,
欧洲研究,2017,3,no_public_source_found,未在当前已整理数据或本次低频公开检索中找到该期目录,
欧洲研究,2017,6,no_public_source_found,未在当前已整理数据或本次低频公开检索中找到该期目录,
欧洲研究,2018,3,no_public_source_found,未在当前已整理数据或本次低频公开检索中找到该期目录,
欧洲研究,2018,4,no_public_source_found,未在当前已整理数据或本次低频公开检索中找到该期目录,
欧洲研究,2018,5,no_public_source_found,未在当前已整理数据或本次低频公开检索中找到该期目录,
欧洲研究,2018,6,no_public_source_found,未在当前已整理数据或本次低频公开检索中找到该期目录,
欧洲研究,2019,1,no_public_source_found,未在当前已整理数据或本次低频公开检索中找到该期目录,
欧洲研究,2019,2,no_public_source_found,未在当前已整理数据或本次低频公开检索中找到该期目录,
欧洲研究,2019,6,no_public_source_found,未在当前已整理数据或本次低频公开检索中找到该期目录,
欧洲研究,2020,2,no_public_source_found,未在当前已整理数据或本次低频公开检索中找到该期目录,
欧洲研究,2020,3,no_public_source_found,未在当前已整理数据或本次低频公开检索中找到该期目录,
欧洲研究,2020,4,no_public_source_found,未在当前已整理数据或本次低频公开检索中找到该期目录,
欧洲研究,2020,5,no_public_source_found,未在当前已整理数据或本次低频公开检索中找到该期目录,
欧洲研究,2020,6,no_public_source_found,未在当前已整理数据或本次低频公开检索中找到该期目录,
欧洲研究,2021,1,no_public_source_found,未在当前已整理数据或本次低频公开检索中找到该期目录,
欧洲研究,2021,2,no_public_source_found,未在当前已整理数据或本次低频公开检索中找到该期目录,
欧洲研究,2021,3,no_public_source_found,未在当前已整理数据或本次低频公开检索中找到该期目录,
欧洲研究,2021,4,no_public_source_found,未在当前已整理数据或本次低频公开检索中找到该期目录,
欧洲研究,2021,5,no_public_source_found,未在当前已整理数据或本次低频公开检索中找到该期目录,
欧洲研究,2021,6,no_public_source_found,未在当前已整理数据或本次低频公开检索中找到该期目录,
欧洲研究,2022,1,no_public_source_found,未在当前已整理数据或本次低频公开检索中找到该期目录,
欧洲研究,2022,2,no_public_source_found,未在当前已整理数据或本次低频公开检索中找到该期目录,
欧洲研究,2022,3,no_public_source_found,未在当前已整理数据或本次低频公开检索中找到该期目录,
欧洲研究,2022,4,no_public_source_found,未在当前已整理数据或本次低频公开检索中找到该期目录,
欧洲研究,2022,5,no_public_source_found,未在当前已整理数据或本次低频公开检索中找到该期目录,
欧洲研究,2022,6,no_public_source_found,未在当前已整理数据或本次低频公开检索中找到该期目录,
欧洲研究,2023,1,no_public_source_found,未在当前已整理数据或本次低频公开检索中找到该期目录,
欧洲研究,2023,2,no_public_source_found,未在当前已整理数据或本次低频公开检索中找到该期目录,
欧洲研究,2023,3,no_public_source_found,未在当前已整理数据或本次低频公开检索中找到该期目录,
欧洲研究,2023,4,no_public_source_found,未在当前已整理数据或本次低频公开检索中找到该期目录,
欧洲研究,2023,5,no_public_source_found,未在当前已整理数据或本次低频公开检索中找到该期目录,
欧洲研究,2023,6,no_public_source_found,未在当前已整理数据或本次低频公开检索中找到该期目录,
欧洲研究,2024,1,no_public_source_found,未在当前已整理数据或本次低频公开检索中找到该期目录,
欧洲研究,2024,2,no_public_source_found,未在当前已整理数据或本次低频公开检索中找到该期目录,
欧洲研究,2024,3,no_public_source_found,未在当前已整理数据或本次低频公开检索中找到该期目录,
欧洲研究,2024,4,no_public_source_found,未在当前已整理数据或本次低频公开检索中找到该期目录,
欧洲研究,2024,5,no_public_source_found,未在当前已整理数据或本次低频公开检索中找到该期目录,
欧洲研究,2024,6,no_public_source_found,未在当前已整理数据或本次低频公开检索中找到该期目录,
欧洲研究,2025,1,no_public_source_found,未在当前已整理数据或本次低频公开检索中找到该期目录,
欧洲研究,2025,2,no_public_source_found,未在当前已整理数据或本次低频公开检索中找到该期目录,
欧洲研究,2025,3,no_public_source_found,未在当前已整理数据或本次低频公开检索中找到该期目录,
欧洲研究,2025,4,no_public_source_found,未在当前已整理数据或本次低频公开检索中找到该期目录,
欧洲研究,2025,5,no_public_source_found,未在当前已整理数据或本次低频公开检索中找到该期目录,
欧洲研究,2025,6,no_public_source_found,未在当前已整理数据或本次低频公开检索中找到该期目录,
欧洲研究,2026,2,issue_found_missing_abstract,已找到题名或目录记录，但暂无公开摘要,https://www.cqvip.com/doc/journal/7203144984
欧洲研究,2026,2,issue_found_missing_abstract,已找到题名或目录记录，但暂无公开摘要,https://www.cqvip.com/doc/journal/7203144989
欧洲研究,2026,2,issue_found_missing_abstract,已找到题名或目录记录，但暂无公开摘要,https://www.cqvip.com/doc/journal/7203144990
欧洲研究,2026,2,issue_found_missing_abstract,已找到题名或目录记录，但暂无公开摘要,https://www.cqvip.com/doc/journal/7203144985
欧洲研究,2026,2,issue_found_missing_abstract,已找到题名或目录记录，但暂无公开摘要,https://www.cqvip.com/doc/journal/7203144986
欧洲研究,2026,2,issue_found_missing_abstract,已找到题名或目录记录，但暂无公开摘要,https://www.cqvip.com/doc/journal/7203144987
欧洲研究,2026,2,issue_found_missing_abstract,已找到题名或目录记录，但暂无公开摘要,https://www.cqvip.com/doc/journal/7203144988
美国研究,1987,1,no_public_source_found,未在当前已整理数据或本次低频公开检索中找到该期目录,
美国研究,1987,2,no_public_source_found,未在当前已整理数据或本次低频公开检索中找到该期目录,
美国研究,1987,5,no_public_source_found,未在当前已整理数据或本次低频公开检索中找到该期目录,
美国研究,1987,6,no_public_source_found,未在当前已整理数据或本次低频公开检索中找到该期目录,
美国研究,1988,6,no_public_source_found,未在当前已整理数据或本次低频公开检索中找到该期目录,
美国研究,1989,3,no_public_source_found,未在当前已整理数据或本次低频公开检索中找到该期目录,
美国研究,1989,4,no_public_source_found,未在当前已整理数据或本次低频公开检索中找到该期目录,
美国研究,1989,5,no_public_source_found,未在当前已整理数据或本次低频公开检索中找到该期目录,
美国研究,1989,6,no_public_source_found,未在当前已整理数据或本次低频公开检索中找到该期目录,
美国研究,1990,1,no_public_source_found,未在当前已整理数据或本次低频公开检索中找到该期目录,
美国研究,1990,2,no_public_source_found,未在当前已整理数据或本次低频公开检索中找到该期目录,
美国研究,1990,3,no_public_source_found,未在当前已整理数据或本次低频公开检索中找到该期目录,
美国研究,1990,4,no_public_source_found,未在当前已整理数据或本次低频公开检索中找到该期目录,
美国研究,1990,5,no_public_source_found,未在当前已整理数据或本次低频公开检索中找到该期目录,
美国研究,1990,6,no_public_source_found,未在当前已整理数据或本次低频公开检索中找到该期目录,
美国研究,1991,3,no_public_source_found,未在当前已整理数据或本次低频公开检索中找到该期目录,
美国研究,1991,5,no_public_source_found,未在当前已整理数据或本次低频公开检索中找到该期目录,
美国研究,1991,6,no_public_source_found,未在当前已整理数据或本次低频公开检索中找到该期目录,
美国研究,1992,3,no_public_source_found,未在当前已整理数据或本次低频公开检索中找到该期目录,
美国研究,1992,4,no_public_source_found,未在当前已整理数据或本次低频公开检索中找到该期目录,
美国研究,1992,5,no_public_source_found,未在当前已整理数据或本次低频公开检索中找到该期目录,
美国研究,1992,6,no_public_source_found,未在当前已整理数据或本次低频公开检索中找到该期目录,
美国研究,1993,4,no_public_source_found,未在当前已整理数据或本次低频公开检索中找到该期目录,
美国研究,1993,5,no_public_source_found,未在当前已整理数据或本次低频公开检索中找到该期目录,
美国研究,1993,6,no_public_source_found,未在当前已整理数据或本次低频公开检索中找到该期目录,
美国研究,1994,2,no_public_source_found,未在当前已整理数据或本次低频公开检索中找到该期目录,
美国研究,1994,4,no_public_source_found,未在当前已整理数据或本次低频公开检索中找到该期目录,
美国研究,1994,5,no_public_source_found,未在当前已整理数据或本次低频公开检索中找到该期目录,
美国研究,1994,6,no_public_source_found,未在当前已整理数据或本次低频公开检索中找到该期目录,
美国研究,1995,5,no_public_source_found,未在当前已整理数据或本次低频公开检索中找到该期目录,
美国研究,1995,6,no_public_source_found,未在当前已整理数据或本次低频公开检索中找到该期目录,
美国研究,1996,1,no_public_source_found,未在当前已整理数据或本次低频公开检索中找到该期目录,
美国研究,1996,5,no_public_source_found,未在当前已整理数据或本次低频公开检索中找到该期目录,
美国研究,1996,6,no_public_source_found,未在当前已整理数据或本次低频公开检索中找到该期目录,
美国研究,1997,5,no_public_source_found,未在当前已整理数据或本次低频公开检索中找到该期目录,
美国研究,1997,6,no_public_source_found,未在当前已整理数据或本次低频公开检索中找到该期目录,
美国研究,1998,5,no_public_source_found,未在当前已整理数据或本次低频公开检索中找到该期目录,
美国研究,1998,6,no_public_source_found,未在当前已整理数据或本次低频公开检索中找到该期目录,
美国研究,1999,4,no_public_source_found,未在当前已整理数据或本次低频公开检索中找到该期目录,
美国研究,1999,5,no_public_source_found,未在当前已整理数据或本次低频公开检索中找到该期目录,
美国研究,1999,6,no_public_source_found,未在当前已整理数据或本次低频公开检索中找到该期目录,
美国研究,2000,2,no_public_source_found,未在当前已整理数据或本次低频公开检索中找到该期目录,
美国研究,2000,4,no_public_source_found,未在当前已整理数据或本次低频公开检索中找到该期目录,
美国研究,2000,5,no_public_source_found,未在当前已整理数据或本次低频公开检索中找到该期目录,
美国研究,2000,6,no_public_source_found,未在当前已整理数据或本次低频公开检索中找到该期目录,
美国研究,2001,5,no_public_source_found,未在当前已整理数据或本次低频公开检索中找到该期目录,
美国研究,2001,6,no_public_source_found,未在当前已整理数据或本次低频公开检索中找到该期目录,
美国研究,2002,5,no_public_source_found,未在当前已整理数据或本次低频公开检索中找到该期目录,
美国研究,2002,6,no_public_source_found,未在当前已整理数据或本次低频公开检索中找到该期目录,
美国研究,2003,5,no_public_source_found,未在当前已整理数据或本次低频公开检索中找到该期目录,
美国研究,2003,6,no_public_source_found,未在当前已整理数据或本次低频公开检索中找到该期目录,
美国研究,2004,5,no_public_source_found,未在当前已整理数据或本次低频公开检索中找到该期目录,
美国研究,2004,6,no_public_source_found,未在当前已整理数据或本次低频公开检索中找到该期目录,
美国研究,2005,5,no_public_source_found,未在当前已整理数据或本次低频公开检索中找到该期目录,
美国研究,2005,6,no_public_source_found,未在当前已整理数据或本次低频公开检索中找到该期目录,
美国研究,2006,5,no_public_source_found,未在当前已整理数据或本次低频公开检索中找到该期目录,
美国研究,2006,6,no_public_source_found,未在当前已整理数据或本次低频公开检索中找到该期目录,
美国研究,2007,2,no_public_source_found,未在当前已整理数据或本次低频公开检索中找到该期目录,
美国研究,2007,5,no_public_source_found,未在当前已整理数据或本次低频公开检索中找到该期目录,
美国研究,2007,6,no_public_source_found,未在当前已整理数据或本次低频公开检索中找到该期目录,
美国研究,2008,5,no_public_source_found,未在当前已整理数据或本次低频公开检索中找到该期目录,
美国研究,2008,6,no_public_source_found,未在当前已整理数据或本次低频公开检索中找到该期目录,
美国研究,2009,5,no_public_source_found,未在当前已整理数据或本次低频公开检索中找到该期目录,
美国研究,2009,6,no_public_source_found,未在当前已整理数据或本次低频公开检索中找到该期目录,
美国研究,2010,5,no_public_source_found,未在当前已整理数据或本次低频公开检索中找到该期目录,
美国研究,2010,6,no_public_source_found,未在当前已整理数据或本次低频公开检索中找到该期目录,
美国研究,2011,5,no_public_source_found,未在当前已整理数据或本次低频公开检索中找到该期目录,
美国研究,2011,6,no_public_source_found,未在当前已整理数据或本次低频公开检索中找到该期目录,
美国研究,2012,5,no_public_source_found,未在当前已整理数据或本次低频公开检索中找到该期目录,
美国研究,2012,6,no_public_source_found,未在当前已整理数据或本次低频公开检索中找到该期目录,
美国研究,2013,5,no_public_source_found,未在当前已整理数据或本次低频公开检索中找到该期目录,
美国研究,2013,6,no_public_source_found,未在当前已整理数据或本次低频公开检索中找到该期目录,
美国研究,2016,5,no_public_source_found,未在当前已整理数据或本次低频公开检索中找到该期目录,
美国研究,2017,1,no_public_source_found,未在当前已整理数据或本次低频公开检索中找到该期目录,
美国研究,2017,2,no_public_source_found,未在当前已整理数据或本次低频公开检索中找到该期目录,
美国研究,2017,4,no_public_source_found,未在当前已整理数据或本次低频公开检索中找到该期目录,
美国研究,2017,5,no_public_source_found,未在当前已整理数据或本次低频公开检索中找到该期目录,
美国研究,2017,6,no_public_source_found,未在当前已整理数据或本次低频公开检索中找到该期目录,
美国研究,2018,1,no_public_source_found,未在当前已整理数据或本次低频公开检索中找到该期目录,
美国研究,2018,2,no_public_source_found,未在当前已整理数据或本次低频公开检索中找到该期目录,
美国研究,2018,3,no_public_source_found,未在当前已整理数据或本次低频公开检索中找到该期目录,
美国研究,2018,4,no_public_source_found,未在当前已整理数据或本次低频公开检索中找到该期目录,
美国研究,2018,5,no_public_source_found,未在当前已整理数据或本次低频公开检索中找到该期目录,
美国研究,2018,6,no_public_source_found,未在当前已整理数据或本次低频公开检索中找到该期目录,
美国研究,2019,1,no_public_source_found,未在当前已整理数据或本次低频公开检索中找到该期目录,
美国研究,2019,2,no_public_source_found,未在当前已整理数据或本次低频公开检索中找到该期目录,
美国研究,2019,3,no_public_source_found,未在当前已整理数据或本次低频公开检索中找到该期目录,
美国研究,2019,4,no_public_source_found,未在当前已整理数据或本次低频公开检索中找到该期目录,
美国研究,2019,5,no_public_source_found,未在当前已整理数据或本次低频公开检索中找到该期目录,
美国研究,2020,1,no_public_source_found,未在当前已整理数据或本次低频公开检索中找到该期目录,
美国研究,2020,2,no_public_source_found,未在当前已整理数据或本次低频公开检索中找到该期目录,
美国研究,2020,3,no_public_source_found,未在当前已整理数据或本次低频公开检索中找到该期目录,
美国研究,2020,4,no_public_source_found,未在当前已整理数据或本次低频公开检索中找到该期目录,
美国研究,2020,5,no_public_source_found,未在当前已整理数据或本次低频公开检索中找到该期目录,
美国研究,2020,6,no_public_source_found,未在当前已整理数据或本次低频公开检索中找到该期目录,
美国研究,2021,1,no_public_source_found,未在当前已整理数据或本次低频公开检索中找到该期目录,
美国研究,2021,2,no_public_source_found,未在当前已整理数据或本次低频公开检索中找到该期目录,
美国研究,2021,3,no_public_source_found,未在当前已整理数据或本次低频公开检索中找到该期目录,
美国研究,2021,4,no_public_source_found,未在当前已整理数据或本次低频公开检索中找到该期目录,
美国研究,2021,5,no_public_source_found,未在当前已整理数据或本次低频公开检索中找到该期目录,
美国研究,2021,6,no_public_source_found,未在当前已整理数据或本次低频公开检索中找到该期目录,
美国研究,2022,1,no_public_source_found,未在当前已整理数据或本次低频公开检索中找到该期目录,
美国研究,2022,2,no_public_source_found,未在当前已整理数据或本次低频公开检索中找到该期目录,
美国研究,2022,3,no_public_source_found,未在当前已整理数据或本次低频公开检索中找到该期目录,
美国研究,2022,4,no_public_source_found,未在当前已整理数据或本次低频公开检索中找到该期目录,
美国研究,2022,5,no_public_source_found,未在当前已整理数据或本次低频公开检索中找到该期目录,
美国研究,2022,6,no_public_source_found,未在当前已整理数据或本次低频公开检索中找到该期目录,
美国研究,2023,1,no_public_source_found,未在当前已整理数据或本次低频公开检索中找到该期目录,
美国研究,2023,2,no_public_source_found,未在当前已整理数据或本次低频公开检索中找到该期目录,
美国研究,2023,3,no_public_source_found,未在当前已整理数据或本次低频公开检索中找到该期目录,
美国研究,2023,4,no_public_source_found,未在当前已整理数据或本次低频公开检索中找到该期目录,
美国研究,2023,5,no_public_source_found,未在当前已整理数据或本次低频公开检索中找到该期目录,
美国研究,2023,6,no_public_source_found,未在当前已整理数据或本次低频公开检索中找到该期目录,
美国研究,2024,1,no_public_source_found,未在当前已整理数据或本次低频公开检索中找到该期目录,
美国研究,2024,2,no_public_source_found,未在当前已整理数据或本次低频公开检索中找到该期目录,
美国研究,2024,3,no_public_source_found,未在当前已整理数据或本次低频公开检索中找到该期目录,
美国研究,2024,4,no_public_source_found,未在当前已整理数据或本次低频公开检索中找到该期目录,
美国研究,2024,5,no_public_source_found,未在当前已整理数据或本次低频公开检索中找到该期目录,
美国研究,2024,6,no_public_source_found,未在当前已整理数据或本次低频公开检索中找到该期目录,
美国研究,2025,1,no_public_source_found,未在当前已整理数据或本次低频公开检索中找到该期目录,
美国研究,2025,2,no_public_source_found,未在当前已整理数据或本次低频公开检索中找到该期目录,
美国研究,2025,3,no_public_source_found,未在当前已整理数据或本次低频公开检索中找到该期目录,
美国研究,2025,4,no_public_source_found,未在当前已整理数据或本次低频公开检索中找到该期目录,
美国研究,2025,5,no_public_source_found,未在当前已整理数据或本次低频公开检索中找到该期目录,
美国研究,2025,6,no_public_source_found,未在当前已整理数据或本次低频公开检索中找到该期目录,
美国研究,2026,2,issue_found_missing_abstract,已找到题名或目录记录，但暂无公开摘要,https://www.cqvip.com/doc/journal/7203022223
美国研究,2026,2,found_title_missing_metadata,已找到题名，但作者、页码或链接字段仍不完整,https://www.cqvip.com/doc/journal/7203022223
美国研究,2026,2,issue_found_missing_abstract,已找到题名或目录记录，但暂无公开摘要,https://www.cqvip.com/doc/journal/7203022224
美国研究,2026,2,issue_found_missing_abstract,已找到题名或目录记录，但暂无公开摘要,https://www.cqvip.com/doc/journal/7203022228
美国研究,2026,2,issue_found_missing_abstract,已找到题名或目录记录，但暂无公开摘要,https://www.cqvip.com/doc/journal/7203022229
美国研究,2026,2,issue_found_missing_abstract,已找到题名或目录记录，但暂无公开摘要,https://www.cqvip.com/doc/journal/7203022230
美国研究,2026,2,issue_found_missing_abstract,已找到题名或目录记录，但暂无公开摘要,https://www.cqvip.com/doc/journal/7203022231
美国研究,2026,2,issue_found_missing_abstract,已找到题名或目录记录，但暂无公开摘要,https://www.cqvip.com/doc/journal/7203022225
美国研究,2026,2,issue_found_missing_abstract,已找到题名或目录记录，但暂无公开摘要,https://www.cqvip.com/doc/journal/7203022226
美国研究,2026,2,issue_found_missing_abstract,已找到题名或目录记录，但暂无公开摘要,https://www.cqvip.com/doc/journal/7203022227
美国研究,2026,2,issue_found_missing_abstract,已找到题名或目录记录，但暂无公开摘要,https://www.cqvip.com/doc/journal/7203022232
日本学刊,1961,2,no_public_source_found,未在当前已整理数据或本次低频公开检索中找到该期目录,
日本学刊,1962,1,no_public_source_found,未在当前已整理数据或本次低频公开检索中找到该期目录,
日本学刊,1963,1,no_public_source_found,未在当前已整理数据或本次低频公开检索中找到该期目录,
日本学刊,1963,2,no_public_source_found,未在当前已整理数据或本次低频公开检索中找到该期目录,
日本学刊,1964,1,no_public_source_found,未在当前已整理数据或本次低频公开检索中找到该期目录,
日本学刊,1964,2,no_public_source_found,未在当前已整理数据或本次低频公开检索中找到该期目录,
日本学刊,1965,1,no_public_source_found,未在当前已整理数据或本次低频公开检索中找到该期目录,
日本学刊,1965,2,no_public_source_found,未在当前已整理数据或本次低频公开检索中找到该期目录,
日本学刊,1966,1,no_public_source_found,未在当前已整理数据或本次低频公开检索中找到该期目录,
日本学刊,1966,2,no_public_source_found,未在当前已整理数据或本次低频公开检索中找到该期目录,
日本学刊,1967,1,no_public_source_found,未在当前已整理数据或本次低频公开检索中找到该期目录,
日本学刊,1967,2,no_public_source_found,未在当前已整理数据或本次低频公开检索中找到该期目录,
日本学刊,1968,1,no_public_source_found,未在当前已整理数据或本次低频公开检索中找到该期目录,
日本学刊,1968,2,no_public_source_found,未在当前已整理数据或本次低频公开检索中找到该期目录,
日本学刊,1969,1,no_public_source_found,未在当前已整理数据或本次低频公开检索中找到该期目录,
日本学刊,1969,2,no_public_source_found,未在当前已整理数据或本次低频公开检索中找到该期目录,
日本学刊,1970,1,no_public_source_found,未在当前已整理数据或本次低频公开检索中找到该期目录,
日本学刊,1971,1,no_public_source_found,未在当前已整理数据或本次低频公开检索中找到该期目录,
日本学刊,1971,2,no_public_source_found,未在当前已整理数据或本次低频公开检索中找到该期目录,
日本学刊,1972,1,no_public_source_found,未在当前已整理数据或本次低频公开检索中找到该期目录,
日本学刊,1972,2,no_public_source_found,未在当前已整理数据或本次低频公开检索中找到该期目录,
日本学刊,1973,1,no_public_source_found,未在当前已整理数据或本次低频公开检索中找到该期目录,
日本学刊,1973,2,no_public_source_found,未在当前已整理数据或本次低频公开检索中找到该期目录,
日本学刊,1974,1,no_public_source_found,未在当前已整理数据或本次低频公开检索中找到该期目录,
日本学刊,1974,2,no_public_source_found,未在当前已整理数据或本次低频公开检索中找到该期目录,
日本学刊,1975,1,no_public_source_found,未在当前已整理数据或本次低频公开检索中找到该期目录,
日本学刊,1975,2,no_public_source_found,未在当前已整理数据或本次低频公开检索中找到该期目录,
日本学刊,1976,2,no_public_source_found,未在当前已整理数据或本次低频公开检索中找到该期目录,
日本学刊,1977,1,no_public_source_found,未在当前已整理数据或本次低频公开检索中找到该期目录,
日本学刊,1977,2,no_public_source_found,未在当前已整理数据或本次低频公开检索中找到该期目录,
日本学刊,1978,1,no_public_source_found,未在当前已整理数据或本次低频公开检索中找到该期目录,
日本学刊,1978,2,no_public_source_found,未在当前已整理数据或本次低频公开检索中找到该期目录,
日本学刊,1979,1,no_public_source_found,未在当前已整理数据或本次低频公开检索中找到该期目录,
日本学刊,1979,2,no_public_source_found,未在当前已整理数据或本次低频公开检索中找到该期目录,
日本学刊,1980,2,no_public_source_found,未在当前已整理数据或本次低频公开检索中找到该期目录,
日本学刊,1981,1,no_public_source_found,未在当前已整理数据或本次低频公开检索中找到该期目录,
日本学刊,1981,2,no_public_source_found,未在当前已整理数据或本次低频公开检索中找到该期目录,
日本学刊,1982,1,no_public_source_found,未在当前已整理数据或本次低频公开检索中找到该期目录,
日本学刊,1982,2,no_public_source_found,未在当前已整理数据或本次低频公开检索中找到该期目录,
日本学刊,1983,2,no_public_source_found,未在当前已整理数据或本次低频公开检索中找到该期目录,
日本学刊,1984,2,no_public_source_found,未在当前已整理数据或本次低频公开检索中找到该期目录,
日本学刊,1985,2,no_public_source_found,未在当前已整理数据或本次低频公开检索中找到该期目录,
日本学刊,1986,2,no_public_source_found,未在当前已整理数据或本次低频公开检索中找到该期目录,
日本学刊,1987,2,no_public_source_found,未在当前已整理数据或本次低频公开检索中找到该期目录,
日本学刊,1988,2,no_public_source_found,未在当前已整理数据或本次低频公开检索中找到该期目录,
日本学刊,1989,2,no_public_source_found,未在当前已整理数据或本次低频公开检索中找到该期目录,
日本学刊,1990,2,no_public_source_found,未在当前已整理数据或本次低频公开检索中找到该期目录,
日本学刊,1991,1,no_public_source_found,未在当前已整理数据或本次低频公开检索中找到该期目录,
日本学刊,1991,2,no_public_source_found,未在当前已整理数据或本次低频公开检索中找到该期目录,
日本学刊,1992,1,no_public_source_found,未在当前已整理数据或本次低频公开检索中找到该期目录,
日本学刊,1992,2,no_public_source_found,未在当前已整理数据或本次低频公开检索中找到该期目录,
日本学刊,1993,2,no_public_source_found,未在当前已整理数据或本次低频公开检索中找到该期目录,
日本学刊,1994,1,no_public_source_found,未在当前已整理数据或本次低频公开检索中找到该期目录,
日本学刊,1994,2,no_public_source_found,未在当前已整理数据或本次低频公开检索中找到该期目录,
日本学刊,1995,2,no_public_source_found,未在当前已整理数据或本次低频公开检索中找到该期目录,
日本学刊,1996,1,no_public_source_found,未在当前已整理数据或本次低频公开检索中找到该期目录,
日本学刊,1996,2,no_public_source_found,未在当前已整理数据或本次低频公开检索中找到该期目录,
日本学刊,1997,2,no_public_source_found,未在当前已整理数据或本次低频公开检索中找到该期目录,
日本学刊,1998,2,no_public_source_found,未在当前已整理数据或本次低频公开检索中找到该期目录,
日本学刊,1999,1,no_public_source_found,未在当前已整理数据或本次低频公开检索中找到该期目录,
日本学刊,1999,2,no_public_source_found,未在当前已整理数据或本次低频公开检索中找到该期目录,
日本学刊,2000,2,no_public_source_found,未在当前已整理数据或本次低频公开检索中找到该期目录,
日本学刊,2001,2,no_public_source_found,未在当前已整理数据或本次低频公开检索中找到该期目录,
日本学刊,2002,2,no_public_source_found,未在当前已整理数据或本次低频公开检索中找到该期目录,
日本学刊,2003,2,no_public_source_found,未在当前已整理数据或本次低频公开检索中找到该期目录,
日本学刊,2004,2,no_public_source_found,未在当前已整理数据或本次低频公开检索中找到该期目录,
日本学刊,2005,2,no_public_source_found,未在当前已整理数据或本次低频公开检索中找到该期目录,
日本学刊,2006,2,no_public_source_found,未在当前已整理数据或本次低频公开检索中找到该期目录,
日本学刊,2007,2,no_public_source_found,未在当前已整理数据或本次低频公开检索中找到该期目录,
日本学刊,2008,2,no_public_source_found,未在当前已整理数据或本次低频公开检索中找到该期目录,
日本学刊,2009,2,no_public_source_found,未在当前已整理数据或本次低频公开检索中找到该期目录,
日本学刊,2011,1,no_public_source_found,未在当前已整理数据或本次低频公开检索中找到该期目录,
日本学刊,2012,1,no_public_source_found,未在当前已整理数据或本次低频公开检索中找到该期目录,
日本学刊,2013,1,no_public_source_found,未在当前已整理数据或本次低频公开检索中找到该期目录,
日本学刊,2013,2,no_public_source_found,未在当前已整理数据或本次低频公开检索中找到该期目录,
日本学刊,2014,1,no_public_source_found,未在当前已整理数据或本次低频公开检索中找到该期目录,
日本学刊,2014,2,no_public_source_found,未在当前已整理数据或本次低频公开检索中找到该期目录,
日本学刊,2015,1,no_public_source_found,未在当前已整理数据或本次低频公开检索中找到该期目录,
日本学刊,2015,2,no_public_source_found,未在当前已整理数据或本次低频公开检索中找到该期目录,
日本学刊,2016,2,no_public_source_found,未在当前已整理数据或本次低频公开检索中找到该期目录,
日本学刊,2017,1,no_public_source_found,未在当前已整理数据或本次低频公开检索中找到该期目录,
日本学刊,2017,2,no_public_source_found,未在当前已整理数据或本次低频公开检索中找到该期目录,
日本学刊,2018,1,no_public_source_found,未在当前已整理数据或本次低频公开检索中找到该期目录,
日本学刊,2018,2,no_public_source_found,未在当前已整理数据或本次低频公开检索中找到该期目录,
日本学刊,2019,1,no_public_source_found,未在当前已整理数据或本次低频公开检索中找到该期目录,
日本学刊,2019,2,no_public_source_found,未在当前已整理数据或本次低频公开检索中找到该期目录,
日本学刊,2020,1,no_public_source_found,未在当前已整理数据或本次低频公开检索中找到该期目录,
日本学刊,2020,2,no_public_source_found,未在当前已整理数据或本次低频公开检索中找到该期目录,
日本学刊,2021,1,no_public_source_found,未在当前已整理数据或本次低频公开检索中找到该期目录,
日本学刊,2021,2,no_public_source_found,未在当前已整理数据或本次低频公开检索中找到该期目录,
日本学刊,2022,1,no_public_source_found,未在当前已整理数据或本次低频公开检索中找到该期目录,
日本学刊,2022,2,no_public_source_found,未在当前已整理数据或本次低频公开检索中找到该期目录,
日本学刊,2023,1,no_public_source_found,未在当前已整理数据或本次低频公开检索中找到该期目录,
日本学刊,2023,2,no_public_source_found,未在当前已整理数据或本次低频公开检索中找到该期目录,
日本学刊,2024,1,no_public_source_found,未在当前已整理数据或本次低频公开检索中找到该期目录,
日本学刊,2024,2,no_public_source_found,未在当前已整理数据或本次低频公开检索中找到该期目录,
日本学刊,2025,1,no_public_source_found,未在当前已整理数据或本次低频公开检索中找到该期目录,
日本学刊,2025,2,no_public_source_found,未在当前已整理数据或本次低频公开检索中找到该期目录,
日本学刊,2026,,no_public_source_found,2026 年尚未在当前公开来源中检索到期次,
当代亚太,1992,2,no_public_source_found,未在当前已整理数据或本次低频公开检索中找到该期目录,
当代亚太,1992,3,no_public_source_found,未在当前已整理数据或本次低频公开检索中找到该期目录,
当代亚太,1992,4,no_public_source_found,未在当前已整理数据或本次低频公开检索中找到该期目录,
当代亚太,1992,7,no_public_source_found,未在当前已整理数据或本次低频公开检索中找到该期目录,
当代亚太,1992,8,no_public_source_found,未在当前已整理数据或本次低频公开检索中找到该期目录,
当代亚太,1992,9,no_public_source_found,未在当前已整理数据或本次低频公开检索中找到该期目录,
当代亚太,1992,10,no_public_source_found,未在当前已整理数据或本次低频公开检索中找到该期目录,
当代亚太,1992,11,no_public_source_found,未在当前已整理数据或本次低频公开检索中找到该期目录,
当代亚太,1992,12,no_public_source_found,未在当前已整理数据或本次低频公开检索中找到该期目录,
当代亚太,1993,1,no_public_source_found,未在当前已整理数据或本次低频公开检索中找到该期目录,
当代亚太,1993,2,no_public_source_found,未在当前已整理数据或本次低频公开检索中找到该期目录,
当代亚太,1993,3,no_public_source_found,未在当前已整理数据或本次低频公开检索中找到该期目录,
当代亚太,1993,4,no_public_source_found,未在当前已整理数据或本次低频公开检索中找到该期目录,
当代亚太,1993,5,no_public_source_found,未在当前已整理数据或本次低频公开检索中找到该期目录,
当代亚太,1993,6,no_public_source_found,未在当前已整理数据或本次低频公开检索中找到该期目录,
当代亚太,1993,7,no_public_source_found,未在当前已整理数据或本次低频公开检索中找到该期目录,
当代亚太,1993,8,no_public_source_found,未在当前已整理数据或本次低频公开检索中找到该期目录,
当代亚太,1993,9,no_public_source_found,未在当前已整理数据或本次低频公开检索中找到该期目录,
当代亚太,1993,10,no_public_source_found,未在当前已整理数据或本次低频公开检索中找到该期目录,
当代亚太,1993,11,no_public_source_found,未在当前已整理数据或本次低频公开检索中找到该期目录,
当代亚太,1993,12,no_public_source_found,未在当前已整理数据或本次低频公开检索中找到该期目录,
当代亚太,1994,1,no_public_source_found,未在当前已整理数据或本次低频公开检索中找到该期目录,
当代亚太,1994,7,no_public_source_found,未在当前已整理数据或本次低频公开检索中找到该期目录,
当代亚太,1994,8,no_public_source_found,未在当前已整理数据或本次低频公开检索中找到该期目录,
当代亚太,1994,9,no_public_source_found,未在当前已整理数据或本次低频公开检索中找到该期目录,
当代亚太,1994,10,no_public_source_found,未在当前已整理数据或本次低频公开检索中找到该期目录,
当代亚太,1994,11,no_public_source_found,未在当前已整理数据或本次低频公开检索中找到该期目录,
当代亚太,1994,12,no_public_source_found,未在当前已整理数据或本次低频公开检索中找到该期目录,
当代亚太,1995,6,no_public_source_found,未在当前已整理数据或本次低频公开检索中找到该期目录,
当代亚太,1995,7,no_public_source_found,未在当前已整理数据或本次低频公开检索中找到该期目录,
当代亚太,1995,8,no_public_source_found,未在当前已整理数据或本次低频公开检索中找到该期目录,
当代亚太,1995,9,no_public_source_found,未在当前已整理数据或本次低频公开检索中找到该期目录,
当代亚太,1995,10,no_public_source_found,未在当前已整理数据或本次低频公开检索中找到该期目录,
当代亚太,1995,11,no_public_source_found,未在当前已整理数据或本次低频公开检索中找到该期目录,
当代亚太,1995,12,no_public_source_found,未在当前已整理数据或本次低频公开检索中找到该期目录,
当代亚太,1996,3,no_public_source_found,未在当前已整理数据或本次低频公开检索中找到该期目录,
当代亚太,1996,5,no_public_source_found,未在当前已整理数据或本次低频公开检索中找到该期目录,
当代亚太,1996,7,no_public_source_found,未在当前已整理数据或本次低频公开检索中找到该期目录,
当代亚太,1996,8,no_public_source_found,未在当前已整理数据或本次低频公开检索中找到该期目录,
当代亚太,1996,9,no_public_source_found,未在当前已整理数据或本次低频公开检索中找到该期目录,
当代亚太,1996,10,no_public_source_found,未在当前已整理数据或本次低频公开检索中找到该期目录,
当代亚太,1996,11,no_public_source_found,未在当前已整理数据或本次低频公开检索中找到该期目录,
当代亚太,1996,12,no_public_source_found,未在当前已整理数据或本次低频公开检索中找到该期目录,
当代亚太,1997,1,no_public_source_found,未在当前已整理数据或本次低频公开检索中找到该期目录,
当代亚太,1997,7,no_public_source_found,未在当前已整理数据或本次低频公开检索中找到该期目录,
当代亚太,1997,8,no_public_source_found,未在当前已整理数据或本次低频公开检索中找到该期目录,
当代亚太,1997,9,no_public_source_found,未在当前已整理数据或本次低频公开检索中找到该期目录,
当代亚太,1997,10,no_public_source_found,未在当前已整理数据或本次低频公开检索中找到该期目录,
当代亚太,1997,11,no_public_source_found,未在当前已整理数据或本次低频公开检索中找到该期目录,
当代亚太,1997,12,no_public_source_found,未在当前已整理数据或本次低频公开检索中找到该期目录,
当代亚太,1998,5,no_public_source_found,未在当前已整理数据或本次低频公开检索中找到该期目录,
当代亚太,1998,7,no_public_source_found,未在当前已整理数据或本次低频公开检索中找到该期目录,
当代亚太,1998,8,no_public_source_found,未在当前已整理数据或本次低频公开检索中找到该期目录,
当代亚太,1998,9,no_public_source_found,未在当前已整理数据或本次低频公开检索中找到该期目录,
当代亚太,1998,10,no_public_source_found,未在当前已整理数据或本次低频公开检索中找到该期目录,
当代亚太,1998,12,no_public_source_found,未在当前已整理数据或本次低频公开检索中找到该期目录,
当代亚太,1999,4,no_public_source_found,未在当前已整理数据或本次低频公开检索中找到该期目录,
当代亚太,1999,5,no_public_source_found,未在当前已整理数据或本次低频公开检索中找到该期目录,
当代亚太,1999,8,no_public_source_found,未在当前已整理数据或本次低频公开检索中找到该期目录,
当代亚太,1999,10,no_public_source_found,未在当前已整理数据或本次低频公开检索中找到该期目录,
当代亚太,1999,12,no_public_source_found,未在当前已整理数据或本次低频公开检索中找到该期目录,
当代亚太,2000,2,no_public_source_found,未在当前已整理数据或本次低频公开检索中找到该期目录,
当代亚太,2000,3,no_public_source_found,未在当前已整理数据或本次低频公开检索中找到该期目录,
当代亚太,2000,4,no_public_source_found,未在当前已整理数据或本次低频公开检索中找到该期目录,
当代亚太,2000,5,no_public_source_found,未在当前已整理数据或本次低频公开检索中找到该期目录,
当代亚太,2000,7,no_public_source_found,未在当前已整理数据或本次低频公开检索中找到该期目录,
当代亚太,2000,8,no_public_source_found,未在当前已整理数据或本次低频公开检索中找到该期目录,
当代亚太,2000,9,no_public_source_found,未在当前已整理数据或本次低频公开检索中找到该期目录,
当代亚太,2000,10,no_public_source_found,未在当前已整理数据或本次低频公开检索中找到该期目录,
当代亚太,2000,11,no_public_source_found,未在当前已整理数据或本次低频公开检索中找到该期目录,
当代亚太,2000,12,no_public_source_found,未在当前已整理数据或本次低频公开检索中找到该期目录,
当代亚太,2001,2,no_public_source_found,未在当前已整理数据或本次低频公开检索中找到该期目录,
当代亚太,2001,4,no_public_source_found,未在当前已整理数据或本次低频公开检索中找到该期目录,
当代亚太,2001,5,no_public_source_found,未在当前已整理数据或本次低频公开检索中找到该期目录,
当代亚太,2001,6,no_public_source_found,未在当前已整理数据或本次低频公开检索中找到该期目录,
当代亚太,2001,7,no_public_source_found,未在当前已整理数据或本次低频公开检索中找到该期目录,
当代亚太,2001,8,no_public_source_found,未在当前已整理数据或本次低频公开检索中找到该期目录,
当代亚太,2001,9,no_public_source_found,未在当前已整理数据或本次低频公开检索中找到该期目录,
当代亚太,2001,11,no_public_source_found,未在当前已整理数据或本次低频公开检索中找到该期目录,
当代亚太,2002,5,no_public_source_found,未在当前已整理数据或本次低频公开检索中找到该期目录,
当代亚太,2002,6,no_public_source_found,未在当前已整理数据或本次低频公开检索中找到该期目录,
当代亚太,2002,7,no_public_source_found,未在当前已整理数据或本次低频公开检索中找到该期目录,
当代亚太,2002,10,no_public_source_found,未在当前已整理数据或本次低频公开检索中找到该期目录,
当代亚太,2003,2,no_public_source_found,未在当前已整理数据或本次低频公开检索中找到该期目录,
当代亚太,2003,3,no_public_source_found,未在当前已整理数据或本次低频公开检索中找到该期目录,
当代亚太,2003,7,no_public_source_found,未在当前已整理数据或本次低频公开检索中找到该期目录,
当代亚太,2003,8,no_public_source_found,未在当前已整理数据或本次低频公开检索中找到该期目录,
当代亚太,2003,9,no_public_source_found,未在当前已整理数据或本次低频公开检索中找到该期目录,
当代亚太,2003,10,no_public_source_found,未在当前已整理数据或本次低频公开检索中找到该期目录,
当代亚太,2003,11,no_public_source_found,未在当前已整理数据或本次低频公开检索中找到该期目录,
当代亚太,2004,1,no_public_source_found,未在当前已整理数据或本次低频公开检索中找到该期目录,
当代亚太,2004,3,no_public_source_found,未在当前已整理数据或本次低频公开检索中找到该期目录,
当代亚太,2004,6,no_public_source_found,未在当前已整理数据或本次低频公开检索中找到该期目录,
当代亚太,2004,8,no_public_source_found,未在当前已整理数据或本次低频公开检索中找到该期目录,
当代亚太,2004,10,no_public_source_found,未在当前已整理数据或本次低频公开检索中找到该期目录,
当代亚太,2004,12,no_public_source_found,未在当前已整理数据或本次低频公开检索中找到该期目录,
当代亚太,2005,10,no_public_source_found,未在当前已整理数据或本次低频公开检索中找到该期目录,
当代亚太,2006,4,no_public_source_found,未在当前已整理数据或本次低频公开检索中找到该期目录,
当代亚太,2006,5,no_public_source_found,未在当前已整理数据或本次低频公开检索中找到该期目录,
当代亚太,2006,12,no_public_source_found,未在当前已整理数据或本次低频公开检索中找到该期目录,
当代亚太,2007,1,no_public_source_found,未在当前已整理数据或本次低频公开检索中找到该期目录,
当代亚太,2007,2,no_public_source_found,未在当前已整理数据或本次低频公开检索中找到该期目录,
当代亚太,2007,4,no_public_source_found,未在当前已整理数据或本次低频公开检索中找到该期目录,
当代亚太,2007,7,no_public_source_found,未在当前已整理数据或本次低频公开检索中找到该期目录,
当代亚太,2007,9,no_public_source_found,未在当前已整理数据或本次低频公开检索中找到该期目录,
当代亚太,2007,11,no_public_source_found,未在当前已整理数据或本次低频公开检索中找到该期目录,
当代亚太,2008,7,no_public_source_found,未在当前已整理数据或本次低频公开检索中找到该期目录,
当代亚太,2008,8,no_public_source_found,未在当前已整理数据或本次低频公开检索中找到该期目录,
当代亚太,2008,9,no_public_source_found,未在当前已整理数据或本次低频公开检索中找到该期目录,
当代亚太,2008,10,no_public_source_found,未在当前已整理数据或本次低频公开检索中找到该期目录,
当代亚太,2008,11,no_public_source_found,未在当前已整理数据或本次低频公开检索中找到该期目录,
当代亚太,2008,12,no_public_source_found,未在当前已整理数据或本次低频公开检索中找到该期目录,
当代亚太,2009,3,no_public_source_found,未在当前已整理数据或本次低频公开检索中找到该期目录,
当代亚太,2009,7,no_public_source_found,未在当前已整理数据或本次低频公开检索中找到该期目录,
当代亚太,2009,8,no_public_source_found,未在当前已整理数据或本次低频公开检索中找到该期目录,
当代亚太,2009,9,no_public_source_found,未在当前已整理数据或本次低频公开检索中找到该期目录,
当代亚太,2009,10,no_public_source_found,未在当前已整理数据或本次低频公开检索中找到该期目录,
当代亚太,2009,11,no_public_source_found,未在当前已整理数据或本次低频公开检索中找到该期目录,
当代亚太,2009,12,no_public_source_found,未在当前已整理数据或本次低频公开检索中找到该期目录,
当代亚太,2010,4,no_public_source_found,未在当前已整理数据或本次低频公开检索中找到该期目录,
当代亚太,2010,7,no_public_source_found,未在当前已整理数据或本次低频公开检索中找到该期目录,
当代亚太,2010,8,no_public_source_found,未在当前已整理数据或本次低频公开检索中找到该期目录,
当代亚太,2010,9,no_public_source_found,未在当前已整理数据或本次低频公开检索中找到该期目录,
当代亚太,2010,10,no_public_source_found,未在当前已整理数据或本次低频公开检索中找到该期目录,
当代亚太,2010,11,no_public_source_found,未在当前已整理数据或本次低频公开检索中找到该期目录,
当代亚太,2010,12,no_public_source_found,未在当前已整理数据或本次低频公开检索中找到该期目录,
当代亚太,2011,4,no_public_source_found,未在当前已整理数据或本次低频公开检索中找到该期目录,
当代亚太,2011,6,no_public_source_found,未在当前已整理数据或本次低频公开检索中找到该期目录,
当代亚太,2011,7,no_public_source_found,未在当前已整理数据或本次低频公开检索中找到该期目录,
当代亚太,2011,8,no_public_source_found,未在当前已整理数据或本次低频公开检索中找到该期目录,
当代亚太,2011,9,no_public_source_found,未在当前已整理数据或本次低频公开检索中找到该期目录,
当代亚太,2011,10,no_public_source_found,未在当前已整理数据或本次低频公开检索中找到该期目录,
当代亚太,2011,11,no_public_source_found,未在当前已整理数据或本次低频公开检索中找到该期目录,
当代亚太,2011,12,no_public_source_found,未在当前已整理数据或本次低频公开检索中找到该期目录,
当代亚太,2012,7,no_public_source_found,未在当前已整理数据或本次低频公开检索中找到该期目录,
当代亚太,2012,8,no_public_source_found,未在当前已整理数据或本次低频公开检索中找到该期目录,
当代亚太,2012,9,no_public_source_found,未在当前已整理数据或本次低频公开检索中找到该期目录,
当代亚太,2012,10,no_public_source_found,未在当前已整理数据或本次低频公开检索中找到该期目录,
当代亚太,2012,11,no_public_source_found,未在当前已整理数据或本次低频公开检索中找到该期目录,
当代亚太,2012,12,no_public_source_found,未在当前已整理数据或本次低频公开检索中找到该期目录,
当代亚太,2013,7,no_public_source_found,未在当前已整理数据或本次低频公开检索中找到该期目录,
当代亚太,2013,8,no_public_source_found,未在当前已整理数据或本次低频公开检索中找到该期目录,
当代亚太,2013,9,no_public_source_found,未在当前已整理数据或本次低频公开检索中找到该期目录,
当代亚太,2013,10,no_public_source_found,未在当前已整理数据或本次低频公开检索中找到该期目录,
当代亚太,2013,11,no_public_source_found,未在当前已整理数据或本次低频公开检索中找到该期目录,
当代亚太,2013,12,no_public_source_found,未在当前已整理数据或本次低频公开检索中找到该期目录,
当代亚太,2014,7,no_public_source_found,未在当前已整理数据或本次低频公开检索中找到该期目录,
当代亚太,2014,8,no_public_source_found,未在当前已整理数据或本次低频公开检索中找到该期目录,
当代亚太,2014,9,no_public_source_found,未在当前已整理数据或本次低频公开检索中找到该期目录,
当代亚太,2014,10,no_public_source_found,未在当前已整理数据或本次低频公开检索中找到该期目录,
当代亚太,2014,11,no_public_source_found,未在当前已整理数据或本次低频公开检索中找到该期目录,
当代亚太,2014,12,no_public_source_found,未在当前已整理数据或本次低频公开检索中找到该期目录,
当代亚太,2015,3,no_public_source_found,未在当前已整理数据或本次低频公开检索中找到该期目录,
当代亚太,2015,7,no_public_source_found,未在当前已整理数据或本次低频公开检索中找到该期目录,
当代亚太,2015,8,no_public_source_found,未在当前已整理数据或本次低频公开检索中找到该期目录,
当代亚太,2015,9,no_public_source_found,未在当前已整理数据或本次低频公开检索中找到该期目录,
当代亚太,2015,10,no_public_source_found,未在当前已整理数据或本次低频公开检索中找到该期目录,
当代亚太,2015,11,no_public_source_found,未在当前已整理数据或本次低频公开检索中找到该期目录,
当代亚太,2015,12,no_public_source_found,未在当前已整理数据或本次低频公开检索中找到该期目录,
当代亚太,2016,5,no_public_source_found,未在当前已整理数据或本次低频公开检索中找到该期目录,
当代亚太,2016,6,no_public_source_found,未在当前已整理数据或本次低频公开检索中找到该期目录,
当代亚太,2016,7,no_public_source_found,未在当前已整理数据或本次低频公开检索中找到该期目录,
当代亚太,2016,8,no_public_source_found,未在当前已整理数据或本次低频公开检索中找到该期目录,
当代亚太,2016,9,no_public_source_found,未在当前已整理数据或本次低频公开检索中找到该期目录,
当代亚太,2016,10,no_public_source_found,未在当前已整理数据或本次低频公开检索中找到该期目录,
当代亚太,2016,11,no_public_source_found,未在当前已整理数据或本次低频公开检索中找到该期目录,
当代亚太,2016,12,no_public_source_found,未在当前已整理数据或本次低频公开检索中找到该期目录,
当代亚太,2017,1,no_public_source_found,未在当前已整理数据或本次低频公开检索中找到该期目录,
当代亚太,2017,3,no_public_source_found,未在当前已整理数据或本次低频公开检索中找到该期目录,
当代亚太,2017,4,no_public_source_found,未在当前已整理数据或本次低频公开检索中找到该期目录,
当代亚太,2017,5,no_public_source_found,未在当前已整理数据或本次低频公开检索中找到该期目录,
当代亚太,2017,6,no_public_source_found,未在当前已整理数据或本次低频公开检索中找到该期目录,
当代亚太,2017,7,no_public_source_found,未在当前已整理数据或本次低频公开检索中找到该期目录,
当代亚太,2017,8,no_public_source_found,未在当前已整理数据或本次低频公开检索中找到该期目录,
当代亚太,2017,9,no_public_source_found,未在当前已整理数据或本次低频公开检索中找到该期目录,
当代亚太,2017,10,no_public_source_found,未在当前已整理数据或本次低频公开检索中找到该期目录,
当代亚太,2017,11,no_public_source_found,未在当前已整理数据或本次低频公开检索中找到该期目录,
当代亚太,2017,12,no_public_source_found,未在当前已整理数据或本次低频公开检索中找到该期目录,
当代亚太,2018,2,no_public_source_found,未在当前已整理数据或本次低频公开检索中找到该期目录,
当代亚太,2018,3,no_public_source_found,未在当前已整理数据或本次低频公开检索中找到该期目录,
当代亚太,2018,4,no_public_source_found,未在当前已整理数据或本次低频公开检索中找到该期目录,
当代亚太,2018,5,no_public_source_found,未在当前已整理数据或本次低频公开检索中找到该期目录,
当代亚太,2018,6,no_public_source_found,未在当前已整理数据或本次低频公开检索中找到该期目录,
当代亚太,2018,7,no_public_source_found,未在当前已整理数据或本次低频公开检索中找到该期目录,
当代亚太,2018,8,no_public_source_found,未在当前已整理数据或本次低频公开检索中找到该期目录,
当代亚太,2018,9,no_public_source_found,未在当前已整理数据或本次低频公开检索中找到该期目录,
当代亚太,2018,10,no_public_source_found,未在当前已整理数据或本次低频公开检索中找到该期目录,
当代亚太,2018,11,no_public_source_found,未在当前已整理数据或本次低频公开检索中找到该期目录,
当代亚太,2018,12,no_public_source_found,未在当前已整理数据或本次低频公开检索中找到该期目录,
当代亚太,2019,1,no_public_source_found,未在当前已整理数据或本次低频公开检索中找到该期目录,
当代亚太,2019,2,no_public_source_found,未在当前已整理数据或本次低频公开检索中找到该期目录,
当代亚太,2019,3,no_public_source_found,未在当前已整理数据或本次低频公开检索中找到该期目录,
当代亚太,2019,4,no_public_source_found,未在当前已整理数据或本次低频公开检索中找到该期目录,
当代亚太,2019,5,no_public_source_found,未在当前已整理数据或本次低频公开检索中找到该期目录,
当代亚太,2019,6,no_public_source_found,未在当前已整理数据或本次低频公开检索中找到该期目录,
当代亚太,2019,7,no_public_source_found,未在当前已整理数据或本次低频公开检索中找到该期目录,
当代亚太,2019,8,no_public_source_found,未在当前已整理数据或本次低频公开检索中找到该期目录,
当代亚太,2019,9,no_public_source_found,未在当前已整理数据或本次低频公开检索中找到该期目录,
当代亚太,2019,10,no_public_source_found,未在当前已整理数据或本次低频公开检索中找到该期目录,
当代亚太,2019,11,no_public_source_found,未在当前已整理数据或本次低频公开检索中找到该期目录,
当代亚太,2019,12,no_public_source_found,未在当前已整理数据或本次低频公开检索中找到该期目录,
当代亚太,2020,2,no_public_source_found,未在当前已整理数据或本次低频公开检索中找到该期目录,
当代亚太,2020,3,no_public_source_found,未在当前已整理数据或本次低频公开检索中找到该期目录,
当代亚太,2020,4,no_public_source_found,未在当前已整理数据或本次低频公开检索中找到该期目录,
当代亚太,2020,5,no_public_source_found,未在当前已整理数据或本次低频公开检索中找到该期目录,
当代亚太,2020,6,no_public_source_found,未在当前已整理数据或本次低频公开检索中找到该期目录,
当代亚太,2020,7,no_public_source_found,未在当前已整理数据或本次低频公开检索中找到该期目录,
当代亚太,2020,8,no_public_source_found,未在当前已整理数据或本次低频公开检索中找到该期目录,
当代亚太,2020,9,no_public_source_found,未在当前已整理数据或本次低频公开检索中找到该期目录,
当代亚太,2020,10,no_public_source_found,未在当前已整理数据或本次低频公开检索中找到该期目录,
当代亚太,2020,11,no_public_source_found,未在当前已整理数据或本次低频公开检索中找到该期目录,
当代亚太,2020,12,no_public_source_found,未在当前已整理数据或本次低频公开检索中找到该期目录,
当代亚太,2021,1,no_public_source_found,未在当前已整理数据或本次低频公开检索中找到该期目录,
当代亚太,2021,2,no_public_source_found,未在当前已整理数据或本次低频公开检索中找到该期目录,
当代亚太,2021,3,no_public_source_found,未在当前已整理数据或本次低频公开检索中找到该期目录,
当代亚太,2021,4,no_public_source_found,未在当前已整理数据或本次低频公开检索中找到该期目录,
当代亚太,2021,5,no_public_source_found,未在当前已整理数据或本次低频公开检索中找到该期目录,
当代亚太,2021,6,no_public_source_found,未在当前已整理数据或本次低频公开检索中找到该期目录,
当代亚太,2021,7,no_public_source_found,未在当前已整理数据或本次低频公开检索中找到该期目录,
当代亚太,2021,8,no_public_source_found,未在当前已整理数据或本次低频公开检索中找到该期目录,
当代亚太,2021,9,no_public_source_found,未在当前已整理数据或本次低频公开检索中找到该期目录,
当代亚太,2021,10,no_public_source_found,未在当前已整理数据或本次低频公开检索中找到该期目录,
当代亚太,2021,11,no_public_source_found,未在当前已整理数据或本次低频公开检索中找到该期目录,
当代亚太,2021,12,no_public_source_found,未在当前已整理数据或本次低频公开检索中找到该期目录,
当代亚太,2022,1,no_public_source_found,未在当前已整理数据或本次低频公开检索中找到该期目录,
当代亚太,2022,2,no_public_source_found,未在当前已整理数据或本次低频公开检索中找到该期目录,
当代亚太,2022,3,no_public_source_found,未在当前已整理数据或本次低频公开检索中找到该期目录,
当代亚太,2022,4,no_public_source_found,未在当前已整理数据或本次低频公开检索中找到该期目录,
当代亚太,2022,5,no_public_source_found,未在当前已整理数据或本次低频公开检索中找到该期目录,
当代亚太,2022,6,no_public_source_found,未在当前已整理数据或本次低频公开检索中找到该期目录,
当代亚太,2022,7,no_public_source_found,未在当前已整理数据或本次低频公开检索中找到该期目录,
当代亚太,2022,8,no_public_source_found,未在当前已整理数据或本次低频公开检索中找到该期目录,
当代亚太,2022,9,no_public_source_found,未在当前已整理数据或本次低频公开检索中找到该期目录,
当代亚太,2022,10,no_public_source_found,未在当前已整理数据或本次低频公开检索中找到该期目录,
当代亚太,2022,11,no_public_source_found,未在当前已整理数据或本次低频公开检索中找到该期目录,
当代亚太,2022,12,no_public_source_found,未在当前已整理数据或本次低频公开检索中找到该期目录,
当代亚太,2023,1,no_public_source_found,未在当前已整理数据或本次低频公开检索中找到该期目录,
当代亚太,2023,2,no_public_source_found,未在当前已整理数据或本次低频公开检索中找到该期目录,
当代亚太,2023,3,no_public_source_found,未在当前已整理数据或本次低频公开检索中找到该期目录,
当代亚太,2023,4,no_public_source_found,未在当前已整理数据或本次低频公开检索中找到该期目录,
当代亚太,2023,5,no_public_source_found,未在当前已整理数据或本次低频公开检索中找到该期目录,
当代亚太,2023,6,no_public_source_found,未在当前已整理数据或本次低频公开检索中找到该期目录,
当代亚太,2023,7,no_public_source_found,未在当前已整理数据或本次低频公开检索中找到该期目录,
当代亚太,2023,8,no_public_source_found,未在当前已整理数据或本次低频公开检索中找到该期目录,
当代亚太,2023,9,no_public_source_found,未在当前已整理数据或本次低频公开检索中找到该期目录,
当代亚太,2023,10,no_public_source_found,未在当前已整理数据或本次低频公开检索中找到该期目录,
当代亚太,2023,11,no_public_source_found,未在当前已整理数据或本次低频公开检索中找到该期目录,
当代亚太,2023,12,no_public_source_found,未在当前已整理数据或本次低频公开检索中找到该期目录,
当代亚太,2024,1,no_public_source_found,未在当前已整理数据或本次低频公开检索中找到该期目录,
当代亚太,2024,2,no_public_source_found,未在当前已整理数据或本次低频公开检索中找到该期目录,
当代亚太,2024,3,no_public_source_found,未在当前已整理数据或本次低频公开检索中找到该期目录,
当代亚太,2024,4,no_public_source_found,未在当前已整理数据或本次低频公开检索中找到该期目录,
当代亚太,2024,5,no_public_source_found,未在当前已整理数据或本次低频公开检索中找到该期目录,
当代亚太,2024,6,no_public_source_found,未在当前已整理数据或本次低频公开检索中找到该期目录,
当代亚太,2024,7,no_public_source_found,未在当前已整理数据或本次低频公开检索中找到该期目录,
当代亚太,2024,8,no_public_source_found,未在当前已整理数据或本次低频公开检索中找到该期目录,
当代亚太,2024,9,no_public_source_found,未在当前已整理数据或本次低频公开检索中找到该期目录,
当代亚太,2024,10,no_public_source_found,未在当前已整理数据或本次低频公开检索中找到该期目录,
当代亚太,2024,11,no_public_source_found,未在当前已整理数据或本次低频公开检索中找到该期目录,
当代亚太,2024,12,no_public_source_found,未在当前已整理数据或本次低频公开检索中找到该期目录,
当代亚太,2025,1,no_public_source_found,未在当前已整理数据或本次低频公开检索中找到该期目录,
当代亚太,2025,2,no_public_source_found,未在当前已整理数据或本次低频公开检索中找到该期目录,
当代亚太,2025,3,no_public_source_found,未在当前已整理数据或本次低频公开检索中找到该期目录,
当代亚太,2025,4,no_public_source_found,未在当前已整理数据或本次低频公开检索中找到该期目录,
当代亚太,2025,5,no_public_source_found,未在当前已整理数据或本次低频公开检索中找到该期目录,
当代亚太,2025,6,no_public_source_found,未在当前已整理数据或本次低频公开检索中找到该期目录,
当代亚太,2025,7,no_public_source_found,未在当前已整理数据或本次低频公开检索中找到该期目录,
当代亚太,2025,8,no_public_source_found,未在当前已整理数据或本次低频公开检索中找到该期目录,
当代亚太,2025,9,no_public_source_found,未在当前已整理数据或本次低频公开检索中找到该期目录,
当代亚太,2025,10,no_public_source_found,未在当前已整理数据或本次低频公开检索中找到该期目录,
当代亚太,2025,11,no_public_source_found,未在当前已整理数据或本次低频公开检索中找到该期目录,
当代亚太,2025,12,no_public_source_found,未在当前已整理数据或本次低频公开检索中找到该期目录,
当代亚太,2026,2,issue_found_missing_abstract,已找到题名或目录记录，但暂无公开摘要,https://www.cqvip.com/doc/journal/7203469284
当代亚太,2026,2,found_title_missing_metadata,已找到题名，但作者、页码或链接字段仍不完整,https://www.cqvip.com/doc/journal/7203469284
当代亚太,2026,2,issue_found_missing_abstract,已找到题名或目录记录，但暂无公开摘要,https://www.cqvip.com/doc/journal/7203469289
当代亚太,2026,2,issue_found_missing_abstract,已找到题名或目录记录，但暂无公开摘要,https://www.cqvip.com/doc/journal/7203469290
当代亚太,2026,2,issue_found_missing_abstract,已找到题名或目录记录，但暂无公开摘要,https://www.cqvip.com/doc/journal/7203469286
当代亚太,2026,2,issue_found_missing_abstract,已找到题名或目录记录，但暂无公开摘要,https://www.cqvip.com/doc/journal/7203469285
当代亚太,2026,2,issue_found_missing_abstract,已找到题名或目录记录，但暂无公开摘要,https://www.cqvip.com/doc/journal/7203469287
当代亚太,2026,2,issue_found_missing_abstract,已找到题名或目录记录，但暂无公开摘要,https://www.cqvip.com/doc/journal/7203469288
东北亚论坛,1992,5,no_public_source_found,未在当前已整理数据或本次低频公开检索中找到该期目录,
东北亚论坛,1992,6,no_public_source_found,未在当前已整理数据或本次低频公开检索中找到该期目录,
东北亚论坛,1993,1,no_public_source_found,未在当前已整理数据或本次低频公开检索中找到该期目录,
东北亚论坛,1993,5,no_public_source_found,未在当前已整理数据或本次低频公开检索中找到该期目录,
东北亚论坛,1993,6,no_public_source_found,未在当前已整理数据或本次低频公开检索中找到该期目录,
东北亚论坛,1994,1,no_public_source_found,未在当前已整理数据或本次低频公开检索中找到该期目录,
东北亚论坛,1994,5,no_public_source_found,未在当前已整理数据或本次低频公开检索中找到该期目录,
东北亚论坛,1994,6,no_public_source_found,未在当前已整理数据或本次低频公开检索中找到该期目录,
东北亚论坛,1995,5,no_public_source_found,未在当前已整理数据或本次低频公开检索中找到该期目录,
东北亚论坛,1995,6,no_public_source_found,未在当前已整理数据或本次低频公开检索中找到该期目录,
东北亚论坛,1996,2,no_public_source_found,未在当前已整理数据或本次低频公开检索中找到该期目录,
东北亚论坛,1996,5,no_public_source_found,未在当前已整理数据或本次低频公开检索中找到该期目录,
东北亚论坛,1996,6,no_public_source_found,未在当前已整理数据或本次低频公开检索中找到该期目录,
东北亚论坛,1997,2,no_public_source_found,未在当前已整理数据或本次低频公开检索中找到该期目录,
东北亚论坛,1997,5,no_public_source_found,未在当前已整理数据或本次低频公开检索中找到该期目录,
东北亚论坛,1997,6,no_public_source_found,未在当前已整理数据或本次低频公开检索中找到该期目录,
东北亚论坛,1998,2,no_public_source_found,未在当前已整理数据或本次低频公开检索中找到该期目录,
东北亚论坛,1998,5,no_public_source_found,未在当前已整理数据或本次低频公开检索中找到该期目录,
东北亚论坛,1998,6,no_public_source_found,未在当前已整理数据或本次低频公开检索中找到该期目录,
东北亚论坛,1999,5,no_public_source_found,未在当前已整理数据或本次低频公开检索中找到该期目录,
东北亚论坛,1999,6,no_public_source_found,未在当前已整理数据或本次低频公开检索中找到该期目录,
东北亚论坛,2000,1,no_public_source_found,未在当前已整理数据或本次低频公开检索中找到该期目录,
东北亚论坛,2000,5,no_public_source_found,未在当前已整理数据或本次低频公开检索中找到该期目录,
东北亚论坛,2000,6,no_public_source_found,未在当前已整理数据或本次低频公开检索中找到该期目录,
东北亚论坛,2001,5,no_public_source_found,未在当前已整理数据或本次低频公开检索中找到该期目录,
东北亚论坛,2001,6,no_public_source_found,未在当前已整理数据或本次低频公开检索中找到该期目录,
东北亚论坛,2002,5,no_public_source_found,未在当前已整理数据或本次低频公开检索中找到该期目录,
东北亚论坛,2002,6,no_public_source_found,未在当前已整理数据或本次低频公开检索中找到该期目录,
东北亚论坛,2004,5,no_public_source_found,未在当前已整理数据或本次低频公开检索中找到该期目录,
东北亚论坛,2007,3,no_public_source_found,未在当前已整理数据或本次低频公开检索中找到该期目录,
东北亚论坛,2008,1,no_public_source_found,未在当前已整理数据或本次低频公开检索中找到该期目录,
东北亚论坛,2009,6,no_public_source_found,未在当前已整理数据或本次低频公开检索中找到该期目录,
东北亚论坛,2010,5,no_public_source_found,未在当前已整理数据或本次低频公开检索中找到该期目录,
东北亚论坛,2011,1,no_public_source_found,未在当前已整理数据或本次低频公开检索中找到该期目录,
东北亚论坛,2011,2,no_public_source_found,未在当前已整理数据或本次低频公开检索中找到该期目录,
东北亚论坛,2017,1,no_public_source_found,未在当前已整理数据或本次低频公开检索中找到该期目录,
东北亚论坛,2017,3,no_public_source_found,未在当前已整理数据或本次低频公开检索中找到该期目录,
东北亚论坛,2017,6,no_public_source_found,未在当前已整理数据或本次低频公开检索中找到该期目录,
东北亚论坛,2018,1,no_public_source_found,未在当前已整理数据或本次低频公开检索中找到该期目录,
东北亚论坛,2018,4,no_public_source_found,未在当前已整理数据或本次低频公开检索中找到该期目录,
东北亚论坛,2018,5,no_public_source_found,未在当前已整理数据或本次低频公开检索中找到该期目录,
东北亚论坛,2018,6,no_public_source_found,未在当前已整理数据或本次低频公开检索中找到该期目录,
东北亚论坛,2019,1,no_public_source_found,未在当前已整理数据或本次低频公开检索中找到该期目录,
东北亚论坛,2019,2,no_public_source_found,未在当前已整理数据或本次低频公开检索中找到该期目录,
东北亚论坛,2019,5,no_public_source_found,未在当前已整理数据或本次低频公开检索中找到该期目录,
东北亚论坛,2019,6,no_public_source_found,未在当前已整理数据或本次低频公开检索中找到该期目录,
东北亚论坛,2020,1,no_public_source_found,未在当前已整理数据或本次低频公开检索中找到该期目录,
东北亚论坛,2020,3,no_public_source_found,未在当前已整理数据或本次低频公开检索中找到该期目录,
东北亚论坛,2020,4,no_public_source_found,未在当前已整理数据或本次低频公开检索中找到该期目录,
东北亚论坛,2020,6,no_public_source_found,未在当前已整理数据或本次低频公开检索中找到该期目录,
东北亚论坛,2021,1,no_public_source_found,未在当前已整理数据或本次低频公开检索中找到该期目录,
东北亚论坛,2021,2,no_public_source_found,未在当前已整理数据或本次低频公开检索中找到该期目录,
东北亚论坛,2021,3,no_public_source_found,未在当前已整理数据或本次低频公开检索中找到该期目录,
东北亚论坛,2021,4,no_public_source_found,未在当前已整理数据或本次低频公开检索中找到该期目录,
东北亚论坛,2021,5,no_public_source_found,未在当前已整理数据或本次低频公开检索中找到该期目录,
东北亚论坛,2021,6,no_public_source_found,未在当前已整理数据或本次低频公开检索中找到该期目录,
东北亚论坛,2022,1,no_public_source_found,未在当前已整理数据或本次低频公开检索中找到该期目录,
东北亚论坛,2022,2,no_public_source_found,未在当前已整理数据或本次低频公开检索中找到该期目录,
东北亚论坛,2022,3,no_public_source_found,未在当前已整理数据或本次低频公开检索中找到该期目录,
东北亚论坛,2022,4,no_public_source_found,未在当前已整理数据或本次低频公开检索中找到该期目录,
东北亚论坛,2022,5,no_public_source_found,未在当前已整理数据或本次低频公开检索中找到该期目录,
东北亚论坛,2022,6,no_public_source_found,未在当前已整理数据或本次低频公开检索中找到该期目录,
东北亚论坛,2023,1,no_public_source_found,未在当前已整理数据或本次低频公开检索中找到该期目录,
东北亚论坛,2023,2,no_public_source_found,未在当前已整理数据或本次低频公开检索中找到该期目录,
东北亚论坛,2023,3,no_public_source_found,未在当前已整理数据或本次低频公开检索中找到该期目录,
东北亚论坛,2023,4,no_public_source_found,未在当前已整理数据或本次低频公开检索中找到该期目录,
东北亚论坛,2023,5,no_public_source_found,未在当前已整理数据或本次低频公开检索中找到该期目录,
东北亚论坛,2023,6,no_public_source_found,未在当前已整理数据或本次低频公开检索中找到该期目录,
东北亚论坛,2024,1,no_public_source_found,未在当前已整理数据或本次低频公开检索中找到该期目录,
东北亚论坛,2024,2,no_public_source_found,未在当前已整理数据或本次低频公开检索中找到该期目录,
东北亚论坛,2024,3,no_public_source_found,未在当前已整理数据或本次低频公开检索中找到该期目录,
东北亚论坛,2024,4,no_public_source_found,未在当前已整理数据或本次低频公开检索中找到该期目录,
东北亚论坛,2024,5,no_public_source_found,未在当前已整理数据或本次低频公开检索中找到该期目录,
东北亚论坛,2024,6,no_public_source_found,未在当前已整理数据或本次低频公开检索中找到该期目录,
东北亚论坛,2025,1,no_public_source_found,未在当前已整理数据或本次低频公开检索中找到该期目录,
东北亚论坛,2025,2,no_public_source_found,未在当前已整理数据或本次低频公开检索中找到该期目录,
东北亚论坛,2025,3,no_public_source_found,未在当前已整理数据或本次低频公开检索中找到该期目录,
东北亚论坛,2025,4,no_public_source_found,未在当前已整理数据或本次低频公开检索中找到该期目录,
东北亚论坛,2025,5,no_public_source_found,未在当前已整理数据或本次低频公开检索中找到该期目录,
东北亚论坛,2025,6,no_public_source_found,未在当前已整理数据或本次低频公开检索中找到该期目录,
东北亚论坛,2026,3,issue_found_missing_abstract,已找到题名或目录记录，但暂无公开摘要,https://www.cqvip.com/doc/journal/7202752099
东北亚论坛,2026,3,issue_found_missing_abstract,已找到题名或目录记录，但暂无公开摘要,https://www.cqvip.com/doc/journal/7202752094
东北亚论坛,2026,3,issue_found_missing_abstract,已找到题名或目录记录，但暂无公开摘要,https://www.cqvip.com/doc/journal/7202752093
东北亚论坛,2026,3,issue_found_missing_abstract,已找到题名或目录记录，但暂无公开摘要,https://www.cqvip.com/doc/journal/7202752095
东北亚论坛,2026,3,issue_found_missing_abstract,已找到题名或目录记录，但暂无公开摘要,https://www.cqvip.com/doc/journal/7202752096
东北亚论坛,2026,3,issue_found_missing_abstract,已找到题名或目录记录，但暂无公开摘要,https://www.cqvip.com/doc/journal/7202752097
东北亚论坛,2026,3,issue_found_missing_abstract,已找到题名或目录记录，但暂无公开摘要,https://www.cqvip.com/doc/journal/7202752098
东北亚论坛,2026,3,issue_found_missing_abstract,已找到题名或目录记录，但暂无公开摘要,https://www.cqvip.com/doc/journal/7202752092
东北亚论坛,2026,3,found_title_missing_metadata,已找到题名，但作者、页码或链接字段仍不完整,https://www.cqvip.com/doc/journal/7202752092
东北亚论坛,2026,3,issue_found_missing_abstract,已找到题名或目录记录，但暂无公开摘要,https://www.cqvip.com/doc/journal/7202752100
东北亚论坛,2026,3,found_title_missing_metadata,已找到题名，但作者、页码或链接字段仍不完整,https://www.cqvip.com/doc/journal/7202752100
东南亚研究,1989,3,no_public_source_found,未在当前已整理数据或本次低频公开检索中找到该期目录,
东南亚研究,1990,1,no_public_source_found,未在当前已整理数据或本次低频公开检索中找到该期目录,
东南亚研究,1991,1,no_public_source_found,未在当前已整理数据或本次低频公开检索中找到该期目录,
东南亚研究,1991,2,no_public_source_found,未在当前已整理数据或本次低频公开检索中找到该期目录,
东南亚研究,1992,1,no_public_source_found,未在当前已整理数据或本次低频公开检索中找到该期目录,
东南亚研究,1992,3,no_public_source_found,未在当前已整理数据或本次低频公开检索中找到该期目录,
东南亚研究,1992,4,no_public_source_found,未在当前已整理数据或本次低频公开检索中找到该期目录,
东南亚研究,1994,3,no_public_source_found,未在当前已整理数据或本次低频公开检索中找到该期目录,
东南亚研究,1996,1,no_public_source_found,未在当前已整理数据或本次低频公开检索中找到该期目录,
东南亚研究,1996,3,no_public_source_found,未在当前已整理数据或本次低频公开检索中找到该期目录,
东南亚研究,1996,4,no_public_source_found,未在当前已整理数据或本次低频公开检索中找到该期目录,
东南亚研究,1997,2,no_public_source_found,未在当前已整理数据或本次低频公开检索中找到该期目录,
东南亚研究,1999,2,no_public_source_found,未在当前已整理数据或本次低频公开检索中找到该期目录,
东南亚研究,1999,3,no_public_source_found,未在当前已整理数据或本次低频公开检索中找到该期目录,
东南亚研究,2000,1,no_public_source_found,未在当前已整理数据或本次低频公开检索中找到该期目录,
东南亚研究,2000,2,no_public_source_found,未在当前已整理数据或本次低频公开检索中找到该期目录,
东南亚研究,2000,3,no_public_source_found,未在当前已整理数据或本次低频公开检索中找到该期目录,
东南亚研究,2000,4,no_public_source_found,未在当前已整理数据或本次低频公开检索中找到该期目录,
东南亚研究,2001,1,no_public_source_found,未在当前已整理数据或本次低频公开检索中找到该期目录,
东南亚研究,2001,2,no_public_source_found,未在当前已整理数据或本次低频公开检索中找到该期目录,
东南亚研究,2001,3,no_public_source_found,未在当前已整理数据或本次低频公开检索中找到该期目录,
东南亚研究,2001,4,no_public_source_found,未在当前已整理数据或本次低频公开检索中找到该期目录,
东南亚研究,2002,1,no_public_source_found,未在当前已整理数据或本次低频公开检索中找到该期目录,
东南亚研究,2002,2,no_public_source_found,未在当前已整理数据或本次低频公开检索中找到该期目录,
东南亚研究,2002,3,no_public_source_found,未在当前已整理数据或本次低频公开检索中找到该期目录,
东南亚研究,2002,4,no_public_source_found,未在当前已整理数据或本次低频公开检索中找到该期目录,
东南亚研究,2003,1,no_public_source_found,未在当前已整理数据或本次低频公开检索中找到该期目录,
东南亚研究,2003,2,no_public_source_found,未在当前已整理数据或本次低频公开检索中找到该期目录,
东南亚研究,2003,3,no_public_source_found,未在当前已整理数据或本次低频公开检索中找到该期目录,
东南亚研究,2003,4,no_public_source_found,未在当前已整理数据或本次低频公开检索中找到该期目录,
东南亚研究,2004,1,no_public_source_found,未在当前已整理数据或本次低频公开检索中找到该期目录,
东南亚研究,2004,2,no_public_source_found,未在当前已整理数据或本次低频公开检索中找到该期目录,
东南亚研究,2004,3,no_public_source_found,未在当前已整理数据或本次低频公开检索中找到该期目录,
东南亚研究,2004,4,no_public_source_found,未在当前已整理数据或本次低频公开检索中找到该期目录,
东南亚研究,2005,1,no_public_source_found,未在当前已整理数据或本次低频公开检索中找到该期目录,
东南亚研究,2005,2,no_public_source_found,未在当前已整理数据或本次低频公开检索中找到该期目录,
东南亚研究,2005,3,no_public_source_found,未在当前已整理数据或本次低频公开检索中找到该期目录,
东南亚研究,2005,4,no_public_source_found,未在当前已整理数据或本次低频公开检索中找到该期目录,
东南亚研究,2006,1,no_public_source_found,未在当前已整理数据或本次低频公开检索中找到该期目录,
东南亚研究,2006,2,no_public_source_found,未在当前已整理数据或本次低频公开检索中找到该期目录,
东南亚研究,2006,3,no_public_source_found,未在当前已整理数据或本次低频公开检索中找到该期目录,
东南亚研究,2006,4,no_public_source_found,未在当前已整理数据或本次低频公开检索中找到该期目录,
东南亚研究,2007,1,no_public_source_found,未在当前已整理数据或本次低频公开检索中找到该期目录,
东南亚研究,2007,2,no_public_source_found,未在当前已整理数据或本次低频公开检索中找到该期目录,
东南亚研究,2007,3,no_public_source_found,未在当前已整理数据或本次低频公开检索中找到该期目录,
东南亚研究,2007,4,no_public_source_found,未在当前已整理数据或本次低频公开检索中找到该期目录,
东南亚研究,2008,1,no_public_source_found,未在当前已整理数据或本次低频公开检索中找到该期目录,
东南亚研究,2008,2,no_public_source_found,未在当前已整理数据或本次低频公开检索中找到该期目录,
东南亚研究,2008,3,no_public_source_found,未在当前已整理数据或本次低频公开检索中找到该期目录,
东南亚研究,2008,4,no_public_source_found,未在当前已整理数据或本次低频公开检索中找到该期目录,
东南亚研究,2010,2,no_public_source_found,未在当前已整理数据或本次低频公开检索中找到该期目录,
东南亚研究,2011,3,no_public_source_found,未在当前已整理数据或本次低频公开检索中找到该期目录,
东南亚研究,2016,3,no_public_source_found,未在当前已整理数据或本次低频公开检索中找到该期目录,
东南亚研究,2016,4,no_public_source_found,未在当前已整理数据或本次低频公开检索中找到该期目录,
东南亚研究,2017,1,no_public_source_found,未在当前已整理数据或本次低频公开检索中找到该期目录,
东南亚研究,2017,2,no_public_source_found,未在当前已整理数据或本次低频公开检索中找到该期目录,
东南亚研究,2017,4,no_public_source_found,未在当前已整理数据或本次低频公开检索中找到该期目录,
东南亚研究,2018,1,no_public_source_found,未在当前已整理数据或本次低频公开检索中找到该期目录,
东南亚研究,2018,2,no_public_source_found,未在当前已整理数据或本次低频公开检索中找到该期目录,
东南亚研究,2018,3,no_public_source_found,未在当前已整理数据或本次低频公开检索中找到该期目录,
东南亚研究,2018,4,no_public_source_found,未在当前已整理数据或本次低频公开检索中找到该期目录,
东南亚研究,2019,1,no_public_source_found,未在当前已整理数据或本次低频公开检索中找到该期目录,
东南亚研究,2019,2,no_public_source_found,未在当前已整理数据或本次低频公开检索中找到该期目录,
东南亚研究,2019,3,no_public_source_found,未在当前已整理数据或本次低频公开检索中找到该期目录,
东南亚研究,2019,4,no_public_source_found,未在当前已整理数据或本次低频公开检索中找到该期目录,
东南亚研究,2020,1,no_public_source_found,未在当前已整理数据或本次低频公开检索中找到该期目录,
东南亚研究,2020,2,no_public_source_found,未在当前已整理数据或本次低频公开检索中找到该期目录,
东南亚研究,2020,3,no_public_source_found,未在当前已整理数据或本次低频公开检索中找到该期目录,
东南亚研究,2020,4,no_public_source_found,未在当前已整理数据或本次低频公开检索中找到该期目录,
东南亚研究,2021,1,no_public_source_found,未在当前已整理数据或本次低频公开检索中找到该期目录,
东南亚研究,2021,2,no_public_source_found,未在当前已整理数据或本次低频公开检索中找到该期目录,
东南亚研究,2021,3,no_public_source_found,未在当前已整理数据或本次低频公开检索中找到该期目录,
东南亚研究,2021,4,no_public_source_found,未在当前已整理数据或本次低频公开检索中找到该期目录,
东南亚研究,2022,1,no_public_source_found,未在当前已整理数据或本次低频公开检索中找到该期目录,
东南亚研究,2022,2,no_public_source_found,未在当前已整理数据或本次低频公开检索中找到该期目录,
东南亚研究,2022,3,no_public_source_found,未在当前已整理数据或本次低频公开检索中找到该期目录,
东南亚研究,2022,4,no_public_source_found,未在当前已整理数据或本次低频公开检索中找到该期目录,
东南亚研究,2023,1,no_public_source_found,未在当前已整理数据或本次低频公开检索中找到该期目录,
东南亚研究,2023,2,no_public_source_found,未在当前已整理数据或本次低频公开检索中找到该期目录,
东南亚研究,2023,3,no_public_source_found,未在当前已整理数据或本次低频公开检索中找到该期目录,
东南亚研究,2023,4,no_public_source_found,未在当前已整理数据或本次低频公开检索中找到该期目录,
东南亚研究,2024,1,no_public_source_found,未在当前已整理数据或本次低频公开检索中找到该期目录,
东南亚研究,2024,2,no_public_source_found,未在当前已整理数据或本次低频公开检索中找到该期目录,
东南亚研究,2024,3,no_public_source_found,未在当前已整理数据或本次低频公开检索中找到该期目录,
东南亚研究,2024,4,no_public_source_found,未在当前已整理数据或本次低频公开检索中找到该期目录,
东南亚研究,2025,1,no_public_source_found,未在当前已整理数据或本次低频公开检索中找到该期目录,
东南亚研究,2025,2,no_public_source_found,未在当前已整理数据或本次低频公开检索中找到该期目录,
东南亚研究,2025,3,no_public_source_found,未在当前已整理数据或本次低频公开检索中找到该期目录,
东南亚研究,2025,4,no_public_source_found,未在当前已整理数据或本次低频公开检索中找到该期目录,
东南亚研究,2026,,no_public_source_found,2026 年尚未在当前公开来源中检索到期次,
南洋问题研究,1990,1,no_public_source_found,未在当前已整理数据或本次低频公开检索中找到该期目录,
南洋问题研究,1991,3,no_public_source_found,未在当前已整理数据或本次低频公开检索中找到该期目录,
南洋问题研究,1991,4,no_public_source_found,未在当前已整理数据或本次低频公开检索中找到该期目录,
南洋问题研究,1992,3,no_public_source_found,未在当前已整理数据或本次低频公开检索中找到该期目录,
南洋问题研究,1992,4,no_public_source_found,未在当前已整理数据或本次低频公开检索中找到该期目录,
南洋问题研究,1993,3,no_public_source_found,未在当前已整理数据或本次低频公开检索中找到该期目录,
南洋问题研究,1994,3,no_public_source_found,未在当前已整理数据或本次低频公开检索中找到该期目录,
南洋问题研究,1994,4,no_public_source_found,未在当前已整理数据或本次低频公开检索中找到该期目录,
南洋问题研究,1995,3,no_public_source_found,未在当前已整理数据或本次低频公开检索中找到该期目录,
南洋问题研究,1995,4,no_public_source_found,未在当前已整理数据或本次低频公开检索中找到该期目录,
南洋问题研究,1997,2,no_public_source_found,未在当前已整理数据或本次低频公开检索中找到该期目录,
南洋问题研究,1998,1,no_public_source_found,未在当前已整理数据或本次低频公开检索中找到该期目录,
南洋问题研究,1998,2,no_public_source_found,未在当前已整理数据或本次低频公开检索中找到该期目录,
南洋问题研究,1998,3,no_public_source_found,未在当前已整理数据或本次低频公开检索中找到该期目录,
南洋问题研究,1999,2,no_public_source_found,未在当前已整理数据或本次低频公开检索中找到该期目录,
南洋问题研究,1999,3,no_public_source_found,未在当前已整理数据或本次低频公开检索中找到该期目录,
南洋问题研究,2000,1,no_public_source_found,未在当前已整理数据或本次低频公开检索中找到该期目录,
南洋问题研究,2000,2,no_public_source_found,未在当前已整理数据或本次低频公开检索中找到该期目录,
南洋问题研究,2000,3,no_public_source_found,未在当前已整理数据或本次低频公开检索中找到该期目录,
南洋问题研究,2001,2,no_public_source_found,未在当前已整理数据或本次低频公开检索中找到该期目录,
南洋问题研究,2001,3,no_public_source_found,未在当前已整理数据或本次低频公开检索中找到该期目录,
南洋问题研究,2002,1,no_public_source_found,未在当前已整理数据或本次低频公开检索中找到该期目录,
南洋问题研究,2002,4,no_public_source_found,未在当前已整理数据或本次低频公开检索中找到该期目录,
南洋问题研究,2003,2,no_public_source_found,未在当前已整理数据或本次低频公开检索中找到该期目录,
南洋问题研究,2006,4,no_public_source_found,未在当前已整理数据或本次低频公开检索中找到该期目录,
南洋问题研究,2007,3,no_public_source_found,未在当前已整理数据或本次低频公开检索中找到该期目录,
南洋问题研究,2007,4,no_public_source_found,未在当前已整理数据或本次低频公开检索中找到该期目录,
南洋问题研究,2009,4,no_public_source_found,未在当前已整理数据或本次低频公开检索中找到该期目录,
南洋问题研究,2010,1,no_public_source_found,未在当前已整理数据或本次低频公开检索中找到该期目录,
南洋问题研究,2011,3,no_public_source_found,未在当前已整理数据或本次低频公开检索中找到该期目录,
南洋问题研究,2016,3,no_public_source_found,未在当前已整理数据或本次低频公开检索中找到该期目录,
南洋问题研究,2017,2,no_public_source_found,未在当前已整理数据或本次低频公开检索中找到该期目录,
南洋问题研究,2018,2,no_public_source_found,未在当前已整理数据或本次低频公开检索中找到该期目录,
南洋问题研究,2018,3,no_public_source_found,未在当前已整理数据或本次低频公开检索中找到该期目录,
南洋问题研究,2018,4,no_public_source_found,未在当前已整理数据或本次低频公开检索中找到该期目录,
南洋问题研究,2019,1,no_public_source_found,未在当前已整理数据或本次低频公开检索中找到该期目录,
南洋问题研究,2019,2,no_public_source_found,未在当前已整理数据或本次低频公开检索中找到该期目录,
南洋问题研究,2019,3,no_public_source_found,未在当前已整理数据或本次低频公开检索中找到该期目录,
南洋问题研究,2019,4,no_public_source_found,未在当前已整理数据或本次低频公开检索中找到该期目录,
南洋问题研究,2020,1,no_public_source_found,未在当前已整理数据或本次低频公开检索中找到该期目录,
南洋问题研究,2020,2,no_public_source_found,未在当前已整理数据或本次低频公开检索中找到该期目录,
南洋问题研究,2020,3,no_public_source_found,未在当前已整理数据或本次低频公开检索中找到该期目录,
南洋问题研究,2020,4,no_public_source_found,未在当前已整理数据或本次低频公开检索中找到该期目录,
南洋问题研究,2021,1,no_public_source_found,未在当前已整理数据或本次低频公开检索中找到该期目录,
南洋问题研究,2021,2,no_public_source_found,未在当前已整理数据或本次低频公开检索中找到该期目录,
南洋问题研究,2021,3,no_public_source_found,未在当前已整理数据或本次低频公开检索中找到该期目录,
南洋问题研究,2021,4,no_public_source_found,未在当前已整理数据或本次低频公开检索中找到该期目录,
南洋问题研究,2022,1,no_public_source_found,未在当前已整理数据或本次低频公开检索中找到该期目录,
南洋问题研究,2022,2,no_public_source_found,未在当前已整理数据或本次低频公开检索中找到该期目录,
南洋问题研究,2022,3,no_public_source_found,未在当前已整理数据或本次低频公开检索中找到该期目录,
南洋问题研究,2022,4,no_public_source_found,未在当前已整理数据或本次低频公开检索中找到该期目录,
南洋问题研究,2023,1,no_public_source_found,未在当前已整理数据或本次低频公开检索中找到该期目录,
南洋问题研究,2023,2,no_public_source_found,未在当前已整理数据或本次低频公开检索中找到该期目录,
南洋问题研究,2023,3,no_public_source_found,未在当前已整理数据或本次低频公开检索中找到该期目录,
南洋问题研究,2023,4,no_public_source_found,未在当前已整理数据或本次低频公开检索中找到该期目录,
南洋问题研究,2024,1,no_public_source_found,未在当前已整理数据或本次低频公开检索中找到该期目录,
南洋问题研究,2024,2,no_public_source_found,未在当前已整理数据或本次低频公开检索中找到该期目录,
南洋问题研究,2024,3,no_public_source_found,未在当前已整理数据或本次低频公开检索中找到该期目录,
南洋问题研究,2024,4,no_public_source_found,未在当前已整理数据或本次低频公开检索中找到该期目录,
南洋问题研究,2025,1,no_public_source_found,未在当前已整理数据或本次低频公开检索中找到该期目录,
南洋问题研究,2025,2,no_public_source_found,未在当前已整理数据或本次低频公开检索中找到该期目录,
南洋问题研究,2025,3,no_public_source_found,未在当前已整理数据或本次低频公开检索中找到该期目录,
南洋问题研究,2025,4,no_public_source_found,未在当前已整理数据或本次低频公开检索中找到该期目录,
南洋问题研究,2026,1,issue_found_missing_abstract,已找到题名或目录记录，但暂无公开摘要,https://www.cqvip.com/doc/journal/7203262341
南洋问题研究,2026,1,issue_found_missing_abstract,已找到题名或目录记录，但暂无公开摘要,https://www.cqvip.com/doc/journal/7203262347
南洋问题研究,2026,1,issue_found_missing_abstract,已找到题名或目录记录，但暂无公开摘要,https://www.cqvip.com/doc/journal/7203262342
南洋问题研究,2026,1,issue_found_missing_abstract,已找到题名或目录记录，但暂无公开摘要,https://www.cqvip.com/doc/journal/7203262343
南洋问题研究,2026,1,issue_found_missing_abstract,已找到题名或目录记录，但暂无公开摘要,https://www.cqvip.com/doc/journal/7203262344
南洋问题研究,2026,1,issue_found_missing_abstract,已找到题名或目录记录，但暂无公开摘要,https://www.cqvip.com/doc/journal/7203262345
南洋问题研究,2026,1,issue_found_missing_abstract,已找到题名或目录记录，但暂无公开摘要,https://www.cqvip.com/doc/journal/7203262346
南洋问题研究,2026,1,issue_found_missing_abstract,已找到题名或目录记录，但暂无公开摘要,https://www.cqvip.com/doc/journal/7203262348
南洋问题研究,2026,1,found_title_missing_metadata,已找到题名，但作者、页码或链接字段仍不完整,https://www.cqvip.com/doc/journal/7203262348
南洋问题研究,2026,1,issue_found_missing_abstract,已找到题名或目录记录，但暂无公开摘要,https://www.cqvip.com/doc/journal/7203262349
南洋问题研究,2026,1,found_title_missing_metadata,已找到题名，但作者、页码或链接字段仍不完整,https://www.cqvip.com/doc/journal/7203262349
西亚非洲,1980,4,no_public_source_found,未在当前已整理数据或本次低频公开检索中找到该期目录,
西亚非洲,1980,6,no_public_source_found,未在当前已整理数据或本次低频公开检索中找到该期目录,
西亚非洲,1980,7,no_public_source_found,未在当前已整理数据或本次低频公开检索中找到该期目录,
西亚非洲,1980,8,no_public_source_found,未在当前已整理数据或本次低频公开检索中找到该期目录,
西亚非洲,1980,9,no_public_source_found,未在当前已整理数据或本次低频公开检索中找到该期目录,
西亚非洲,1980,10,no_public_source_found,未在当前已整理数据或本次低频公开检索中找到该期目录,
西亚非洲,1980,11,no_public_source_found,未在当前已整理数据或本次低频公开检索中找到该期目录,
西亚非洲,1980,12,no_public_source_found,未在当前已整理数据或本次低频公开检索中找到该期目录,
西亚非洲,1981,1,no_public_source_found,未在当前已整理数据或本次低频公开检索中找到该期目录,
西亚非洲,1981,7,no_public_source_found,未在当前已整理数据或本次低频公开检索中找到该期目录,
西亚非洲,1981,8,no_public_source_found,未在当前已整理数据或本次低频公开检索中找到该期目录,
西亚非洲,1981,9,no_public_source_found,未在当前已整理数据或本次低频公开检索中找到该期目录,
西亚非洲,1981,10,no_public_source_found,未在当前已整理数据或本次低频公开检索中找到该期目录,
西亚非洲,1981,11,no_public_source_found,未在当前已整理数据或本次低频公开检索中找到该期目录,
西亚非洲,1981,12,no_public_source_found,未在当前已整理数据或本次低频公开检索中找到该期目录,
西亚非洲,1982,4,no_public_source_found,未在当前已整理数据或本次低频公开检索中找到该期目录,
西亚非洲,1982,7,no_public_source_found,未在当前已整理数据或本次低频公开检索中找到该期目录,
西亚非洲,1982,8,no_public_source_found,未在当前已整理数据或本次低频公开检索中找到该期目录,
西亚非洲,1982,9,no_public_source_found,未在当前已整理数据或本次低频公开检索中找到该期目录,
西亚非洲,1982,10,no_public_source_found,未在当前已整理数据或本次低频公开检索中找到该期目录,
西亚非洲,1982,11,no_public_source_found,未在当前已整理数据或本次低频公开检索中找到该期目录,
西亚非洲,1982,12,no_public_source_found,未在当前已整理数据或本次低频公开检索中找到该期目录,
西亚非洲,1983,6,no_public_source_found,未在当前已整理数据或本次低频公开检索中找到该期目录,
西亚非洲,1983,7,no_public_source_found,未在当前已整理数据或本次低频公开检索中找到该期目录,
西亚非洲,1983,8,no_public_source_found,未在当前已整理数据或本次低频公开检索中找到该期目录,
西亚非洲,1983,9,no_public_source_found,未在当前已整理数据或本次低频公开检索中找到该期目录,
西亚非洲,1983,10,no_public_source_found,未在当前已整理数据或本次低频公开检索中找到该期目录,
西亚非洲,1983,11,no_public_source_found,未在当前已整理数据或本次低频公开检索中找到该期目录,
西亚非洲,1983,12,no_public_source_found,未在当前已整理数据或本次低频公开检索中找到该期目录,
西亚非洲,1984,7,no_public_source_found,未在当前已整理数据或本次低频公开检索中找到该期目录,
西亚非洲,1984,8,no_public_source_found,未在当前已整理数据或本次低频公开检索中找到该期目录,
西亚非洲,1984,9,no_public_source_found,未在当前已整理数据或本次低频公开检索中找到该期目录,
西亚非洲,1984,10,no_public_source_found,未在当前已整理数据或本次低频公开检索中找到该期目录,
西亚非洲,1984,11,no_public_source_found,未在当前已整理数据或本次低频公开检索中找到该期目录,
西亚非洲,1984,12,no_public_source_found,未在当前已整理数据或本次低频公开检索中找到该期目录,
西亚非洲,1985,6,no_public_source_found,未在当前已整理数据或本次低频公开检索中找到该期目录,
西亚非洲,1985,7,no_public_source_found,未在当前已整理数据或本次低频公开检索中找到该期目录,
西亚非洲,1985,8,no_public_source_found,未在当前已整理数据或本次低频公开检索中找到该期目录,
西亚非洲,1985,9,no_public_source_found,未在当前已整理数据或本次低频公开检索中找到该期目录,
西亚非洲,1985,10,no_public_source_found,未在当前已整理数据或本次低频公开检索中找到该期目录,
西亚非洲,1985,11,no_public_source_found,未在当前已整理数据或本次低频公开检索中找到该期目录,
西亚非洲,1985,12,no_public_source_found,未在当前已整理数据或本次低频公开检索中找到该期目录,
西亚非洲,1986,3,no_public_source_found,未在当前已整理数据或本次低频公开检索中找到该期目录,
西亚非洲,1986,7,no_public_source_found,未在当前已整理数据或本次低频公开检索中找到该期目录,
西亚非洲,1986,8,no_public_source_found,未在当前已整理数据或本次低频公开检索中找到该期目录,
西亚非洲,1986,9,no_public_source_found,未在当前已整理数据或本次低频公开检索中找到该期目录,
西亚非洲,1986,10,no_public_source_found,未在当前已整理数据或本次低频公开检索中找到该期目录,
西亚非洲,1986,11,no_public_source_found,未在当前已整理数据或本次低频公开检索中找到该期目录,
西亚非洲,1986,12,no_public_source_found,未在当前已整理数据或本次低频公开检索中找到该期目录,
西亚非洲,1987,1,no_public_source_found,未在当前已整理数据或本次低频公开检索中找到该期目录,
西亚非洲,1987,2,no_public_source_found,未在当前已整理数据或本次低频公开检索中找到该期目录,
西亚非洲,1987,3,no_public_source_found,未在当前已整理数据或本次低频公开检索中找到该期目录,
西亚非洲,1987,4,no_public_source_found,未在当前已整理数据或本次低频公开检索中找到该期目录,
西亚非洲,1987,5,no_public_source_found,未在当前已整理数据或本次低频公开检索中找到该期目录,
西亚非洲,1987,6,no_public_source_found,未在当前已整理数据或本次低频公开检索中找到该期目录,
西亚非洲,1987,7,no_public_source_found,未在当前已整理数据或本次低频公开检索中找到该期目录,
西亚非洲,1987,8,no_public_source_found,未在当前已整理数据或本次低频公开检索中找到该期目录,
西亚非洲,1987,9,no_public_source_found,未在当前已整理数据或本次低频公开检索中找到该期目录,
西亚非洲,1987,10,no_public_source_found,未在当前已整理数据或本次低频公开检索中找到该期目录,
西亚非洲,1987,11,no_public_source_found,未在当前已整理数据或本次低频公开检索中找到该期目录,
西亚非洲,1987,12,no_public_source_found,未在当前已整理数据或本次低频公开检索中找到该期目录,
西亚非洲,1988,2,no_public_source_found,未在当前已整理数据或本次低频公开检索中找到该期目录,
西亚非洲,1988,5,no_public_source_found,未在当前已整理数据或本次低频公开检索中找到该期目录,
西亚非洲,1988,7,no_public_source_found,未在当前已整理数据或本次低频公开检索中找到该期目录,
西亚非洲,1988,8,no_public_source_found,未在当前已整理数据或本次低频公开检索中找到该期目录,
西亚非洲,1988,9,no_public_source_found,未在当前已整理数据或本次低频公开检索中找到该期目录,
西亚非洲,1988,10,no_public_source_found,未在当前已整理数据或本次低频公开检索中找到该期目录,
西亚非洲,1988,11,no_public_source_found,未在当前已整理数据或本次低频公开检索中找到该期目录,
西亚非洲,1988,12,no_public_source_found,未在当前已整理数据或本次低频公开检索中找到该期目录,
西亚非洲,1989,1,no_public_source_found,未在当前已整理数据或本次低频公开检索中找到该期目录,
西亚非洲,1989,2,no_public_source_found,未在当前已整理数据或本次低频公开检索中找到该期目录,
西亚非洲,1989,3,no_public_source_found,未在当前已整理数据或本次低频公开检索中找到该期目录,
西亚非洲,1989,5,no_public_source_found,未在当前已整理数据或本次低频公开检索中找到该期目录,
西亚非洲,1989,6,no_public_source_found,未在当前已整理数据或本次低频公开检索中找到该期目录,
西亚非洲,1989,7,no_public_source_found,未在当前已整理数据或本次低频公开检索中找到该期目录,
西亚非洲,1989,8,no_public_source_found,未在当前已整理数据或本次低频公开检索中找到该期目录,
西亚非洲,1989,9,no_public_source_found,未在当前已整理数据或本次低频公开检索中找到该期目录,
西亚非洲,1989,10,no_public_source_found,未在当前已整理数据或本次低频公开检索中找到该期目录,
西亚非洲,1989,11,no_public_source_found,未在当前已整理数据或本次低频公开检索中找到该期目录,
西亚非洲,1989,12,no_public_source_found,未在当前已整理数据或本次低频公开检索中找到该期目录,
西亚非洲,1990,1,no_public_source_found,未在当前已整理数据或本次低频公开检索中找到该期目录,
西亚非洲,1990,7,no_public_source_found,未在当前已整理数据或本次低频公开检索中找到该期目录,
西亚非洲,1990,8,no_public_source_found,未在当前已整理数据或本次低频公开检索中找到该期目录,
西亚非洲,1990,9,no_public_source_found,未在当前已整理数据或本次低频公开检索中找到该期目录,
西亚非洲,1990,10,no_public_source_found,未在当前已整理数据或本次低频公开检索中找到该期目录,
西亚非洲,1990,11,no_public_source_found,未在当前已整理数据或本次低频公开检索中找到该期目录,
西亚非洲,1990,12,no_public_source_found,未在当前已整理数据或本次低频公开检索中找到该期目录,
西亚非洲,1991,1,no_public_source_found,未在当前已整理数据或本次低频公开检索中找到该期目录,
西亚非洲,1991,3,no_public_source_found,未在当前已整理数据或本次低频公开检索中找到该期目录,
西亚非洲,1991,5,no_public_source_found,未在当前已整理数据或本次低频公开检索中找到该期目录,
西亚非洲,1991,7,no_public_source_found,未在当前已整理数据或本次低频公开检索中找到该期目录,
西亚非洲,1991,8,no_public_source_found,未在当前已整理数据或本次低频公开检索中找到该期目录,
西亚非洲,1991,9,no_public_source_found,未在当前已整理数据或本次低频公开检索中找到该期目录,
西亚非洲,1991,10,no_public_source_found,未在当前已整理数据或本次低频公开检索中找到该期目录,
西亚非洲,1991,11,no_public_source_found,未在当前已整理数据或本次低频公开检索中找到该期目录,
西亚非洲,1991,12,no_public_source_found,未在当前已整理数据或本次低频公开检索中找到该期目录,
西亚非洲,1992,2,no_public_source_found,未在当前已整理数据或本次低频公开检索中找到该期目录,
西亚非洲,1992,3,no_public_source_found,未在当前已整理数据或本次低频公开检索中找到该期目录,
西亚非洲,1992,4,no_public_source_found,未在当前已整理数据或本次低频公开检索中找到该期目录,
西亚非洲,1992,5,no_public_source_found,未在当前已整理数据或本次低频公开检索中找到该期目录,
西亚非洲,1992,6,no_public_source_found,未在当前已整理数据或本次低频公开检索中找到该期目录,
西亚非洲,1992,7,no_public_source_found,未在当前已整理数据或本次低频公开检索中找到该期目录,
西亚非洲,1992,8,no_public_source_found,未在当前已整理数据或本次低频公开检索中找到该期目录,
西亚非洲,1992,9,no_public_source_found,未在当前已整理数据或本次低频公开检索中找到该期目录,
西亚非洲,1992,10,no_public_source_found,未在当前已整理数据或本次低频公开检索中找到该期目录,
西亚非洲,1992,11,no_public_source_found,未在当前已整理数据或本次低频公开检索中找到该期目录,
西亚非洲,1992,12,no_public_source_found,未在当前已整理数据或本次低频公开检索中找到该期目录,
西亚非洲,1993,1,no_public_source_found,未在当前已整理数据或本次低频公开检索中找到该期目录,
西亚非洲,1993,6,no_public_source_found,未在当前已整理数据或本次低频公开检索中找到该期目录,
西亚非洲,1993,7,no_public_source_found,未在当前已整理数据或本次低频公开检索中找到该期目录,
西亚非洲,1993,8,no_public_source_found,未在当前已整理数据或本次低频公开检索中找到该期目录,
西亚非洲,1993,9,no_public_source_found,未在当前已整理数据或本次低频公开检索中找到该期目录,
西亚非洲,1993,10,no_public_source_found,未在当前已整理数据或本次低频公开检索中找到该期目录,
西亚非洲,1993,11,no_public_source_found,未在当前已整理数据或本次低频公开检索中找到该期目录,
西亚非洲,1993,12,no_public_source_found,未在当前已整理数据或本次低频公开检索中找到该期目录,
西亚非洲,1994,7,no_public_source_found,未在当前已整理数据或本次低频公开检索中找到该期目录,
西亚非洲,1994,8,no_public_source_found,未在当前已整理数据或本次低频公开检索中找到该期目录,
西亚非洲,1994,9,no_public_source_found,未在当前已整理数据或本次低频公开检索中找到该期目录,
西亚非洲,1994,10,no_public_source_found,未在当前已整理数据或本次低频公开检索中找到该期目录,
西亚非洲,1994,11,no_public_source_found,未在当前已整理数据或本次低频公开检索中找到该期目录,
西亚非洲,1994,12,no_public_source_found,未在当前已整理数据或本次低频公开检索中找到该期目录,
西亚非洲,1995,3,no_public_source_found,未在当前已整理数据或本次低频公开检索中找到该期目录,
西亚非洲,1995,7,no_public_source_found,未在当前已整理数据或本次低频公开检索中找到该期目录,
西亚非洲,1995,8,no_public_source_found,未在当前已整理数据或本次低频公开检索中找到该期目录,
西亚非洲,1995,9,no_public_source_found,未在当前已整理数据或本次低频公开检索中找到该期目录,
西亚非洲,1995,10,no_public_source_found,未在当前已整理数据或本次低频公开检索中找到该期目录,
西亚非洲,1995,11,no_public_source_found,未在当前已整理数据或本次低频公开检索中找到该期目录,
西亚非洲,1995,12,no_public_source_found,未在当前已整理数据或本次低频公开检索中找到该期目录,
西亚非洲,1996,7,no_public_source_found,未在当前已整理数据或本次低频公开检索中找到该期目录,
西亚非洲,1996,8,no_public_source_found,未在当前已整理数据或本次低频公开检索中找到该期目录,
西亚非洲,1996,9,no_public_source_found,未在当前已整理数据或本次低频公开检索中找到该期目录,
西亚非洲,1996,10,no_public_source_found,未在当前已整理数据或本次低频公开检索中找到该期目录,
西亚非洲,1996,11,no_public_source_found,未在当前已整理数据或本次低频公开检索中找到该期目录,
西亚非洲,1996,12,no_public_source_found,未在当前已整理数据或本次低频公开检索中找到该期目录,
西亚非洲,1997,7,no_public_source_found,未在当前已整理数据或本次低频公开检索中找到该期目录,
西亚非洲,1997,8,no_public_source_found,未在当前已整理数据或本次低频公开检索中找到该期目录,
西亚非洲,1997,9,no_public_source_found,未在当前已整理数据或本次低频公开检索中找到该期目录,
西亚非洲,1997,10,no_public_source_found,未在当前已整理数据或本次低频公开检索中找到该期目录,
西亚非洲,1997,11,no_public_source_found,未在当前已整理数据或本次低频公开检索中找到该期目录,
西亚非洲,1997,12,no_public_source_found,未在当前已整理数据或本次低频公开检索中找到该期目录,
西亚非洲,1998,7,no_public_source_found,未在当前已整理数据或本次低频公开检索中找到该期目录,
西亚非洲,1998,8,no_public_source_found,未在当前已整理数据或本次低频公开检索中找到该期目录,
西亚非洲,1998,9,no_public_source_found,未在当前已整理数据或本次低频公开检索中找到该期目录,
西亚非洲,1998,10,no_public_source_found,未在当前已整理数据或本次低频公开检索中找到该期目录,
西亚非洲,1998,11,no_public_source_found,未在当前已整理数据或本次低频公开检索中找到该期目录,
西亚非洲,1998,12,no_public_source_found,未在当前已整理数据或本次低频公开检索中找到该期目录,
西亚非洲,1999,4,no_public_source_found,未在当前已整理数据或本次低频公开检索中找到该期目录,
西亚非洲,1999,7,no_public_source_found,未在当前已整理数据或本次低频公开检索中找到该期目录,
西亚非洲,1999,8,no_public_source_found,未在当前已整理数据或本次低频公开检索中找到该期目录,
西亚非洲,1999,9,no_public_source_found,未在当前已整理数据或本次低频公开检索中找到该期目录,
西亚非洲,1999,10,no_public_source_found,未在当前已整理数据或本次低频公开检索中找到该期目录,
西亚非洲,1999,11,no_public_source_found,未在当前已整理数据或本次低频公开检索中找到该期目录,
西亚非洲,1999,12,no_public_source_found,未在当前已整理数据或本次低频公开检索中找到该期目录,
西亚非洲,2000,1,no_public_source_found,未在当前已整理数据或本次低频公开检索中找到该期目录,
西亚非洲,2000,6,no_public_source_found,未在当前已整理数据或本次低频公开检索中找到该期目录,
西亚非洲,2000,7,no_public_source_found,未在当前已整理数据或本次低频公开检索中找到该期目录,
西亚非洲,2000,8,no_public_source_found,未在当前已整理数据或本次低频公开检索中找到该期目录,
西亚非洲,2000,9,no_public_source_found,未在当前已整理数据或本次低频公开检索中找到该期目录,
西亚非洲,2000,10,no_public_source_found,未在当前已整理数据或本次低频公开检索中找到该期目录,
西亚非洲,2000,11,no_public_source_found,未在当前已整理数据或本次低频公开检索中找到该期目录,
西亚非洲,2000,12,no_public_source_found,未在当前已整理数据或本次低频公开检索中找到该期目录,
西亚非洲,2001,2,no_public_source_found,未在当前已整理数据或本次低频公开检索中找到该期目录,
西亚非洲,2001,3,no_public_source_found,未在当前已整理数据或本次低频公开检索中找到该期目录,
西亚非洲,2001,5,no_public_source_found,未在当前已整理数据或本次低频公开检索中找到该期目录,
西亚非洲,2001,7,no_public_source_found,未在当前已整理数据或本次低频公开检索中找到该期目录,
西亚非洲,2001,8,no_public_source_found,未在当前已整理数据或本次低频公开检索中找到该期目录,
西亚非洲,2001,9,no_public_source_found,未在当前已整理数据或本次低频公开检索中找到该期目录,
西亚非洲,2001,10,no_public_source_found,未在当前已整理数据或本次低频公开检索中找到该期目录,
西亚非洲,2001,11,no_public_source_found,未在当前已整理数据或本次低频公开检索中找到该期目录,
西亚非洲,2001,12,no_public_source_found,未在当前已整理数据或本次低频公开检索中找到该期目录,
西亚非洲,2002,2,no_public_source_found,未在当前已整理数据或本次低频公开检索中找到该期目录,
西亚非洲,2002,7,no_public_source_found,未在当前已整理数据或本次低频公开检索中找到该期目录,
西亚非洲,2002,8,no_public_source_found,未在当前已整理数据或本次低频公开检索中找到该期目录,
西亚非洲,2002,9,no_public_source_found,未在当前已整理数据或本次低频公开检索中找到该期目录,
西亚非洲,2002,10,no_public_source_found,未在当前已整理数据或本次低频公开检索中找到该期目录,
西亚非洲,2002,11,no_public_source_found,未在当前已整理数据或本次低频公开检索中找到该期目录,
西亚非洲,2002,12,no_public_source_found,未在当前已整理数据或本次低频公开检索中找到该期目录,
西亚非洲,2003,7,no_public_source_found,未在当前已整理数据或本次低频公开检索中找到该期目录,
西亚非洲,2003,8,no_public_source_found,未在当前已整理数据或本次低频公开检索中找到该期目录,
西亚非洲,2003,9,no_public_source_found,未在当前已整理数据或本次低频公开检索中找到该期目录,
西亚非洲,2003,10,no_public_source_found,未在当前已整理数据或本次低频公开检索中找到该期目录,
西亚非洲,2003,11,no_public_source_found,未在当前已整理数据或本次低频公开检索中找到该期目录,
西亚非洲,2003,12,no_public_source_found,未在当前已整理数据或本次低频公开检索中找到该期目录,
西亚非洲,2004,4,no_public_source_found,未在当前已整理数据或本次低频公开检索中找到该期目录,
西亚非洲,2004,7,no_public_source_found,未在当前已整理数据或本次低频公开检索中找到该期目录,
西亚非洲,2004,8,no_public_source_found,未在当前已整理数据或本次低频公开检索中找到该期目录,
西亚非洲,2004,9,no_public_source_found,未在当前已整理数据或本次低频公开检索中找到该期目录,
西亚非洲,2004,10,no_public_source_found,未在当前已整理数据或本次低频公开检索中找到该期目录,
西亚非洲,2004,11,no_public_source_found,未在当前已整理数据或本次低频公开检索中找到该期目录,
西亚非洲,2004,12,no_public_source_found,未在当前已整理数据或本次低频公开检索中找到该期目录,
西亚非洲,2005,7,no_public_source_found,未在当前已整理数据或本次低频公开检索中找到该期目录,
西亚非洲,2005,8,no_public_source_found,未在当前已整理数据或本次低频公开检索中找到该期目录,
西亚非洲,2005,9,no_public_source_found,未在当前已整理数据或本次低频公开检索中找到该期目录,
西亚非洲,2005,10,no_public_source_found,未在当前已整理数据或本次低频公开检索中找到该期目录,
西亚非洲,2005,11,no_public_source_found,未在当前已整理数据或本次低频公开检索中找到该期目录,
西亚非洲,2005,12,no_public_source_found,未在当前已整理数据或本次低频公开检索中找到该期目录,
西亚非洲,2006,10,no_public_source_found,未在当前已整理数据或本次低频公开检索中找到该期目录,
西亚非洲,2006,11,no_public_source_found,未在当前已整理数据或本次低频公开检索中找到该期目录,
西亚非洲,2006,12,no_public_source_found,未在当前已整理数据或本次低频公开检索中找到该期目录,
西亚非洲,2008,11,no_public_source_found,未在当前已整理数据或本次低频公开检索中找到该期目录,
西亚非洲,2008,12,no_public_source_found,未在当前已整理数据或本次低频公开检索中找到该期目录,
西亚非洲,2009,5,no_public_source_found,未在当前已整理数据或本次低频公开检索中找到该期目录,
西亚非洲,2010,4,no_public_source_found,未在当前已整理数据或本次低频公开检索中找到该期目录,
西亚非洲,2010,11,no_public_source_found,未在当前已整理数据或本次低频公开检索中找到该期目录,
西亚非洲,2011,5,no_public_source_found,未在当前已整理数据或本次低频公开检索中找到该期目录,
西亚非洲,2011,10,no_public_source_found,未在当前已整理数据或本次低频公开检索中找到该期目录,
西亚非洲,2011,11,no_public_source_found,未在当前已整理数据或本次低频公开检索中找到该期目录,
西亚非洲,2011,12,no_public_source_found,未在当前已整理数据或本次低频公开检索中找到该期目录,
西亚非洲,2012,2,no_public_source_found,未在当前已整理数据或本次低频公开检索中找到该期目录,
西亚非洲,2012,7,no_public_source_found,未在当前已整理数据或本次低频公开检索中找到该期目录,
西亚非洲,2012,8,no_public_source_found,未在当前已整理数据或本次低频公开检索中找到该期目录,
西亚非洲,2012,9,no_public_source_found,未在当前已整理数据或本次低频公开检索中找到该期目录,
西亚非洲,2012,10,no_public_source_found,未在当前已整理数据或本次低频公开检索中找到该期目录,
西亚非洲,2012,11,no_public_source_found,未在当前已整理数据或本次低频公开检索中找到该期目录,
西亚非洲,2012,12,no_public_source_found,未在当前已整理数据或本次低频公开检索中找到该期目录,
西亚非洲,2013,7,no_public_source_found,未在当前已整理数据或本次低频公开检索中找到该期目录,
西亚非洲,2013,8,no_public_source_found,未在当前已整理数据或本次低频公开检索中找到该期目录,
西亚非洲,2013,9,no_public_source_found,未在当前已整理数据或本次低频公开检索中找到该期目录,
西亚非洲,2013,10,no_public_source_found,未在当前已整理数据或本次低频公开检索中找到该期目录,
西亚非洲,2013,11,no_public_source_found,未在当前已整理数据或本次低频公开检索中找到该期目录,
西亚非洲,2013,12,no_public_source_found,未在当前已整理数据或本次低频公开检索中找到该期目录,
西亚非洲,2014,5,no_public_source_found,未在当前已整理数据或本次低频公开检索中找到该期目录,
西亚非洲,2014,7,no_public_source_found,未在当前已整理数据或本次低频公开检索中找到该期目录,
西亚非洲,2014,8,no_public_source_found,未在当前已整理数据或本次低频公开检索中找到该期目录,
西亚非洲,2014,9,no_public_source_found,未在当前已整理数据或本次低频公开检索中找到该期目录,
西亚非洲,2014,10,no_public_source_found,未在当前已整理数据或本次低频公开检索中找到该期目录,
西亚非洲,2014,11,no_public_source_found,未在当前已整理数据或本次低频公开检索中找到该期目录,
西亚非洲,2014,12,no_public_source_found,未在当前已整理数据或本次低频公开检索中找到该期目录,
西亚非洲,2015,4,no_public_source_found,未在当前已整理数据或本次低频公开检索中找到该期目录,
西亚非洲,2015,7,no_public_source_found,未在当前已整理数据或本次低频公开检索中找到该期目录,
西亚非洲,2015,8,no_public_source_found,未在当前已整理数据或本次低频公开检索中找到该期目录,
西亚非洲,2015,9,no_public_source_found,未在当前已整理数据或本次低频公开检索中找到该期目录,
西亚非洲,2015,10,no_public_source_found,未在当前已整理数据或本次低频公开检索中找到该期目录,
西亚非洲,2015,11,no_public_source_found,未在当前已整理数据或本次低频公开检索中找到该期目录,
西亚非洲,2015,12,no_public_source_found,未在当前已整理数据或本次低频公开检索中找到该期目录,
西亚非洲,2016,4,no_public_source_found,未在当前已整理数据或本次低频公开检索中找到该期目录,
西亚非洲,2016,5,no_public_source_found,未在当前已整理数据或本次低频公开检索中找到该期目录,
西亚非洲,2016,6,no_public_source_found,未在当前已整理数据或本次低频公开检索中找到该期目录,
西亚非洲,2016,7,no_public_source_found,未在当前已整理数据或本次低频公开检索中找到该期目录,
西亚非洲,2016,8,no_public_source_found,未在当前已整理数据或本次低频公开检索中找到该期目录,
西亚非洲,2016,9,no_public_source_found,未在当前已整理数据或本次低频公开检索中找到该期目录,
西亚非洲,2016,10,no_public_source_found,未在当前已整理数据或本次低频公开检索中找到该期目录,
西亚非洲,2016,11,no_public_source_found,未在当前已整理数据或本次低频公开检索中找到该期目录,
西亚非洲,2016,12,no_public_source_found,未在当前已整理数据或本次低频公开检索中找到该期目录,
西亚非洲,2017,1,no_public_source_found,未在当前已整理数据或本次低频公开检索中找到该期目录,
西亚非洲,2017,2,no_public_source_found,未在当前已整理数据或本次低频公开检索中找到该期目录,
西亚非洲,2017,3,no_public_source_found,未在当前已整理数据或本次低频公开检索中找到该期目录,
西亚非洲,2017,5,no_public_source_found,未在当前已整理数据或本次低频公开检索中找到该期目录,
西亚非洲,2017,6,no_public_source_found,未在当前已整理数据或本次低频公开检索中找到该期目录,
西亚非洲,2017,7,no_public_source_found,未在当前已整理数据或本次低频公开检索中找到该期目录,
西亚非洲,2017,8,no_public_source_found,未在当前已整理数据或本次低频公开检索中找到该期目录,
西亚非洲,2017,9,no_public_source_found,未在当前已整理数据或本次低频公开检索中找到该期目录,
西亚非洲,2017,10,no_public_source_found,未在当前已整理数据或本次低频公开检索中找到该期目录,
西亚非洲,2017,11,no_public_source_found,未在当前已整理数据或本次低频公开检索中找到该期目录,
西亚非洲,2017,12,no_public_source_found,未在当前已整理数据或本次低频公开检索中找到该期目录,
西亚非洲,2018,1,no_public_source_found,未在当前已整理数据或本次低频公开检索中找到该期目录,
西亚非洲,2018,2,no_public_source_found,未在当前已整理数据或本次低频公开检索中找到该期目录,
西亚非洲,2018,3,no_public_source_found,未在当前已整理数据或本次低频公开检索中找到该期目录,
西亚非洲,2018,4,no_public_source_found,未在当前已整理数据或本次低频公开检索中找到该期目录,
西亚非洲,2018,5,no_public_source_found,未在当前已整理数据或本次低频公开检索中找到该期目录,
西亚非洲,2018,6,no_public_source_found,未在当前已整理数据或本次低频公开检索中找到该期目录,
西亚非洲,2018,7,no_public_source_found,未在当前已整理数据或本次低频公开检索中找到该期目录,
西亚非洲,2018,8,no_public_source_found,未在当前已整理数据或本次低频公开检索中找到该期目录,
西亚非洲,2018,9,no_public_source_found,未在当前已整理数据或本次低频公开检索中找到该期目录,
西亚非洲,2018,10,no_public_source_found,未在当前已整理数据或本次低频公开检索中找到该期目录,
西亚非洲,2018,11,no_public_source_found,未在当前已整理数据或本次低频公开检索中找到该期目录,
西亚非洲,2018,12,no_public_source_found,未在当前已整理数据或本次低频公开检索中找到该期目录,
西亚非洲,2019,1,no_public_source_found,未在当前已整理数据或本次低频公开检索中找到该期目录,
西亚非洲,2019,2,no_public_source_found,未在当前已整理数据或本次低频公开检索中找到该期目录,
西亚非洲,2019,3,no_public_source_found,未在当前已整理数据或本次低频公开检索中找到该期目录,
西亚非洲,2019,6,no_public_source_found,未在当前已整理数据或本次低频公开检索中找到该期目录,
西亚非洲,2019,7,no_public_source_found,未在当前已整理数据或本次低频公开检索中找到该期目录,
西亚非洲,2019,8,no_public_source_found,未在当前已整理数据或本次低频公开检索中找到该期目录,
西亚非洲,2019,9,no_public_source_found,未在当前已整理数据或本次低频公开检索中找到该期目录,
西亚非洲,2019,10,no_public_source_found,未在当前已整理数据或本次低频公开检索中找到该期目录,
西亚非洲,2019,11,no_public_source_found,未在当前已整理数据或本次低频公开检索中找到该期目录,
西亚非洲,2019,12,no_public_source_found,未在当前已整理数据或本次低频公开检索中找到该期目录,
西亚非洲,2020,1,no_public_source_found,未在当前已整理数据或本次低频公开检索中找到该期目录,
西亚非洲,2020,2,no_public_source_found,未在当前已整理数据或本次低频公开检索中找到该期目录,
西亚非洲,2020,4,no_public_source_found,未在当前已整理数据或本次低频公开检索中找到该期目录,
西亚非洲,2020,5,no_public_source_found,未在当前已整理数据或本次低频公开检索中找到该期目录,
西亚非洲,2020,6,no_public_source_found,未在当前已整理数据或本次低频公开检索中找到该期目录,
西亚非洲,2020,7,no_public_source_found,未在当前已整理数据或本次低频公开检索中找到该期目录,
西亚非洲,2020,8,no_public_source_found,未在当前已整理数据或本次低频公开检索中找到该期目录,
西亚非洲,2020,9,no_public_source_found,未在当前已整理数据或本次低频公开检索中找到该期目录,
西亚非洲,2020,10,no_public_source_found,未在当前已整理数据或本次低频公开检索中找到该期目录,
西亚非洲,2020,11,no_public_source_found,未在当前已整理数据或本次低频公开检索中找到该期目录,
西亚非洲,2020,12,no_public_source_found,未在当前已整理数据或本次低频公开检索中找到该期目录,
西亚非洲,2021,1,no_public_source_found,未在当前已整理数据或本次低频公开检索中找到该期目录,
西亚非洲,2021,2,no_public_source_found,未在当前已整理数据或本次低频公开检索中找到该期目录,
西亚非洲,2021,3,no_public_source_found,未在当前已整理数据或本次低频公开检索中找到该期目录,
西亚非洲,2021,4,no_public_source_found,未在当前已整理数据或本次低频公开检索中找到该期目录,
西亚非洲,2021,5,no_public_source_found,未在当前已整理数据或本次低频公开检索中找到该期目录,
西亚非洲,2021,6,no_public_source_found,未在当前已整理数据或本次低频公开检索中找到该期目录,
西亚非洲,2021,7,no_public_source_found,未在当前已整理数据或本次低频公开检索中找到该期目录,
西亚非洲,2021,8,no_public_source_found,未在当前已整理数据或本次低频公开检索中找到该期目录,
西亚非洲,2021,9,no_public_source_found,未在当前已整理数据或本次低频公开检索中找到该期目录,
西亚非洲,2021,10,no_public_source_found,未在当前已整理数据或本次低频公开检索中找到该期目录,
西亚非洲,2021,11,no_public_source_found,未在当前已整理数据或本次低频公开检索中找到该期目录,
西亚非洲,2021,12,no_public_source_found,未在当前已整理数据或本次低频公开检索中找到该期目录,
西亚非洲,2022,1,no_public_source_found,未在当前已整理数据或本次低频公开检索中找到该期目录,
西亚非洲,2022,2,no_public_source_found,未在当前已整理数据或本次低频公开检索中找到该期目录,
西亚非洲,2022,3,no_public_source_found,未在当前已整理数据或本次低频公开检索中找到该期目录,
西亚非洲,2022,4,no_public_source_found,未在当前已整理数据或本次低频公开检索中找到该期目录,
西亚非洲,2022,5,no_public_source_found,未在当前已整理数据或本次低频公开检索中找到该期目录,
西亚非洲,2022,6,no_public_source_found,未在当前已整理数据或本次低频公开检索中找到该期目录,
西亚非洲,2022,7,no_public_source_found,未在当前已整理数据或本次低频公开检索中找到该期目录,
西亚非洲,2022,8,no_public_source_found,未在当前已整理数据或本次低频公开检索中找到该期目录,
西亚非洲,2022,9,no_public_source_found,未在当前已整理数据或本次低频公开检索中找到该期目录,
西亚非洲,2022,10,no_public_source_found,未在当前已整理数据或本次低频公开检索中找到该期目录,
西亚非洲,2022,11,no_public_source_found,未在当前已整理数据或本次低频公开检索中找到该期目录,
西亚非洲,2022,12,no_public_source_found,未在当前已整理数据或本次低频公开检索中找到该期目录,
西亚非洲,2023,1,no_public_source_found,未在当前已整理数据或本次低频公开检索中找到该期目录,
西亚非洲,2023,2,no_public_source_found,未在当前已整理数据或本次低频公开检索中找到该期目录,
西亚非洲,2023,3,no_public_source_found,未在当前已整理数据或本次低频公开检索中找到该期目录,
西亚非洲,2023,4,no_public_source_found,未在当前已整理数据或本次低频公开检索中找到该期目录,
西亚非洲,2023,5,no_public_source_found,未在当前已整理数据或本次低频公开检索中找到该期目录,
西亚非洲,2023,6,no_public_source_found,未在当前已整理数据或本次低频公开检索中找到该期目录,
西亚非洲,2023,7,no_public_source_found,未在当前已整理数据或本次低频公开检索中找到该期目录,
西亚非洲,2023,8,no_public_source_found,未在当前已整理数据或本次低频公开检索中找到该期目录,
西亚非洲,2023,9,no_public_source_found,未在当前已整理数据或本次低频公开检索中找到该期目录,
西亚非洲,2023,10,no_public_source_found,未在当前已整理数据或本次低频公开检索中找到该期目录,
西亚非洲,2023,11,no_public_source_found,未在当前已整理数据或本次低频公开检索中找到该期目录,
西亚非洲,2023,12,no_public_source_found,未在当前已整理数据或本次低频公开检索中找到该期目录,
西亚非洲,2024,1,no_public_source_found,未在当前已整理数据或本次低频公开检索中找到该期目录,
西亚非洲,2024,2,no_public_source_found,未在当前已整理数据或本次低频公开检索中找到该期目录,
西亚非洲,2024,3,no_public_source_found,未在当前已整理数据或本次低频公开检索中找到该期目录,
西亚非洲,2024,4,no_public_source_found,未在当前已整理数据或本次低频公开检索中找到该期目录,
西亚非洲,2024,5,no_public_source_found,未在当前已整理数据或本次低频公开检索中找到该期目录,
西亚非洲,2024,6,no_public_source_found,未在当前已整理数据或本次低频公开检索中找到该期目录,
西亚非洲,2024,7,no_public_source_found,未在当前已整理数据或本次低频公开检索中找到该期目录,
西亚非洲,2024,8,no_public_source_found,未在当前已整理数据或本次低频公开检索中找到该期目录,
西亚非洲,2024,9,no_public_source_found,未在当前已整理数据或本次低频公开检索中找到该期目录,
西亚非洲,2024,10,no_public_source_found,未在当前已整理数据或本次低频公开检索中找到该期目录,
西亚非洲,2024,11,no_public_source_found,未在当前已整理数据或本次低频公开检索中找到该期目录,
西亚非洲,2024,12,no_public_source_found,未在当前已整理数据或本次低频公开检索中找到该期目录,
西亚非洲,2025,1,no_public_source_found,未在当前已整理数据或本次低频公开检索中找到该期目录,
西亚非洲,2025,2,no_public_source_found,未在当前已整理数据或本次低频公开检索中找到该期目录,
西亚非洲,2025,3,no_public_source_found,未在当前已整理数据或本次低频公开检索中找到该期目录,
西亚非洲,2025,4,no_public_source_found,未在当前已整理数据或本次低频公开检索中找到该期目录,
西亚非洲,2025,5,no_public_source_found,未在当前已整理数据或本次低频公开检索中找到该期目录,
西亚非洲,2025,6,no_public_source_found,未在当前已整理数据或本次低频公开检索中找到该期目录,
西亚非洲,2025,7,no_public_source_found,未在当前已整理数据或本次低频公开检索中找到该期目录,
西亚非洲,2025,8,no_public_source_found,未在当前已整理数据或本次低频公开检索中找到该期目录,
西亚非洲,2025,9,no_public_source_found,未在当前已整理数据或本次低频公开检索中找到该期目录,
西亚非洲,2025,10,no_public_source_found,未在当前已整理数据或本次低频公开检索中找到该期目录,
西亚非洲,2025,11,no_public_source_found,未在当前已整理数据或本次低频公开检索中找到该期目录,
西亚非洲,2025,12,no_public_source_found,未在当前已整理数据或本次低频公开检索中找到该期目录,
西亚非洲,2026,2,issue_found_missing_abstract,已找到题名或目录记录，但暂无公开摘要,https://www.cqvip.com/doc/journal/7202965075
西亚非洲,2026,2,issue_found_missing_abstract,已找到题名或目录记录，但暂无公开摘要,https://www.cqvip.com/doc/journal/7202965076
西亚非洲,2026,2,issue_found_missing_abstract,已找到题名或目录记录，但暂无公开摘要,https://www.cqvip.com/doc/journal/7202965072
西亚非洲,2026,2,issue_found_missing_abstract,已找到题名或目录记录，但暂无公开摘要,https://www.cqvip.com/doc/journal/7202965071
西亚非洲,2026,2,issue_found_missing_abstract,已找到题名或目录记录，但暂无公开摘要,https://www.cqvip.com/doc/journal/7202965073
西亚非洲,2026,2,issue_found_missing_abstract,已找到题名或目录记录，但暂无公开摘要,https://www.cqvip.com/doc/journal/7202965074
西亚非洲,2026,2,issue_found_missing_abstract,已找到题名或目录记录，但暂无公开摘要,https://www.cqvip.com/doc/journal/7202965077
西亚非洲,2026,2,found_title_missing_metadata,已找到题名，但作者、页码或链接字段仍不完整,https://www.cqvip.com/doc/journal/7202965077
太平洋学报,1994,2,no_public_source_found,未在当前已整理数据或本次低频公开检索中找到该期目录,
太平洋学报,1994,3,no_public_source_found,未在当前已整理数据或本次低频公开检索中找到该期目录,
太平洋学报,1994,4,no_public_source_found,未在当前已整理数据或本次低频公开检索中找到该期目录,
太平洋学报,1994,5,no_public_source_found,未在当前已整理数据或本次低频公开检索中找到该期目录,
太平洋学报,1994,6,no_public_source_found,未在当前已整理数据或本次低频公开检索中找到该期目录,
太平洋学报,1994,7,no_public_source_found,未在当前已整理数据或本次低频公开检索中找到该期目录,
太平洋学报,1994,8,no_public_source_found,未在当前已整理数据或本次低频公开检索中找到该期目录,
太平洋学报,1994,9,no_public_source_found,未在当前已整理数据或本次低频公开检索中找到该期目录,
太平洋学报,1994,10,no_public_source_found,未在当前已整理数据或本次低频公开检索中找到该期目录,
太平洋学报,1994,11,no_public_source_found,未在当前已整理数据或本次低频公开检索中找到该期目录,
太平洋学报,1994,12,no_public_source_found,未在当前已整理数据或本次低频公开检索中找到该期目录,
太平洋学报,1995,4,no_public_source_found,未在当前已整理数据或本次低频公开检索中找到该期目录,
太平洋学报,1995,5,no_public_source_found,未在当前已整理数据或本次低频公开检索中找到该期目录,
太平洋学报,1995,6,no_public_source_found,未在当前已整理数据或本次低频公开检索中找到该期目录,
太平洋学报,1995,7,no_public_source_found,未在当前已整理数据或本次低频公开检索中找到该期目录,
太平洋学报,1995,8,no_public_source_found,未在当前已整理数据或本次低频公开检索中找到该期目录,
太平洋学报,1995,9,no_public_source_found,未在当前已整理数据或本次低频公开检索中找到该期目录,
太平洋学报,1995,10,no_public_source_found,未在当前已整理数据或本次低频公开检索中找到该期目录,
太平洋学报,1995,11,no_public_source_found,未在当前已整理数据或本次低频公开检索中找到该期目录,
太平洋学报,1995,12,no_public_source_found,未在当前已整理数据或本次低频公开检索中找到该期目录,
太平洋学报,1996,1,no_public_source_found,未在当前已整理数据或本次低频公开检索中找到该期目录,
太平洋学报,1996,2,no_public_source_found,未在当前已整理数据或本次低频公开检索中找到该期目录,
太平洋学报,1996,3,no_public_source_found,未在当前已整理数据或本次低频公开检索中找到该期目录,
太平洋学报,1996,5,no_public_source_found,未在当前已整理数据或本次低频公开检索中找到该期目录,
太平洋学报,1996,6,no_public_source_found,未在当前已整理数据或本次低频公开检索中找到该期目录,
太平洋学报,1996,7,no_public_source_found,未在当前已整理数据或本次低频公开检索中找到该期目录,
太平洋学报,1996,8,no_public_source_found,未在当前已整理数据或本次低频公开检索中找到该期目录,
太平洋学报,1996,9,no_public_source_found,未在当前已整理数据或本次低频公开检索中找到该期目录,
太平洋学报,1996,10,no_public_source_found,未在当前已整理数据或本次低频公开检索中找到该期目录,
太平洋学报,1996,11,no_public_source_found,未在当前已整理数据或本次低频公开检索中找到该期目录,
太平洋学报,1996,12,no_public_source_found,未在当前已整理数据或本次低频公开检索中找到该期目录,
太平洋学报,1997,4,no_public_source_found,未在当前已整理数据或本次低频公开检索中找到该期目录,
太平洋学报,1997,5,no_public_source_found,未在当前已整理数据或本次低频公开检索中找到该期目录,
太平洋学报,1997,6,no_public_source_found,未在当前已整理数据或本次低频公开检索中找到该期目录,
太平洋学报,1997,7,no_public_source_found,未在当前已整理数据或本次低频公开检索中找到该期目录,
太平洋学报,1997,8,no_public_source_found,未在当前已整理数据或本次低频公开检索中找到该期目录,
太平洋学报,1997,9,no_public_source_found,未在当前已整理数据或本次低频公开检索中找到该期目录,
太平洋学报,1997,10,no_public_source_found,未在当前已整理数据或本次低频公开检索中找到该期目录,
太平洋学报,1997,11,no_public_source_found,未在当前已整理数据或本次低频公开检索中找到该期目录,
太平洋学报,1997,12,no_public_source_found,未在当前已整理数据或本次低频公开检索中找到该期目录,
太平洋学报,1998,2,no_public_source_found,未在当前已整理数据或本次低频公开检索中找到该期目录,
太平洋学报,1998,4,no_public_source_found,未在当前已整理数据或本次低频公开检索中找到该期目录,
太平洋学报,1998,5,no_public_source_found,未在当前已整理数据或本次低频公开检索中找到该期目录,
太平洋学报,1998,6,no_public_source_found,未在当前已整理数据或本次低频公开检索中找到该期目录,
太平洋学报,1998,7,no_public_source_found,未在当前已整理数据或本次低频公开检索中找到该期目录,
太平洋学报,1998,8,no_public_source_found,未在当前已整理数据或本次低频公开检索中找到该期目录,
太平洋学报,1998,9,no_public_source_found,未在当前已整理数据或本次低频公开检索中找到该期目录,
太平洋学报,1998,10,no_public_source_found,未在当前已整理数据或本次低频公开检索中找到该期目录,
太平洋学报,1998,11,no_public_source_found,未在当前已整理数据或本次低频公开检索中找到该期目录,
太平洋学报,1998,12,no_public_source_found,未在当前已整理数据或本次低频公开检索中找到该期目录,
太平洋学报,1999,1,no_public_source_found,未在当前已整理数据或本次低频公开检索中找到该期目录,
太平洋学报,1999,2,no_public_source_found,未在当前已整理数据或本次低频公开检索中找到该期目录,
太平洋学报,1999,5,no_public_source_found,未在当前已整理数据或本次低频公开检索中找到该期目录,
太平洋学报,1999,6,no_public_source_found,未在当前已整理数据或本次低频公开检索中找到该期目录,
太平洋学报,1999,7,no_public_source_found,未在当前已整理数据或本次低频公开检索中找到该期目录,
太平洋学报,1999,8,no_public_source_found,未在当前已整理数据或本次低频公开检索中找到该期目录,
太平洋学报,1999,9,no_public_source_found,未在当前已整理数据或本次低频公开检索中找到该期目录,
太平洋学报,1999,10,no_public_source_found,未在当前已整理数据或本次低频公开检索中找到该期目录,
太平洋学报,1999,11,no_public_source_found,未在当前已整理数据或本次低频公开检索中找到该期目录,
太平洋学报,1999,12,no_public_source_found,未在当前已整理数据或本次低频公开检索中找到该期目录,
太平洋学报,2000,1,no_public_source_found,未在当前已整理数据或本次低频公开检索中找到该期目录,
太平洋学报,2000,2,no_public_source_found,未在当前已整理数据或本次低频公开检索中找到该期目录,
太平洋学报,2000,5,no_public_source_found,未在当前已整理数据或本次低频公开检索中找到该期目录,
太平洋学报,2000,6,no_public_source_found,未在当前已整理数据或本次低频公开检索中找到该期目录,
太平洋学报,2000,7,no_public_source_found,未在当前已整理数据或本次低频公开检索中找到该期目录,
太平洋学报,2000,8,no_public_source_found,未在当前已整理数据或本次低频公开检索中找到该期目录,
太平洋学报,2000,9,no_public_source_found,未在当前已整理数据或本次低频公开检索中找到该期目录,
太平洋学报,2000,10,no_public_source_found,未在当前已整理数据或本次低频公开检索中找到该期目录,
太平洋学报,2000,11,no_public_source_found,未在当前已整理数据或本次低频公开检索中找到该期目录,
太平洋学报,2000,12,no_public_source_found,未在当前已整理数据或本次低频公开检索中找到该期目录,
太平洋学报,2001,3,no_public_source_found,未在当前已整理数据或本次低频公开检索中找到该期目录,
太平洋学报,2001,4,no_public_source_found,未在当前已整理数据或本次低频公开检索中找到该期目录,
太平洋学报,2001,5,no_public_source_found,未在当前已整理数据或本次低频公开检索中找到该期目录,
太平洋学报,2001,6,no_public_source_found,未在当前已整理数据或本次低频公开检索中找到该期目录,
太平洋学报,2001,7,no_public_source_found,未在当前已整理数据或本次低频公开检索中找到该期目录,
太平洋学报,2001,8,no_public_source_found,未在当前已整理数据或本次低频公开检索中找到该期目录,
太平洋学报,2001,9,no_public_source_found,未在当前已整理数据或本次低频公开检索中找到该期目录,
太平洋学报,2001,10,no_public_source_found,未在当前已整理数据或本次低频公开检索中找到该期目录,
太平洋学报,2001,11,no_public_source_found,未在当前已整理数据或本次低频公开检索中找到该期目录,
太平洋学报,2001,12,no_public_source_found,未在当前已整理数据或本次低频公开检索中找到该期目录,
太平洋学报,2002,3,no_public_source_found,未在当前已整理数据或本次低频公开检索中找到该期目录,
太平洋学报,2002,4,no_public_source_found,未在当前已整理数据或本次低频公开检索中找到该期目录,
太平洋学报,2002,5,no_public_source_found,未在当前已整理数据或本次低频公开检索中找到该期目录,
太平洋学报,2002,6,no_public_source_found,未在当前已整理数据或本次低频公开检索中找到该期目录,
太平洋学报,2002,7,no_public_source_found,未在当前已整理数据或本次低频公开检索中找到该期目录,
太平洋学报,2002,8,no_public_source_found,未在当前已整理数据或本次低频公开检索中找到该期目录,
太平洋学报,2002,9,no_public_source_found,未在当前已整理数据或本次低频公开检索中找到该期目录,
太平洋学报,2002,10,no_public_source_found,未在当前已整理数据或本次低频公开检索中找到该期目录,
太平洋学报,2002,11,no_public_source_found,未在当前已整理数据或本次低频公开检索中找到该期目录,
太平洋学报,2002,12,no_public_source_found,未在当前已整理数据或本次低频公开检索中找到该期目录,
太平洋学报,2003,4,no_public_source_found,未在当前已整理数据或本次低频公开检索中找到该期目录,
太平洋学报,2003,5,no_public_source_found,未在当前已整理数据或本次低频公开检索中找到该期目录,
太平洋学报,2003,6,no_public_source_found,未在当前已整理数据或本次低频公开检索中找到该期目录,
太平洋学报,2003,7,no_public_source_found,未在当前已整理数据或本次低频公开检索中找到该期目录,
太平洋学报,2003,8,no_public_source_found,未在当前已整理数据或本次低频公开检索中找到该期目录,
太平洋学报,2003,9,no_public_source_found,未在当前已整理数据或本次低频公开检索中找到该期目录,
太平洋学报,2003,10,no_public_source_found,未在当前已整理数据或本次低频公开检索中找到该期目录,
太平洋学报,2003,11,no_public_source_found,未在当前已整理数据或本次低频公开检索中找到该期目录,
太平洋学报,2003,12,no_public_source_found,未在当前已整理数据或本次低频公开检索中找到该期目录,
太平洋学报,2004,3,no_public_source_found,未在当前已整理数据或本次低频公开检索中找到该期目录,
太平洋学报,2004,4,no_public_source_found,未在当前已整理数据或本次低频公开检索中找到该期目录,
太平洋学报,2004,5,no_public_source_found,未在当前已整理数据或本次低频公开检索中找到该期目录,
太平洋学报,2004,6,no_public_source_found,未在当前已整理数据或本次低频公开检索中找到该期目录,
太平洋学报,2004,10,no_public_source_found,未在当前已整理数据或本次低频公开检索中找到该期目录,
太平洋学报,2004,11,no_public_source_found,未在当前已整理数据或本次低频公开检索中找到该期目录,
太平洋学报,2005,1,no_public_source_found,未在当前已整理数据或本次低频公开检索中找到该期目录,
太平洋学报,2005,4,no_public_source_found,未在当前已整理数据或本次低频公开检索中找到该期目录,
太平洋学报,2005,11,no_public_source_found,未在当前已整理数据或本次低频公开检索中找到该期目录,
太平洋学报,2005,12,no_public_source_found,未在当前已整理数据或本次低频公开检索中找到该期目录,
太平洋学报,2007,5,no_public_source_found,未在当前已整理数据或本次低频公开检索中找到该期目录,
太平洋学报,2007,8,no_public_source_found,未在当前已整理数据或本次低频公开检索中找到该期目录,
太平洋学报,2007,9,no_public_source_found,未在当前已整理数据或本次低频公开检索中找到该期目录,
太平洋学报,2008,5,no_public_source_found,未在当前已整理数据或本次低频公开检索中找到该期目录,
太平洋学报,2009,3,no_public_source_found,未在当前已整理数据或本次低频公开检索中找到该期目录,
太平洋学报,2010,11,no_public_source_found,未在当前已整理数据或本次低频公开检索中找到该期目录,
太平洋学报,2010,12,no_public_source_found,未在当前已整理数据或本次低频公开检索中找到该期目录,
太平洋学报,2011,2,no_public_source_found,未在当前已整理数据或本次低频公开检索中找到该期目录,
太平洋学报,2012,4,no_public_source_found,未在当前已整理数据或本次低频公开检索中找到该期目录,
太平洋学报,2013,5,no_public_source_found,未在当前已整理数据或本次低频公开检索中找到该期目录,
太平洋学报,2014,10,no_public_source_found,未在当前已整理数据或本次低频公开检索中找到该期目录,
太平洋学报,2014,11,no_public_source_found,未在当前已整理数据或本次低频公开检索中找到该期目录,
太平洋学报,2016,9,no_public_source_found,未在当前已整理数据或本次低频公开检索中找到该期目录,
太平洋学报,2016,10,no_public_source_found,未在当前已整理数据或本次低频公开检索中找到该期目录,
太平洋学报,2016,11,no_public_source_found,未在当前已整理数据或本次低频公开检索中找到该期目录,
太平洋学报,2016,12,no_public_source_found,未在当前已整理数据或本次低频公开检索中找到该期目录,
太平洋学报,2017,1,no_public_source_found,未在当前已整理数据或本次低频公开检索中找到该期目录,
太平洋学报,2017,2,no_public_source_found,未在当前已整理数据或本次低频公开检索中找到该期目录,
太平洋学报,2017,3,no_public_source_found,未在当前已整理数据或本次低频公开检索中找到该期目录,
太平洋学报,2017,4,no_public_source_found,未在当前已整理数据或本次低频公开检索中找到该期目录,
太平洋学报,2017,5,no_public_source_found,未在当前已整理数据或本次低频公开检索中找到该期目录,
太平洋学报,2017,6,no_public_source_found,未在当前已整理数据或本次低频公开检索中找到该期目录,
太平洋学报,2017,7,no_public_source_found,未在当前已整理数据或本次低频公开检索中找到该期目录,
太平洋学报,2017,8,no_public_source_found,未在当前已整理数据或本次低频公开检索中找到该期目录,
太平洋学报,2017,9,no_public_source_found,未在当前已整理数据或本次低频公开检索中找到该期目录,
太平洋学报,2017,10,no_public_source_found,未在当前已整理数据或本次低频公开检索中找到该期目录,
太平洋学报,2018,1,no_public_source_found,未在当前已整理数据或本次低频公开检索中找到该期目录,
太平洋学报,2018,2,no_public_source_found,未在当前已整理数据或本次低频公开检索中找到该期目录,
太平洋学报,2018,4,no_public_source_found,未在当前已整理数据或本次低频公开检索中找到该期目录,
太平洋学报,2018,5,no_public_source_found,未在当前已整理数据或本次低频公开检索中找到该期目录,
太平洋学报,2018,6,no_public_source_found,未在当前已整理数据或本次低频公开检索中找到该期目录,
太平洋学报,2018,7,no_public_source_found,未在当前已整理数据或本次低频公开检索中找到该期目录,
太平洋学报,2018,8,no_public_source_found,未在当前已整理数据或本次低频公开检索中找到该期目录,
太平洋学报,2018,9,no_public_source_found,未在当前已整理数据或本次低频公开检索中找到该期目录,
太平洋学报,2018,10,no_public_source_found,未在当前已整理数据或本次低频公开检索中找到该期目录,
太平洋学报,2018,11,no_public_source_found,未在当前已整理数据或本次低频公开检索中找到该期目录,
太平洋学报,2019,1,no_public_source_found,未在当前已整理数据或本次低频公开检索中找到该期目录,
太平洋学报,2019,2,no_public_source_found,未在当前已整理数据或本次低频公开检索中找到该期目录,
太平洋学报,2019,3,no_public_source_found,未在当前已整理数据或本次低频公开检索中找到该期目录,
太平洋学报,2019,4,no_public_source_found,未在当前已整理数据或本次低频公开检索中找到该期目录,
太平洋学报,2019,7,no_public_source_found,未在当前已整理数据或本次低频公开检索中找到该期目录,
太平洋学报,2019,8,no_public_source_found,未在当前已整理数据或本次低频公开检索中找到该期目录,
太平洋学报,2019,10,no_public_source_found,未在当前已整理数据或本次低频公开检索中找到该期目录,
太平洋学报,2019,11,no_public_source_found,未在当前已整理数据或本次低频公开检索中找到该期目录,
太平洋学报,2020,2,no_public_source_found,未在当前已整理数据或本次低频公开检索中找到该期目录,
太平洋学报,2020,4,no_public_source_found,未在当前已整理数据或本次低频公开检索中找到该期目录,
太平洋学报,2020,5,no_public_source_found,未在当前已整理数据或本次低频公开检索中找到该期目录,
太平洋学报,2020,7,no_public_source_found,未在当前已整理数据或本次低频公开检索中找到该期目录,
太平洋学报,2020,8,no_public_source_found,未在当前已整理数据或本次低频公开检索中找到该期目录,
太平洋学报,2020,9,no_public_source_found,未在当前已整理数据或本次低频公开检索中找到该期目录,
太平洋学报,2020,10,no_public_source_found,未在当前已整理数据或本次低频公开检索中找到该期目录,
太平洋学报,2020,11,no_public_source_found,未在当前已整理数据或本次低频公开检索中找到该期目录,
太平洋学报,2020,12,no_public_source_found,未在当前已整理数据或本次低频公开检索中找到该期目录,
太平洋学报,2021,1,no_public_source_found,未在当前已整理数据或本次低频公开检索中找到该期目录,
太平洋学报,2021,2,no_public_source_found,未在当前已整理数据或本次低频公开检索中找到该期目录,
太平洋学报,2021,3,no_public_source_found,未在当前已整理数据或本次低频公开检索中找到该期目录,
太平洋学报,2021,4,no_public_source_found,未在当前已整理数据或本次低频公开检索中找到该期目录,
太平洋学报,2021,5,no_public_source_found,未在当前已整理数据或本次低频公开检索中找到该期目录,
太平洋学报,2021,6,no_public_source_found,未在当前已整理数据或本次低频公开检索中找到该期目录,
太平洋学报,2021,7,no_public_source_found,未在当前已整理数据或本次低频公开检索中找到该期目录,
太平洋学报,2021,8,no_public_source_found,未在当前已整理数据或本次低频公开检索中找到该期目录,
太平洋学报,2021,9,no_public_source_found,未在当前已整理数据或本次低频公开检索中找到该期目录,
太平洋学报,2021,10,no_public_source_found,未在当前已整理数据或本次低频公开检索中找到该期目录,
太平洋学报,2021,11,no_public_source_found,未在当前已整理数据或本次低频公开检索中找到该期目录,
太平洋学报,2021,12,no_public_source_found,未在当前已整理数据或本次低频公开检索中找到该期目录,
太平洋学报,2022,1,no_public_source_found,未在当前已整理数据或本次低频公开检索中找到该期目录,
太平洋学报,2022,2,no_public_source_found,未在当前已整理数据或本次低频公开检索中找到该期目录,
太平洋学报,2022,3,no_public_source_found,未在当前已整理数据或本次低频公开检索中找到该期目录,
太平洋学报,2022,4,no_public_source_found,未在当前已整理数据或本次低频公开检索中找到该期目录,
太平洋学报,2022,5,no_public_source_found,未在当前已整理数据或本次低频公开检索中找到该期目录,
太平洋学报,2022,6,no_public_source_found,未在当前已整理数据或本次低频公开检索中找到该期目录,
太平洋学报,2022,7,no_public_source_found,未在当前已整理数据或本次低频公开检索中找到该期目录,
太平洋学报,2022,8,no_public_source_found,未在当前已整理数据或本次低频公开检索中找到该期目录,
太平洋学报,2022,9,no_public_source_found,未在当前已整理数据或本次低频公开检索中找到该期目录,
太平洋学报,2022,10,no_public_source_found,未在当前已整理数据或本次低频公开检索中找到该期目录,
太平洋学报,2022,11,no_public_source_found,未在当前已整理数据或本次低频公开检索中找到该期目录,
太平洋学报,2022,12,no_public_source_found,未在当前已整理数据或本次低频公开检索中找到该期目录,
太平洋学报,2023,1,no_public_source_found,未在当前已整理数据或本次低频公开检索中找到该期目录,
太平洋学报,2023,2,no_public_source_found,未在当前已整理数据或本次低频公开检索中找到该期目录,
太平洋学报,2023,3,no_public_source_found,未在当前已整理数据或本次低频公开检索中找到该期目录,
太平洋学报,2023,4,no_public_source_found,未在当前已整理数据或本次低频公开检索中找到该期目录,
太平洋学报,2023,5,no_public_source_found,未在当前已整理数据或本次低频公开检索中找到该期目录,
太平洋学报,2023,6,no_public_source_found,未在当前已整理数据或本次低频公开检索中找到该期目录,
太平洋学报,2023,7,no_public_source_found,未在当前已整理数据或本次低频公开检索中找到该期目录,
太平洋学报,2023,8,no_public_source_found,未在当前已整理数据或本次低频公开检索中找到该期目录,
太平洋学报,2023,9,no_public_source_found,未在当前已整理数据或本次低频公开检索中找到该期目录,
太平洋学报,2023,10,no_public_source_found,未在当前已整理数据或本次低频公开检索中找到该期目录,
太平洋学报,2023,11,no_public_source_found,未在当前已整理数据或本次低频公开检索中找到该期目录,
太平洋学报,2023,12,no_public_source_found,未在当前已整理数据或本次低频公开检索中找到该期目录,
太平洋学报,2024,1,no_public_source_found,未在当前已整理数据或本次低频公开检索中找到该期目录,
太平洋学报,2024,2,no_public_source_found,未在当前已整理数据或本次低频公开检索中找到该期目录,
太平洋学报,2024,3,no_public_source_found,未在当前已整理数据或本次低频公开检索中找到该期目录,
太平洋学报,2024,4,no_public_source_found,未在当前已整理数据或本次低频公开检索中找到该期目录,
太平洋学报,2024,5,no_public_source_found,未在当前已整理数据或本次低频公开检索中找到该期目录,
太平洋学报,2024,6,no_public_source_found,未在当前已整理数据或本次低频公开检索中找到该期目录,
太平洋学报,2024,7,no_public_source_found,未在当前已整理数据或本次低频公开检索中找到该期目录,
太平洋学报,2024,8,no_public_source_found,未在当前已整理数据或本次低频公开检索中找到该期目录,
太平洋学报,2024,9,no_public_source_found,未在当前已整理数据或本次低频公开检索中找到该期目录,
太平洋学报,2024,10,no_public_source_found,未在当前已整理数据或本次低频公开检索中找到该期目录,
太平洋学报,2024,11,no_public_source_found,未在当前已整理数据或本次低频公开检索中找到该期目录,
太平洋学报,2024,12,no_public_source_found,未在当前已整理数据或本次低频公开检索中找到该期目录,
太平洋学报,2025,1,no_public_source_found,未在当前已整理数据或本次低频公开检索中找到该期目录,
太平洋学报,2025,2,no_public_source_found,未在当前已整理数据或本次低频公开检索中找到该期目录,
太平洋学报,2025,3,no_public_source_found,未在当前已整理数据或本次低频公开检索中找到该期目录,
太平洋学报,2025,4,no_public_source_found,未在当前已整理数据或本次低频公开检索中找到该期目录,
太平洋学报,2025,5,no_public_source_found,未在当前已整理数据或本次低频公开检索中找到该期目录,
太平洋学报,2025,6,no_public_source_found,未在当前已整理数据或本次低频公开检索中找到该期目录,
太平洋学报,2025,7,no_public_source_found,未在当前已整理数据或本次低频公开检索中找到该期目录,
太平洋学报,2025,8,no_public_source_found,未在当前已整理数据或本次低频公开检索中找到该期目录,
太平洋学报,2025,9,no_public_source_found,未在当前已整理数据或本次低频公开检索中找到该期目录,
太平洋学报,2025,10,no_public_source_found,未在当前已整理数据或本次低频公开检索中找到该期目录,
太平洋学报,2025,11,no_public_source_found,未在当前已整理数据或本次低频公开检索中找到该期目录,
太平洋学报,2025,12,no_public_source_found,未在当前已整理数据或本次低频公开检索中找到该期目录,
太平洋学报,2026,4,issue_found_missing_abstract,已找到题名或目录记录，但暂无公开摘要,https://www.cqvip.com/doc/journal/7203114730
太平洋学报,2026,4,issue_found_missing_abstract,已找到题名或目录记录，但暂无公开摘要,https://www.cqvip.com/doc/journal/7203114731
太平洋学报,2026,4,issue_found_missing_abstract,已找到题名或目录记录，但暂无公开摘要,https://www.cqvip.com/doc/journal/7203114732
太平洋学报,2026,4,issue_found_missing_abstract,已找到题名或目录记录，但暂无公开摘要,https://www.cqvip.com/doc/journal/7203114733
太平洋学报,2026,4,issue_found_missing_abstract,已找到题名或目录记录，但暂无公开摘要,https://www.cqvip.com/doc/journal/7203114734
太平洋学报,2026,4,issue_found_missing_abstract,已找到题名或目录记录，但暂无公开摘要,https://www.cqvip.com/doc/journal/7203114735
太平洋学报,2026,4,issue_found_missing_abstract,已找到题名或目录记录，但暂无公开摘要,https://www.cqvip.com/doc/journal/7203114736
太平洋学报,2026,4,issue_found_missing_abstract,已找到题名或目录记录，但暂无公开摘要,https://www.cqvip.com/doc/journal/7203114729
台湾研究,2000,1,no_public_source_found,未在当前已整理数据或本次低频公开检索中找到该期目录,
台湾研究,2000,3,no_public_source_found,未在当前已整理数据或本次低频公开检索中找到该期目录,
台湾研究,2000,5,no_public_source_found,未在当前已整理数据或本次低频公开检索中找到该期目录,
台湾研究,2000,6,no_public_source_found,未在当前已整理数据或本次低频公开检索中找到该期目录,
台湾研究,2003,4,no_public_source_found,未在当前已整理数据或本次低频公开检索中找到该期目录,
台湾研究,2005,5,no_public_source_found,未在当前已整理数据或本次低频公开检索中找到该期目录,
台湾研究,2008,6,no_public_source_found,未在当前已整理数据或本次低频公开检索中找到该期目录,
台湾研究,2009,1,no_public_source_found,未在当前已整理数据或本次低频公开检索中找到该期目录,
台湾研究,2009,2,no_public_source_found,未在当前已整理数据或本次低频公开检索中找到该期目录,
台湾研究,2009,3,no_public_source_found,未在当前已整理数据或本次低频公开检索中找到该期目录,
台湾研究,2009,4,no_public_source_found,未在当前已整理数据或本次低频公开检索中找到该期目录,
台湾研究,2009,5,no_public_source_found,未在当前已整理数据或本次低频公开检索中找到该期目录,
台湾研究,2009,6,no_public_source_found,未在当前已整理数据或本次低频公开检索中找到该期目录,
台湾研究,2010,1,no_public_source_found,未在当前已整理数据或本次低频公开检索中找到该期目录,
台湾研究,2010,2,no_public_source_found,未在当前已整理数据或本次低频公开检索中找到该期目录,
台湾研究,2010,3,no_public_source_found,未在当前已整理数据或本次低频公开检索中找到该期目录,
台湾研究,2010,4,no_public_source_found,未在当前已整理数据或本次低频公开检索中找到该期目录,
台湾研究,2010,5,no_public_source_found,未在当前已整理数据或本次低频公开检索中找到该期目录,
台湾研究,2010,6,no_public_source_found,未在当前已整理数据或本次低频公开检索中找到该期目录,
台湾研究,2011,1,no_public_source_found,未在当前已整理数据或本次低频公开检索中找到该期目录,
台湾研究,2011,2,no_public_source_found,未在当前已整理数据或本次低频公开检索中找到该期目录,
台湾研究,2011,3,no_public_source_found,未在当前已整理数据或本次低频公开检索中找到该期目录,
台湾研究,2011,4,no_public_source_found,未在当前已整理数据或本次低频公开检索中找到该期目录,
台湾研究,2011,5,no_public_source_found,未在当前已整理数据或本次低频公开检索中找到该期目录,
台湾研究,2011,6,no_public_source_found,未在当前已整理数据或本次低频公开检索中找到该期目录,
台湾研究,2012,4,no_public_source_found,未在当前已整理数据或本次低频公开检索中找到该期目录,
台湾研究,2012,6,no_public_source_found,未在当前已整理数据或本次低频公开检索中找到该期目录,
台湾研究,2013,1,no_public_source_found,未在当前已整理数据或本次低频公开检索中找到该期目录,
台湾研究,2014,6,no_public_source_found,未在当前已整理数据或本次低频公开检索中找到该期目录,
台湾研究,2015,4,no_public_source_found,未在当前已整理数据或本次低频公开检索中找到该期目录,
台湾研究,2016,1,no_public_source_found,未在当前已整理数据或本次低频公开检索中找到该期目录,
台湾研究,2016,4,no_public_source_found,未在当前已整理数据或本次低频公开检索中找到该期目录,
台湾研究,2016,5,no_public_source_found,未在当前已整理数据或本次低频公开检索中找到该期目录,
台湾研究,2016,6,no_public_source_found,未在当前已整理数据或本次低频公开检索中找到该期目录,
台湾研究,2017,1,no_public_source_found,未在当前已整理数据或本次低频公开检索中找到该期目录,
台湾研究,2017,2,no_public_source_found,未在当前已整理数据或本次低频公开检索中找到该期目录,
台湾研究,2017,4,no_public_source_found,未在当前已整理数据或本次低频公开检索中找到该期目录,
台湾研究,2017,5,no_public_source_found,未在当前已整理数据或本次低频公开检索中找到该期目录,
台湾研究,2017,6,no_public_source_found,未在当前已整理数据或本次低频公开检索中找到该期目录,
台湾研究,2018,1,no_public_source_found,未在当前已整理数据或本次低频公开检索中找到该期目录,
台湾研究,2018,2,no_public_source_found,未在当前已整理数据或本次低频公开检索中找到该期目录,
台湾研究,2018,3,no_public_source_found,未在当前已整理数据或本次低频公开检索中找到该期目录,
台湾研究,2018,4,no_public_source_found,未在当前已整理数据或本次低频公开检索中找到该期目录,
台湾研究,2018,5,no_public_source_found,未在当前已整理数据或本次低频公开检索中找到该期目录,
台湾研究,2018,6,no_public_source_found,未在当前已整理数据或本次低频公开检索中找到该期目录,
台湾研究,2019,1,no_public_source_found,未在当前已整理数据或本次低频公开检索中找到该期目录,
台湾研究,2019,2,no_public_source_found,未在当前已整理数据或本次低频公开检索中找到该期目录,
台湾研究,2019,3,no_public_source_found,未在当前已整理数据或本次低频公开检索中找到该期目录,
台湾研究,2019,4,no_public_source_found,未在当前已整理数据或本次低频公开检索中找到该期目录,
台湾研究,2019,6,no_public_source_found,未在当前已整理数据或本次低频公开检索中找到该期目录,
台湾研究,2020,1,no_public_source_found,未在当前已整理数据或本次低频公开检索中找到该期目录,
台湾研究,2020,2,no_public_source_found,未在当前已整理数据或本次低频公开检索中找到该期目录,
台湾研究,2020,4,no_public_source_found,未在当前已整理数据或本次低频公开检索中找到该期目录,
台湾研究,2020,5,no_public_source_found,未在当前已整理数据或本次低频公开检索中找到该期目录,
台湾研究,2020,6,no_public_source_found,未在当前已整理数据或本次低频公开检索中找到该期目录,
台湾研究,2021,1,no_public_source_found,未在当前已整理数据或本次低频公开检索中找到该期目录,
台湾研究,2021,2,no_public_source_found,未在当前已整理数据或本次低频公开检索中找到该期目录,
台湾研究,2021,3,no_public_source_found,未在当前已整理数据或本次低频公开检索中找到该期目录,
台湾研究,2021,4,no_public_source_found,未在当前已整理数据或本次低频公开检索中找到该期目录,
台湾研究,2021,5,no_public_source_found,未在当前已整理数据或本次低频公开检索中找到该期目录,
台湾研究,2021,6,no_public_source_found,未在当前已整理数据或本次低频公开检索中找到该期目录,
台湾研究,2022,1,no_public_source_found,未在当前已整理数据或本次低频公开检索中找到该期目录,
台湾研究,2022,2,no_public_source_found,未在当前已整理数据或本次低频公开检索中找到该期目录,
台湾研究,2022,3,no_public_source_found,未在当前已整理数据或本次低频公开检索中找到该期目录,
台湾研究,2022,4,no_public_source_found,未在当前已整理数据或本次低频公开检索中找到该期目录,
台湾研究,2022,5,no_public_source_found,未在当前已整理数据或本次低频公开检索中找到该期目录,
台湾研究,2022,6,no_public_source_found,未在当前已整理数据或本次低频公开检索中找到该期目录,
台湾研究,2023,1,no_public_source_found,未在当前已整理数据或本次低频公开检索中找到该期目录,
台湾研究,2023,2,no_public_source_found,未在当前已整理数据或本次低频公开检索中找到该期目录,
台湾研究,2023,3,no_public_source_found,未在当前已整理数据或本次低频公开检索中找到该期目录,
台湾研究,2023,4,no_public_source_found,未在当前已整理数据或本次低频公开检索中找到该期目录,
台湾研究,2023,5,no_public_source_found,未在当前已整理数据或本次低频公开检索中找到该期目录,
台湾研究,2023,6,no_public_source_found,未在当前已整理数据或本次低频公开检索中找到该期目录,
台湾研究,2024,1,no_public_source_found,未在当前已整理数据或本次低频公开检索中找到该期目录,
台湾研究,2024,2,no_public_source_found,未在当前已整理数据或本次低频公开检索中找到该期目录,
台湾研究,2024,3,no_public_source_found,未在当前已整理数据或本次低频公开检索中找到该期目录,
台湾研究,2024,4,no_public_source_found,未在当前已整理数据或本次低频公开检索中找到该期目录,
台湾研究,2024,5,no_public_source_found,未在当前已整理数据或本次低频公开检索中找到该期目录,
台湾研究,2024,6,no_public_source_found,未在当前已整理数据或本次低频公开检索中找到该期目录,
台湾研究,2025,1,no_public_source_found,未在当前已整理数据或本次低频公开检索中找到该期目录,
台湾研究,2025,2,no_public_source_found,未在当前已整理数据或本次低频公开检索中找到该期目录,
台湾研究,2025,3,no_public_source_found,未在当前已整理数据或本次低频公开检索中找到该期目录,
台湾研究,2025,4,no_public_source_found,未在当前已整理数据或本次低频公开检索中找到该期目录,
台湾研究,2025,5,no_public_source_found,未在当前已整理数据或本次低频公开检索中找到该期目录,
台湾研究,2025,6,no_public_source_found,未在当前已整理数据或本次低频公开检索中找到该期目录,
台湾研究,2026,,no_public_source_found,2026 年尚未在当前公开来源中检索到期次,
当代世界,1994,3,no_public_source_found,未在当前已整理数据或本次低频公开检索中找到该期目录,
当代世界,1994,6,no_public_source_found,未在当前已整理数据或本次低频公开检索中找到该期目录,
当代世界,1994,7,no_public_source_found,未在当前已整理数据或本次低频公开检索中找到该期目录,
当代世界,1994,8,no_public_source_found,未在当前已整理数据或本次低频公开检索中找到该期目录,
当代世界,1994,9,no_public_source_found,未在当前已整理数据或本次低频公开检索中找到该期目录,
当代世界,1995,4,no_public_source_found,未在当前已整理数据或本次低频公开检索中找到该期目录,
当代世界,1995,8,no_public_source_found,未在当前已整理数据或本次低频公开检索中找到该期目录,
当代世界,1996,12,no_public_source_found,未在当前已整理数据或本次低频公开检索中找到该期目录,
当代世界,1997,1,no_public_source_found,未在当前已整理数据或本次低频公开检索中找到该期目录,
当代世界,2001,8,no_public_source_found,未在当前已整理数据或本次低频公开检索中找到该期目录,
当代世界,2004,1,no_public_source_found,未在当前已整理数据或本次低频公开检索中找到该期目录,
当代世界,2004,9,no_public_source_found,未在当前已整理数据或本次低频公开检索中找到该期目录,
当代世界,2005,3,no_public_source_found,未在当前已整理数据或本次低频公开检索中找到该期目录,
当代世界,2008,3,no_public_source_found,未在当前已整理数据或本次低频公开检索中找到该期目录,
当代世界,2010,9,no_public_source_found,未在当前已整理数据或本次低频公开检索中找到该期目录,
当代世界,2012,8,no_public_source_found,未在当前已整理数据或本次低频公开检索中找到该期目录,
当代世界,2016,10,no_public_source_found,未在当前已整理数据或本次低频公开检索中找到该期目录,
当代世界,2016,11,no_public_source_found,未在当前已整理数据或本次低频公开检索中找到该期目录,
当代世界,2016,12,no_public_source_found,未在当前已整理数据或本次低频公开检索中找到该期目录,
当代世界,2017,1,no_public_source_found,未在当前已整理数据或本次低频公开检索中找到该期目录,
当代世界,2017,5,no_public_source_found,未在当前已整理数据或本次低频公开检索中找到该期目录,
当代世界,2017,7,no_public_source_found,未在当前已整理数据或本次低频公开检索中找到该期目录,
当代世界,2017,8,no_public_source_found,未在当前已整理数据或本次低频公开检索中找到该期目录,
当代世界,2017,10,no_public_source_found,未在当前已整理数据或本次低频公开检索中找到该期目录,
当代世界,2017,11,no_public_source_found,未在当前已整理数据或本次低频公开检索中找到该期目录,
当代世界,2018,2,no_public_source_found,未在当前已整理数据或本次低频公开检索中找到该期目录,
当代世界,2018,3,no_public_source_found,未在当前已整理数据或本次低频公开检索中找到该期目录,
当代世界,2018,4,no_public_source_found,未在当前已整理数据或本次低频公开检索中找到该期目录,
当代世界,2018,5,no_public_source_found,未在当前已整理数据或本次低频公开检索中找到该期目录,
当代世界,2018,6,no_public_source_found,未在当前已整理数据或本次低频公开检索中找到该期目录,
当代世界,2018,7,no_public_source_found,未在当前已整理数据或本次低频公开检索中找到该期目录,
当代世界,2018,8,no_public_source_found,未在当前已整理数据或本次低频公开检索中找到该期目录,
当代世界,2018,9,no_public_source_found,未在当前已整理数据或本次低频公开检索中找到该期目录,
当代世界,2018,10,no_public_source_found,未在当前已整理数据或本次低频公开检索中找到该期目录,
当代世界,2018,12,no_public_source_found,未在当前已整理数据或本次低频公开检索中找到该期目录,
当代世界,2019,1,no_public_source_found,未在当前已整理数据或本次低频公开检索中找到该期目录,
当代世界,2019,2,no_public_source_found,未在当前已整理数据或本次低频公开检索中找到该期目录,
当代世界,2019,3,no_public_source_found,未在当前已整理数据或本次低频公开检索中找到该期目录,
当代世界,2019,4,no_public_source_found,未在当前已整理数据或本次低频公开检索中找到该期目录,
当代世界,2019,5,no_public_source_found,未在当前已整理数据或本次低频公开检索中找到该期目录,
当代世界,2019,6,no_public_source_found,未在当前已整理数据或本次低频公开检索中找到该期目录,
当代世界,2019,7,no_public_source_found,未在当前已整理数据或本次低频公开检索中找到该期目录,
当代世界,2019,8,no_public_source_found,未在当前已整理数据或本次低频公开检索中找到该期目录,
当代世界,2019,9,no_public_source_found,未在当前已整理数据或本次低频公开检索中找到该期目录,
当代世界,2019,11,no_public_source_found,未在当前已整理数据或本次低频公开检索中找到该期目录,
当代世界,2019,12,no_public_source_found,未在当前已整理数据或本次低频公开检索中找到该期目录,
当代世界,2020,5,no_public_source_found,未在当前已整理数据或本次低频公开检索中找到该期目录,
当代世界,2020,6,no_public_source_found,未在当前已整理数据或本次低频公开检索中找到该期目录,
当代世界,2020,7,no_public_source_found,未在当前已整理数据或本次低频公开检索中找到该期目录,
当代世界,2020,11,no_public_source_found,未在当前已整理数据或本次低频公开检索中找到该期目录,
当代世界,2020,12,no_public_source_found,未在当前已整理数据或本次低频公开检索中找到该期目录,
当代世界,2021,1,no_public_source_found,未在当前已整理数据或本次低频公开检索中找到该期目录,
当代世界,2021,2,no_public_source_found,未在当前已整理数据或本次低频公开检索中找到该期目录,
当代世界,2021,3,no_public_source_found,未在当前已整理数据或本次低频公开检索中找到该期目录,
当代世界,2021,4,no_public_source_found,未在当前已整理数据或本次低频公开检索中找到该期目录,
当代世界,2021,5,no_public_source_found,未在当前已整理数据或本次低频公开检索中找到该期目录,
当代世界,2021,6,no_public_source_found,未在当前已整理数据或本次低频公开检索中找到该期目录,
当代世界,2021,7,no_public_source_found,未在当前已整理数据或本次低频公开检索中找到该期目录,
当代世界,2021,8,no_public_source_found,未在当前已整理数据或本次低频公开检索中找到该期目录,
当代世界,2021,9,no_public_source_found,未在当前已整理数据或本次低频公开检索中找到该期目录,
当代世界,2021,10,no_public_source_found,未在当前已整理数据或本次低频公开检索中找到该期目录,
当代世界,2021,11,no_public_source_found,未在当前已整理数据或本次低频公开检索中找到该期目录,
当代世界,2021,12,no_public_source_found,未在当前已整理数据或本次低频公开检索中找到该期目录,
当代世界,2022,1,no_public_source_found,未在当前已整理数据或本次低频公开检索中找到该期目录,
当代世界,2022,2,no_public_source_found,未在当前已整理数据或本次低频公开检索中找到该期目录,
当代世界,2022,3,no_public_source_found,未在当前已整理数据或本次低频公开检索中找到该期目录,
当代世界,2022,4,no_public_source_found,未在当前已整理数据或本次低频公开检索中找到该期目录,
当代世界,2022,5,no_public_source_found,未在当前已整理数据或本次低频公开检索中找到该期目录,
当代世界,2022,6,no_public_source_found,未在当前已整理数据或本次低频公开检索中找到该期目录,
当代世界,2022,7,no_public_source_found,未在当前已整理数据或本次低频公开检索中找到该期目录,
当代世界,2022,8,no_public_source_found,未在当前已整理数据或本次低频公开检索中找到该期目录,
当代世界,2022,9,no_public_source_found,未在当前已整理数据或本次低频公开检索中找到该期目录,
当代世界,2022,10,no_public_source_found,未在当前已整理数据或本次低频公开检索中找到该期目录,
当代世界,2022,11,no_public_source_found,未在当前已整理数据或本次低频公开检索中找到该期目录,
当代世界,2022,12,no_public_source_found,未在当前已整理数据或本次低频公开检索中找到该期目录,
当代世界,2023,1,no_public_source_found,未在当前已整理数据或本次低频公开检索中找到该期目录,
当代世界,2023,2,no_public_source_found,未在当前已整理数据或本次低频公开检索中找到该期目录,
当代世界,2023,3,no_public_source_found,未在当前已整理数据或本次低频公开检索中找到该期目录,
当代世界,2023,4,no_public_source_found,未在当前已整理数据或本次低频公开检索中找到该期目录,
当代世界,2023,5,no_public_source_found,未在当前已整理数据或本次低频公开检索中找到该期目录,
当代世界,2023,6,no_public_source_found,未在当前已整理数据或本次低频公开检索中找到该期目录,
当代世界,2023,7,no_public_source_found,未在当前已整理数据或本次低频公开检索中找到该期目录,
当代世界,2023,8,no_public_source_found,未在当前已整理数据或本次低频公开检索中找到该期目录,
当代世界,2023,9,no_public_source_found,未在当前已整理数据或本次低频公开检索中找到该期目录,
当代世界,2023,10,no_public_source_found,未在当前已整理数据或本次低频公开检索中找到该期目录,
当代世界,2023,11,no_public_source_found,未在当前已整理数据或本次低频公开检索中找到该期目录,
当代世界,2023,12,no_public_source_found,未在当前已整理数据或本次低频公开检索中找到该期目录,
当代世界,2024,1,no_public_source_found,未在当前已整理数据或本次低频公开检索中找到该期目录,
当代世界,2024,2,no_public_source_found,未在当前已整理数据或本次低频公开检索中找到该期目录,
当代世界,2024,3,no_public_source_found,未在当前已整理数据或本次低频公开检索中找到该期目录,
当代世界,2024,4,no_public_source_found,未在当前已整理数据或本次低频公开检索中找到该期目录,
当代世界,2024,5,no_public_source_found,未在当前已整理数据或本次低频公开检索中找到该期目录,
当代世界,2024,6,no_public_source_found,未在当前已整理数据或本次低频公开检索中找到该期目录,
当代世界,2024,7,no_public_source_found,未在当前已整理数据或本次低频公开检索中找到该期目录,
当代世界,2024,8,no_public_source_found,未在当前已整理数据或本次低频公开检索中找到该期目录,
当代世界,2024,9,no_public_source_found,未在当前已整理数据或本次低频公开检索中找到该期目录,
当代世界,2024,10,no_public_source_found,未在当前已整理数据或本次低频公开检索中找到该期目录,
当代世界,2024,11,no_public_source_found,未在当前已整理数据或本次低频公开检索中找到该期目录,
当代世界,2024,12,no_public_source_found,未在当前已整理数据或本次低频公开检索中找到该期目录,
当代世界,2025,1,no_public_source_found,未在当前已整理数据或本次低频公开检索中找到该期目录,
当代世界,2025,2,no_public_source_found,未在当前已整理数据或本次低频公开检索中找到该期目录,
当代世界,2025,3,no_public_source_found,未在当前已整理数据或本次低频公开检索中找到该期目录,
当代世界,2025,4,no_public_source_found,未在当前已整理数据或本次低频公开检索中找到该期目录,
当代世界,2025,5,no_public_source_found,未在当前已整理数据或本次低频公开检索中找到该期目录,
当代世界,2025,6,no_public_source_found,未在当前已整理数据或本次低频公开检索中找到该期目录,
当代世界,2025,7,no_public_source_found,未在当前已整理数据或本次低频公开检索中找到该期目录,
当代世界,2025,8,no_public_source_found,未在当前已整理数据或本次低频公开检索中找到该期目录,
当代世界,2025,9,no_public_source_found,未在当前已整理数据或本次低频公开检索中找到该期目录,
当代世界,2025,10,no_public_source_found,未在当前已整理数据或本次低频公开检索中找到该期目录,
当代世界,2025,11,no_public_source_found,未在当前已整理数据或本次低频公开检索中找到该期目录,
当代世界,2025,12,no_public_source_found,未在当前已整理数据或本次低频公开检索中找到该期目录,
当代世界,2026,4,issue_found_missing_abstract,已找到题名或目录记录，但暂无公开摘要,https://www.cqvip.com/doc/journal/7202877426
当代世界,2026,4,issue_found_missing_abstract,已找到题名或目录记录，但暂无公开摘要,https://www.cqvip.com/doc/journal/7202877428
当代世界,2026,4,issue_found_missing_abstract,已找到题名或目录记录，但暂无公开摘要,https://www.cqvip.com/doc/journal/7202877429
当代世界,2026,4,issue_found_missing_abstract,已找到题名或目录记录，但暂无公开摘要,https://www.cqvip.com/doc/journal/7202877430
当代世界,2026,4,issue_found_missing_abstract,已找到题名或目录记录，但暂无公开摘要,https://www.cqvip.com/doc/journal/7202877431
当代世界,2026,4,issue_found_missing_abstract,已找到题名或目录记录，但暂无公开摘要,https://www.cqvip.com/doc/journal/7202877432
当代世界,2026,4,issue_found_missing_abstract,已找到题名或目录记录，但暂无公开摘要,https://www.cqvip.com/doc/journal/7202877427
当代世界,2026,4,issue_found_missing_abstract,已找到题名或目录记录，但暂无公开摘要,https://www.cqvip.com/doc/journal/7202877433
当代世界,2026,4,issue_found_missing_abstract,已找到题名或目录记录，但暂无公开摘要,https://www.cqvip.com/doc/journal/7202877434
当代世界,2026,4,issue_found_missing_abstract,已找到题名或目录记录，但暂无公开摘要,https://www.cqvip.com/doc/journal/7202877435
当代世界,2026,4,issue_found_missing_abstract,已找到题名或目录记录，但暂无公开摘要,https://www.cqvip.com/doc/journal/7202877436
当代世界,2026,4,issue_found_missing_abstract,已找到题名或目录记录，但暂无公开摘要,https://www.cqvip.com/doc/journal/7202877437
当代世界,2026,4,issue_found_missing_abstract,已找到题名或目录记录，但暂无公开摘要,https://www.cqvip.com/doc/journal/7202877438
当代世界,2026,4,issue_found_missing_abstract,已找到题名或目录记录，但暂无公开摘要,https://www.cqvip.com/doc/journal/7202877425
当代世界,2026,4,found_title_missing_metadata,已找到题名，但作者、页码或链接字段仍不完整,https://www.cqvip.com/doc/journal/7202877425
当代世界,2026,4,issue_found_missing_abstract,已找到题名或目录记录，但暂无公开摘要,https://www.cqvip.com/doc/journal/7202877439
当代世界,2026,4,found_title_missing_metadata,已找到题名，但作者、页码或链接字段仍不完整,https://www.cqvip.com/doc/journal/7202877439
和平与发展,2000,1,no_public_source_found,未在当前已整理数据或本次低频公开检索中找到该期目录,
和平与发展,2000,2,no_public_source_found,未在当前已整理数据或本次低频公开检索中找到该期目录,
和平与发展,2000,3,no_public_source_found,未在当前已整理数据或本次低频公开检索中找到该期目录,
和平与发展,2000,5,no_public_source_found,未在当前已整理数据或本次低频公开检索中找到该期目录,
和平与发展,2000,6,no_public_source_found,未在当前已整理数据或本次低频公开检索中找到该期目录,
和平与发展,2001,2,no_public_source_found,未在当前已整理数据或本次低频公开检索中找到该期目录,
和平与发展,2001,5,no_public_source_found,未在当前已整理数据或本次低频公开检索中找到该期目录,
和平与发展,2001,6,no_public_source_found,未在当前已整理数据或本次低频公开检索中找到该期目录,
和平与发展,2002,5,no_public_source_found,未在当前已整理数据或本次低频公开检索中找到该期目录,
和平与发展,2002,6,no_public_source_found,未在当前已整理数据或本次低频公开检索中找到该期目录,
和平与发展,2003,5,no_public_source_found,未在当前已整理数据或本次低频公开检索中找到该期目录,
和平与发展,2003,6,no_public_source_found,未在当前已整理数据或本次低频公开检索中找到该期目录,
和平与发展,2004,5,no_public_source_found,未在当前已整理数据或本次低频公开检索中找到该期目录,
和平与发展,2004,6,no_public_source_found,未在当前已整理数据或本次低频公开检索中找到该期目录,
和平与发展,2005,3,no_public_source_found,未在当前已整理数据或本次低频公开检索中找到该期目录,
和平与发展,2005,5,no_public_source_found,未在当前已整理数据或本次低频公开检索中找到该期目录,
和平与发展,2005,6,no_public_source_found,未在当前已整理数据或本次低频公开检索中找到该期目录,
和平与发展,2006,5,no_public_source_found,未在当前已整理数据或本次低频公开检索中找到该期目录,
和平与发展,2006,6,no_public_source_found,未在当前已整理数据或本次低频公开检索中找到该期目录,
和平与发展,2007,3,no_public_source_found,未在当前已整理数据或本次低频公开检索中找到该期目录,
和平与发展,2007,5,no_public_source_found,未在当前已整理数据或本次低频公开检索中找到该期目录,
和平与发展,2007,6,no_public_source_found,未在当前已整理数据或本次低频公开检索中找到该期目录,
和平与发展,2008,2,no_public_source_found,未在当前已整理数据或本次低频公开检索中找到该期目录,
和平与发展,2008,5,no_public_source_found,未在当前已整理数据或本次低频公开检索中找到该期目录,
和平与发展,2008,6,no_public_source_found,未在当前已整理数据或本次低频公开检索中找到该期目录,
和平与发展,2012,3,no_public_source_found,未在当前已整理数据或本次低频公开检索中找到该期目录,
和平与发展,2014,1,no_public_source_found,未在当前已整理数据或本次低频公开检索中找到该期目录,
和平与发展,2014,5,no_public_source_found,未在当前已整理数据或本次低频公开检索中找到该期目录,
和平与发展,2014,6,no_public_source_found,未在当前已整理数据或本次低频公开检索中找到该期目录,
和平与发展,2015,1,no_public_source_found,未在当前已整理数据或本次低频公开检索中找到该期目录,
和平与发展,2015,2,no_public_source_found,未在当前已整理数据或本次低频公开检索中找到该期目录,
和平与发展,2016,4,no_public_source_found,未在当前已整理数据或本次低频公开检索中找到该期目录,
和平与发展,2016,5,no_public_source_found,未在当前已整理数据或本次低频公开检索中找到该期目录,
和平与发展,2016,6,no_public_source_found,未在当前已整理数据或本次低频公开检索中找到该期目录,
和平与发展,2017,1,no_public_source_found,未在当前已整理数据或本次低频公开检索中找到该期目录,
和平与发展,2017,2,no_public_source_found,未在当前已整理数据或本次低频公开检索中找到该期目录,
和平与发展,2017,3,no_public_source_found,未在当前已整理数据或本次低频公开检索中找到该期目录,
和平与发展,2017,6,no_public_source_found,未在当前已整理数据或本次低频公开检索中找到该期目录,
和平与发展,2018,1,no_public_source_found,未在当前已整理数据或本次低频公开检索中找到该期目录,
和平与发展,2018,2,no_public_source_found,未在当前已整理数据或本次低频公开检索中找到该期目录,
和平与发展,2018,3,no_public_source_found,未在当前已整理数据或本次低频公开检索中找到该期目录,
和平与发展,2018,4,no_public_source_found,未在当前已整理数据或本次低频公开检索中找到该期目录,
和平与发展,2018,5,no_public_source_found,未在当前已整理数据或本次低频公开检索中找到该期目录,
和平与发展,2018,6,no_public_source_found,未在当前已整理数据或本次低频公开检索中找到该期目录,
和平与发展,2019,1,no_public_source_found,未在当前已整理数据或本次低频公开检索中找到该期目录,
和平与发展,2019,2,no_public_source_found,未在当前已整理数据或本次低频公开检索中找到该期目录,
和平与发展,2019,3,no_public_source_found,未在当前已整理数据或本次低频公开检索中找到该期目录,
和平与发展,2019,4,no_public_source_found,未在当前已整理数据或本次低频公开检索中找到该期目录,
和平与发展,2019,5,no_public_source_found,未在当前已整理数据或本次低频公开检索中找到该期目录,
和平与发展,2019,6,no_public_source_found,未在当前已整理数据或本次低频公开检索中找到该期目录,
和平与发展,2020,1,no_public_source_found,未在当前已整理数据或本次低频公开检索中找到该期目录,
和平与发展,2020,2,no_public_source_found,未在当前已整理数据或本次低频公开检索中找到该期目录,
和平与发展,2020,3,no_public_source_found,未在当前已整理数据或本次低频公开检索中找到该期目录,
和平与发展,2020,5,no_public_source_found,未在当前已整理数据或本次低频公开检索中找到该期目录,
和平与发展,2020,6,no_public_source_found,未在当前已整理数据或本次低频公开检索中找到该期目录,
和平与发展,2021,1,no_public_source_found,未在当前已整理数据或本次低频公开检索中找到该期目录,
和平与发展,2021,2,no_public_source_found,未在当前已整理数据或本次低频公开检索中找到该期目录,
和平与发展,2021,3,no_public_source_found,未在当前已整理数据或本次低频公开检索中找到该期目录,
和平与发展,2021,4,no_public_source_found,未在当前已整理数据或本次低频公开检索中找到该期目录,
和平与发展,2021,5,no_public_source_found,未在当前已整理数据或本次低频公开检索中找到该期目录,
和平与发展,2021,6,no_public_source_found,未在当前已整理数据或本次低频公开检索中找到该期目录,
和平与发展,2022,1,no_public_source_found,未在当前已整理数据或本次低频公开检索中找到该期目录,
和平与发展,2022,2,no_public_source_found,未在当前已整理数据或本次低频公开检索中找到该期目录,
和平与发展,2022,3,no_public_source_found,未在当前已整理数据或本次低频公开检索中找到该期目录,
和平与发展,2022,4,no_public_source_found,未在当前已整理数据或本次低频公开检索中找到该期目录,
和平与发展,2022,5,no_public_source_found,未在当前已整理数据或本次低频公开检索中找到该期目录,
和平与发展,2022,6,no_public_source_found,未在当前已整理数据或本次低频公开检索中找到该期目录,
和平与发展,2023,1,no_public_source_found,未在当前已整理数据或本次低频公开检索中找到该期目录,
和平与发展,2023,2,no_public_source_found,未在当前已整理数据或本次低频公开检索中找到该期目录,
和平与发展,2023,3,no_public_source_found,未在当前已整理数据或本次低频公开检索中找到该期目录,
和平与发展,2023,4,no_public_source_found,未在当前已整理数据或本次低频公开检索中找到该期目录,
和平与发展,2023,5,no_public_source_found,未在当前已整理数据或本次低频公开检索中找到该期目录,
和平与发展,2023,6,no_public_source_found,未在当前已整理数据或本次低频公开检索中找到该期目录,
和平与发展,2024,1,no_public_source_found,未在当前已整理数据或本次低频公开检索中找到该期目录,
和平与发展,2024,2,no_public_source_found,未在当前已整理数据或本次低频公开检索中找到该期目录,
和平与发展,2024,3,no_public_source_found,未在当前已整理数据或本次低频公开检索中找到该期目录,
和平与发展,2024,4,no_public_source_found,未在当前已整理数据或本次低频公开检索中找到该期目录,
和平与发展,2024,5,no_public_source_found,未在当前已整理数据或本次低频公开检索中找到该期目录,
和平与发展,2024,6,no_public_source_found,未在当前已整理数据或本次低频公开检索中找到该期目录,
和平与发展,2025,1,no_public_source_found,未在当前已整理数据或本次低频公开检索中找到该期目录,
和平与发展,2025,2,no_public_source_found,未在当前已整理数据或本次低频公开检索中找到该期目录,
和平与发展,2025,3,no_public_source_found,未在当前已整理数据或本次低频公开检索中找到该期目录,
和平与发展,2025,4,no_public_source_found,未在当前已整理数据或本次低频公开检索中找到该期目录,
和平与发展,2025,5,no_public_source_found,未在当前已整理数据或本次低频公开检索中找到该期目录,
和平与发展,2025,6,no_public_source_found,未在当前已整理数据或本次低频公开检索中找到该期目录,
和平与发展,2026,2,issue_found_missing_abstract,已找到题名或目录记录，但暂无公开摘要,https://www.cqvip.com/doc/journal/7203447359
和平与发展,2026,2,issue_found_missing_abstract,已找到题名或目录记录，但暂无公开摘要,https://www.cqvip.com/doc/journal/7203447364
和平与发展,2026,2,issue_found_missing_abstract,已找到题名或目录记录，但暂无公开摘要,https://www.cqvip.com/doc/journal/7203447365
和平与发展,2026,2,issue_found_missing_abstract,已找到题名或目录记录，但暂无公开摘要,https://www.cqvip.com/doc/journal/7203447360
和平与发展,2026,2,issue_found_missing_abstract,已找到题名或目录记录，但暂无公开摘要,https://www.cqvip.com/doc/journal/7203447361
和平与发展,2026,2,issue_found_missing_abstract,已找到题名或目录记录，但暂无公开摘要,https://www.cqvip.com/doc/journal/7203447362
和平与发展,2026,2,issue_found_missing_abstract,已找到题名或目录记录，但暂无公开摘要,https://www.cqvip.com/doc/journal/7203447363
和平与发展,2026,2,issue_found_missing_abstract,已找到题名或目录记录，但暂无公开摘要,https://www.cqvip.com/doc/journal/7203447366
中国评论,2003,6,no_public_source_found,未在当前已整理数据或本次低频公开检索中找到该期目录,
中国评论,2003,7,no_public_source_found,未在当前已整理数据或本次低频公开检索中找到该期目录,
中国评论,2003,8,no_public_source_found,未在当前已整理数据或本次低频公开检索中找到该期目录,
中国评论,2003,9,no_public_source_found,未在当前已整理数据或本次低频公开检索中找到该期目录,
中国评论,2003,10,no_public_source_found,未在当前已整理数据或本次低频公开检索中找到该期目录,
中国评论,2003,11,no_public_source_found,未在当前已整理数据或本次低频公开检索中找到该期目录,
中国评论,2003,12,no_public_source_found,未在当前已整理数据或本次低频公开检索中找到该期目录,
中国评论,2004,4,no_public_source_found,未在当前已整理数据或本次低频公开检索中找到该期目录,
中国评论,2004,5,no_public_source_found,未在当前已整理数据或本次低频公开检索中找到该期目录,
中国评论,2004,12,no_public_source_found,未在当前已整理数据或本次低频公开检索中找到该期目录,
中国评论,2005,11,no_public_source_found,未在当前已整理数据或本次低频公开检索中找到该期目录,
中国评论,2005,12,no_public_source_found,未在当前已整理数据或本次低频公开检索中找到该期目录,
中国评论,2006,8,no_public_source_found,未在当前已整理数据或本次低频公开检索中找到该期目录,
中国评论,2006,9,no_public_source_found,未在当前已整理数据或本次低频公开检索中找到该期目录,
中国评论,2006,10,no_public_source_found,未在当前已整理数据或本次低频公开检索中找到该期目录,
中国评论,2006,11,no_public_source_found,未在当前已整理数据或本次低频公开检索中找到该期目录,
中国评论,2006,12,no_public_source_found,未在当前已整理数据或本次低频公开检索中找到该期目录,
中国评论,2007,5,no_public_source_found,未在当前已整理数据或本次低频公开检索中找到该期目录,
中国评论,2007,7,no_public_source_found,未在当前已整理数据或本次低频公开检索中找到该期目录,
中国评论,2007,8,no_public_source_found,未在当前已整理数据或本次低频公开检索中找到该期目录,
中国评论,2007,9,no_public_source_found,未在当前已整理数据或本次低频公开检索中找到该期目录,
中国评论,2007,10,no_public_source_found,未在当前已整理数据或本次低频公开检索中找到该期目录,
中国评论,2007,11,no_public_source_found,未在当前已整理数据或本次低频公开检索中找到该期目录,
中国评论,2007,12,no_public_source_found,未在当前已整理数据或本次低频公开检索中找到该期目录,
中国评论,2008,2,no_public_source_found,未在当前已整理数据或本次低频公开检索中找到该期目录,
中国评论,2008,3,no_public_source_found,未在当前已整理数据或本次低频公开检索中找到该期目录,
中国评论,2008,4,no_public_source_found,未在当前已整理数据或本次低频公开检索中找到该期目录,
中国评论,2008,5,no_public_source_found,未在当前已整理数据或本次低频公开检索中找到该期目录,
中国评论,2008,6,no_public_source_found,未在当前已整理数据或本次低频公开检索中找到该期目录,
中国评论,2008,7,no_public_source_found,未在当前已整理数据或本次低频公开检索中找到该期目录,
中国评论,2008,8,no_public_source_found,未在当前已整理数据或本次低频公开检索中找到该期目录,
中国评论,2008,10,no_public_source_found,未在当前已整理数据或本次低频公开检索中找到该期目录,
中国评论,2008,11,no_public_source_found,未在当前已整理数据或本次低频公开检索中找到该期目录,
中国评论,2008,12,no_public_source_found,未在当前已整理数据或本次低频公开检索中找到该期目录,
中国评论,2009,4,no_public_source_found,未在当前已整理数据或本次低频公开检索中找到该期目录,
中国评论,2009,5,no_public_source_found,未在当前已整理数据或本次低频公开检索中找到该期目录,
中国评论,2009,6,no_public_source_found,未在当前已整理数据或本次低频公开检索中找到该期目录,
中国评论,2009,11,no_public_source_found,未在当前已整理数据或本次低频公开检索中找到该期目录,
中国评论,2010,7,no_public_source_found,未在当前已整理数据或本次低频公开检索中找到该期目录,
中国评论,2010,12,no_public_source_found,未在当前已整理数据或本次低频公开检索中找到该期目录,
中国评论,2011,12,no_public_source_found,未在当前已整理数据或本次低频公开检索中找到该期目录,
中国评论,2012,7,no_public_source_found,未在当前已整理数据或本次低频公开检索中找到该期目录,
中国评论,2013,11,no_public_source_found,未在当前已整理数据或本次低频公开检索中找到该期目录,
中国评论,2014,8,no_public_source_found,未在当前已整理数据或本次低频公开检索中找到该期目录,
中国评论,2014,9,no_public_source_found,未在当前已整理数据或本次低频公开检索中找到该期目录,
中国评论,2014,10,no_public_source_found,未在当前已整理数据或本次低频公开检索中找到该期目录,
中国评论,2016,4,no_public_source_found,未在当前已整理数据或本次低频公开检索中找到该期目录,
中国评论,2016,6,no_public_source_found,未在当前已整理数据或本次低频公开检索中找到该期目录,
中国评论,2016,7,no_public_source_found,未在当前已整理数据或本次低频公开检索中找到该期目录,
中国评论,2016,8,no_public_source_found,未在当前已整理数据或本次低频公开检索中找到该期目录,
中国评论,2016,9,no_public_source_found,未在当前已整理数据或本次低频公开检索中找到该期目录,
中国评论,2016,10,no_public_source_found,未在当前已整理数据或本次低频公开检索中找到该期目录,
中国评论,2016,11,no_public_source_found,未在当前已整理数据或本次低频公开检索中找到该期目录,
中国评论,2016,12,no_public_source_found,未在当前已整理数据或本次低频公开检索中找到该期目录,
中国评论,2017,1,no_public_source_found,未在当前已整理数据或本次低频公开检索中找到该期目录,
中国评论,2017,2,no_public_source_found,未在当前已整理数据或本次低频公开检索中找到该期目录,
中国评论,2017,3,no_public_source_found,未在当前已整理数据或本次低频公开检索中找到该期目录,
中国评论,2017,6,no_public_source_found,未在当前已整理数据或本次低频公开检索中找到该期目录,
中国评论,2017,7,no_public_source_found,未在当前已整理数据或本次低频公开检索中找到该期目录,
中国评论,2017,8,no_public_source_found,未在当前已整理数据或本次低频公开检索中找到该期目录,
中国评论,2017,9,no_public_source_found,未在当前已整理数据或本次低频公开检索中找到该期目录,
中国评论,2017,10,no_public_source_found,未在当前已整理数据或本次低频公开检索中找到该期目录,
中国评论,2017,11,no_public_source_found,未在当前已整理数据或本次低频公开检索中找到该期目录,
中国评论,2017,12,no_public_source_found,未在当前已整理数据或本次低频公开检索中找到该期目录,
中国评论,2018,1,no_public_source_found,未在当前已整理数据或本次低频公开检索中找到该期目录,
中国评论,2018,3,no_public_source_found,未在当前已整理数据或本次低频公开检索中找到该期目录,
中国评论,2018,4,no_public_source_found,未在当前已整理数据或本次低频公开检索中找到该期目录,
中国评论,2018,5,no_public_source_found,未在当前已整理数据或本次低频公开检索中找到该期目录,
中国评论,2018,6,no_public_source_found,未在当前已整理数据或本次低频公开检索中找到该期目录,
中国评论,2018,7,no_public_source_found,未在当前已整理数据或本次低频公开检索中找到该期目录,
中国评论,2018,8,no_public_source_found,未在当前已整理数据或本次低频公开检索中找到该期目录,
中国评论,2018,9,no_public_source_found,未在当前已整理数据或本次低频公开检索中找到该期目录,
中国评论,2018,10,no_public_source_found,未在当前已整理数据或本次低频公开检索中找到该期目录,
中国评论,2018,11,no_public_source_found,未在当前已整理数据或本次低频公开检索中找到该期目录,
中国评论,2018,12,no_public_source_found,未在当前已整理数据或本次低频公开检索中找到该期目录,
中国评论,2019,1,no_public_source_found,未在当前已整理数据或本次低频公开检索中找到该期目录,
中国评论,2019,2,no_public_source_found,未在当前已整理数据或本次低频公开检索中找到该期目录,
中国评论,2019,3,no_public_source_found,未在当前已整理数据或本次低频公开检索中找到该期目录,
中国评论,2019,4,no_public_source_found,未在当前已整理数据或本次低频公开检索中找到该期目录,
中国评论,2019,5,no_public_source_found,未在当前已整理数据或本次低频公开检索中找到该期目录,
中国评论,2019,6,no_public_source_found,未在当前已整理数据或本次低频公开检索中找到该期目录,
中国评论,2019,7,no_public_source_found,未在当前已整理数据或本次低频公开检索中找到该期目录,
中国评论,2019,8,no_public_source_found,未在当前已整理数据或本次低频公开检索中找到该期目录,
中国评论,2019,9,no_public_source_found,未在当前已整理数据或本次低频公开检索中找到该期目录,
中国评论,2019,10,no_public_source_found,未在当前已整理数据或本次低频公开检索中找到该期目录,
中国评论,2019,11,no_public_source_found,未在当前已整理数据或本次低频公开检索中找到该期目录,
中国评论,2019,12,no_public_source_found,未在当前已整理数据或本次低频公开检索中找到该期目录,
中国评论,2020,1,no_public_source_found,未在当前已整理数据或本次低频公开检索中找到该期目录,
中国评论,2020,2,no_public_source_found,未在当前已整理数据或本次低频公开检索中找到该期目录,
中国评论,2020,3,no_public_source_found,未在当前已整理数据或本次低频公开检索中找到该期目录,
中国评论,2020,4,no_public_source_found,未在当前已整理数据或本次低频公开检索中找到该期目录,
中国评论,2020,5,no_public_source_found,未在当前已整理数据或本次低频公开检索中找到该期目录,
中国评论,2020,6,no_public_source_found,未在当前已整理数据或本次低频公开检索中找到该期目录,
中国评论,2020,7,no_public_source_found,未在当前已整理数据或本次低频公开检索中找到该期目录,
中国评论,2020,8,no_public_source_found,未在当前已整理数据或本次低频公开检索中找到该期目录,
中国评论,2020,9,no_public_source_found,未在当前已整理数据或本次低频公开检索中找到该期目录,
中国评论,2020,10,no_public_source_found,未在当前已整理数据或本次低频公开检索中找到该期目录,
中国评论,2020,11,no_public_source_found,未在当前已整理数据或本次低频公开检索中找到该期目录,
中国评论,2020,12,no_public_source_found,未在当前已整理数据或本次低频公开检索中找到该期目录,
中国评论,2021,1,no_public_source_found,未在当前已整理数据或本次低频公开检索中找到该期目录,
中国评论,2021,2,no_public_source_found,未在当前已整理数据或本次低频公开检索中找到该期目录,
中国评论,2021,3,no_public_source_found,未在当前已整理数据或本次低频公开检索中找到该期目录,
中国评论,2021,4,no_public_source_found,未在当前已整理数据或本次低频公开检索中找到该期目录,
中国评论,2021,5,no_public_source_found,未在当前已整理数据或本次低频公开检索中找到该期目录,
中国评论,2021,6,no_public_source_found,未在当前已整理数据或本次低频公开检索中找到该期目录,
中国评论,2021,7,no_public_source_found,未在当前已整理数据或本次低频公开检索中找到该期目录,
中国评论,2021,8,no_public_source_found,未在当前已整理数据或本次低频公开检索中找到该期目录,
中国评论,2021,9,no_public_source_found,未在当前已整理数据或本次低频公开检索中找到该期目录,
中国评论,2021,10,no_public_source_found,未在当前已整理数据或本次低频公开检索中找到该期目录,
中国评论,2021,11,no_public_source_found,未在当前已整理数据或本次低频公开检索中找到该期目录,
中国评论,2021,12,no_public_source_found,未在当前已整理数据或本次低频公开检索中找到该期目录,
中国评论,2022,1,no_public_source_found,未在当前已整理数据或本次低频公开检索中找到该期目录,
中国评论,2022,2,no_public_source_found,未在当前已整理数据或本次低频公开检索中找到该期目录,
中国评论,2022,3,no_public_source_found,未在当前已整理数据或本次低频公开检索中找到该期目录,
中国评论,2022,4,no_public_source_found,未在当前已整理数据或本次低频公开检索中找到该期目录,
中国评论,2022,5,no_public_source_found,未在当前已整理数据或本次低频公开检索中找到该期目录,
中国评论,2022,6,no_public_source_found,未在当前已整理数据或本次低频公开检索中找到该期目录,
中国评论,2022,7,no_public_source_found,未在当前已整理数据或本次低频公开检索中找到该期目录,
中国评论,2022,8,no_public_source_found,未在当前已整理数据或本次低频公开检索中找到该期目录,
中国评论,2022,9,no_public_source_found,未在当前已整理数据或本次低频公开检索中找到该期目录,
中国评论,2022,10,no_public_source_found,未在当前已整理数据或本次低频公开检索中找到该期目录,
中国评论,2022,11,no_public_source_found,未在当前已整理数据或本次低频公开检索中找到该期目录,
中国评论,2022,12,no_public_source_found,未在当前已整理数据或本次低频公开检索中找到该期目录,
中国评论,2023,1,no_public_source_found,未在当前已整理数据或本次低频公开检索中找到该期目录,
中国评论,2023,2,no_public_source_found,未在当前已整理数据或本次低频公开检索中找到该期目录,
中国评论,2023,3,no_public_source_found,未在当前已整理数据或本次低频公开检索中找到该期目录,
中国评论,2023,4,no_public_source_found,未在当前已整理数据或本次低频公开检索中找到该期目录,
中国评论,2023,5,no_public_source_found,未在当前已整理数据或本次低频公开检索中找到该期目录,
中国评论,2023,6,no_public_source_found,未在当前已整理数据或本次低频公开检索中找到该期目录,
中国评论,2023,7,no_public_source_found,未在当前已整理数据或本次低频公开检索中找到该期目录,
中国评论,2023,8,no_public_source_found,未在当前已整理数据或本次低频公开检索中找到该期目录,
中国评论,2023,9,no_public_source_found,未在当前已整理数据或本次低频公开检索中找到该期目录,
中国评论,2023,10,no_public_source_found,未在当前已整理数据或本次低频公开检索中找到该期目录,
中国评论,2023,11,no_public_source_found,未在当前已整理数据或本次低频公开检索中找到该期目录,
中国评论,2023,12,no_public_source_found,未在当前已整理数据或本次低频公开检索中找到该期目录,
中国评论,2024,1,no_public_source_found,未在当前已整理数据或本次低频公开检索中找到该期目录,
中国评论,2024,2,no_public_source_found,未在当前已整理数据或本次低频公开检索中找到该期目录,
中国评论,2024,3,no_public_source_found,未在当前已整理数据或本次低频公开检索中找到该期目录,
中国评论,2024,4,no_public_source_found,未在当前已整理数据或本次低频公开检索中找到该期目录,
中国评论,2024,5,no_public_source_found,未在当前已整理数据或本次低频公开检索中找到该期目录,
中国评论,2024,6,no_public_source_found,未在当前已整理数据或本次低频公开检索中找到该期目录,
中国评论,2024,7,no_public_source_found,未在当前已整理数据或本次低频公开检索中找到该期目录,
中国评论,2024,8,no_public_source_found,未在当前已整理数据或本次低频公开检索中找到该期目录,
中国评论,2024,9,no_public_source_found,未在当前已整理数据或本次低频公开检索中找到该期目录,
中国评论,2024,10,no_public_source_found,未在当前已整理数据或本次低频公开检索中找到该期目录,
中国评论,2024,11,no_public_source_found,未在当前已整理数据或本次低频公开检索中找到该期目录,
中国评论,2024,12,no_public_source_found,未在当前已整理数据或本次低频公开检索中找到该期目录,
中国评论,2025,1,no_public_source_found,未在当前已整理数据或本次低频公开检索中找到该期目录,
中国评论,2025,2,no_public_source_found,未在当前已整理数据或本次低频公开检索中找到该期目录,
中国评论,2025,3,no_public_source_found,未在当前已整理数据或本次低频公开检索中找到该期目录,
中国评论,2025,4,no_public_source_found,未在当前已整理数据或本次低频公开检索中找到该期目录,
中国评论,2025,5,no_public_source_found,未在当前已整理数据或本次低频公开检索中找到该期目录,
中国评论,2025,6,no_public_source_found,未在当前已整理数据或本次低频公开检索中找到该期目录,
中国评论,2025,7,no_public_source_found,未在当前已整理数据或本次低频公开检索中找到该期目录,
中国评论,2025,8,no_public_source_found,未在当前已整理数据或本次低频公开检索中找到该期目录,
中国评论,2025,9,no_public_source_found,未在当前已整理数据或本次低频公开检索中找到该期目录,
中国评论,2025,10,no_public_source_found,未在当前已整理数据或本次低频公开检索中找到该期目录,
中国评论,2025,11,no_public_source_found,未在当前已整理数据或本次低频公开检索中找到该期目录,
中国评论,2025,12,no_public_source_found,未在当前已整理数据或本次低频公开检索中找到该期目录,
中国评论,2026,,no_public_source_found,2026 年尚未在当前公开来源中检索到期次,
人权,2014,1,no_public_source_found,未在当前已整理数据或本次低频公开检索中找到该期目录,
人权,2016,1,no_public_source_found,未在当前已整理数据或本次低频公开检索中找到该期目录,
人权,2017,1,no_public_source_found,未在当前已整理数据或本次低频公开检索中找到该期目录,
人权,2019,1,no_public_source_found,未在当前已整理数据或本次低频公开检索中找到该期目录,
人权,2021,1,no_public_source_found,未在当前已整理数据或本次低频公开检索中找到该期目录,
人权,2022,1,no_public_source_found,未在当前已整理数据或本次低频公开检索中找到该期目录,
人权,2023,1,no_public_source_found,未在当前已整理数据或本次低频公开检索中找到该期目录,
人权,2024,1,no_public_source_found,未在当前已整理数据或本次低频公开检索中找到该期目录,
人权,2025,1,no_public_source_found,未在当前已整理数据或本次低频公开检索中找到该期目录,
人权,2026,,no_public_source_found,2026 年尚未在当前公开来源中检索到期次,
北京行政学院学报,1999,3,no_public_source_found,未在当前已整理数据或本次低频公开检索中找到该期目录,
北京行政学院学报,1999,5,no_public_source_found,未在当前已整理数据或本次低频公开检索中找到该期目录,
北京行政学院学报,1999,6,no_public_source_found,未在当前已整理数据或本次低频公开检索中找到该期目录,
北京行政学院学报,2000,5,no_public_source_found,未在当前已整理数据或本次低频公开检索中找到该期目录,
北京行政学院学报,2000,6,no_public_source_found,未在当前已整理数据或本次低频公开检索中找到该期目录,
北京行政学院学报,2001,3,no_public_source_found,未在当前已整理数据或本次低频公开检索中找到该期目录,
北京行政学院学报,2001,6,no_public_source_found,未在当前已整理数据或本次低频公开检索中找到该期目录,
北京行政学院学报,2002,6,no_public_source_found,未在当前已整理数据或本次低频公开检索中找到该期目录,
北京行政学院学报,2003,6,no_public_source_found,未在当前已整理数据或本次低频公开检索中找到该期目录,
北京行政学院学报,2005,5,no_public_source_found,未在当前已整理数据或本次低频公开检索中找到该期目录,
北京行政学院学报,2008,6,no_public_source_found,未在当前已整理数据或本次低频公开检索中找到该期目录,
北京行政学院学报,2009,2,no_public_source_found,未在当前已整理数据或本次低频公开检索中找到该期目录,
北京行政学院学报,2016,5,no_public_source_found,未在当前已整理数据或本次低频公开检索中找到该期目录,
北京行政学院学报,2016,6,no_public_source_found,未在当前已整理数据或本次低频公开检索中找到该期目录,
北京行政学院学报,2017,1,no_public_source_found,未在当前已整理数据或本次低频公开检索中找到该期目录,
北京行政学院学报,2017,2,no_public_source_found,未在当前已整理数据或本次低频公开检索中找到该期目录,
北京行政学院学报,2017,4,no_public_source_found,未在当前已整理数据或本次低频公开检索中找到该期目录,
北京行政学院学报,2017,5,no_public_source_found,未在当前已整理数据或本次低频公开检索中找到该期目录,
北京行政学院学报,2018,3,no_public_source_found,未在当前已整理数据或本次低频公开检索中找到该期目录,
北京行政学院学报,2018,4,no_public_source_found,未在当前已整理数据或本次低频公开检索中找到该期目录,
北京行政学院学报,2018,5,no_public_source_found,未在当前已整理数据或本次低频公开检索中找到该期目录,
北京行政学院学报,2018,6,no_public_source_found,未在当前已整理数据或本次低频公开检索中找到该期目录,
北京行政学院学报,2019,1,no_public_source_found,未在当前已整理数据或本次低频公开检索中找到该期目录,
北京行政学院学报,2019,3,no_public_source_found,未在当前已整理数据或本次低频公开检索中找到该期目录,
北京行政学院学报,2019,4,no_public_source_found,未在当前已整理数据或本次低频公开检索中找到该期目录,
北京行政学院学报,2019,5,no_public_source_found,未在当前已整理数据或本次低频公开检索中找到该期目录,
北京行政学院学报,2019,6,no_public_source_found,未在当前已整理数据或本次低频公开检索中找到该期目录,
北京行政学院学报,2020,1,no_public_source_found,未在当前已整理数据或本次低频公开检索中找到该期目录,
北京行政学院学报,2020,2,no_public_source_found,未在当前已整理数据或本次低频公开检索中找到该期目录,
北京行政学院学报,2020,3,no_public_source_found,未在当前已整理数据或本次低频公开检索中找到该期目录,
北京行政学院学报,2020,6,no_public_source_found,未在当前已整理数据或本次低频公开检索中找到该期目录,
北京行政学院学报,2021,1,no_public_source_found,未在当前已整理数据或本次低频公开检索中找到该期目录,
北京行政学院学报,2021,2,no_public_source_found,未在当前已整理数据或本次低频公开检索中找到该期目录,
北京行政学院学报,2021,3,no_public_source_found,未在当前已整理数据或本次低频公开检索中找到该期目录,
北京行政学院学报,2021,4,no_public_source_found,未在当前已整理数据或本次低频公开检索中找到该期目录,
北京行政学院学报,2021,5,no_public_source_found,未在当前已整理数据或本次低频公开检索中找到该期目录,
北京行政学院学报,2021,6,no_public_source_found,未在当前已整理数据或本次低频公开检索中找到该期目录,
北京行政学院学报,2022,1,no_public_source_found,未在当前已整理数据或本次低频公开检索中找到该期目录,
北京行政学院学报,2022,2,no_public_source_found,未在当前已整理数据或本次低频公开检索中找到该期目录,
北京行政学院学报,2022,3,no_public_source_found,未在当前已整理数据或本次低频公开检索中找到该期目录,
北京行政学院学报,2022,4,no_public_source_found,未在当前已整理数据或本次低频公开检索中找到该期目录,
北京行政学院学报,2022,5,no_public_source_found,未在当前已整理数据或本次低频公开检索中找到该期目录,
北京行政学院学报,2022,6,no_public_source_found,未在当前已整理数据或本次低频公开检索中找到该期目录,
北京行政学院学报,2023,1,no_public_source_found,未在当前已整理数据或本次低频公开检索中找到该期目录,
北京行政学院学报,2023,2,no_public_source_found,未在当前已整理数据或本次低频公开检索中找到该期目录,
北京行政学院学报,2023,3,no_public_source_found,未在当前已整理数据或本次低频公开检索中找到该期目录,
北京行政学院学报,2023,4,no_public_source_found,未在当前已整理数据或本次低频公开检索中找到该期目录,
北京行政学院学报,2023,5,no_public_source_found,未在当前已整理数据或本次低频公开检索中找到该期目录,
北京行政学院学报,2023,6,no_public_source_found,未在当前已整理数据或本次低频公开检索中找到该期目录,
北京行政学院学报,2024,1,no_public_source_found,未在当前已整理数据或本次低频公开检索中找到该期目录,
北京行政学院学报,2024,2,no_public_source_found,未在当前已整理数据或本次低频公开检索中找到该期目录,
北京行政学院学报,2024,3,no_public_source_found,未在当前已整理数据或本次低频公开检索中找到该期目录,
北京行政学院学报,2024,4,no_public_source_found,未在当前已整理数据或本次低频公开检索中找到该期目录,
北京行政学院学报,2024,5,no_public_source_found,未在当前已整理数据或本次低频公开检索中找到该期目录,
北京行政学院学报,2024,6,no_public_source_found,未在当前已整理数据或本次低频公开检索中找到该期目录,
北京行政学院学报,2025,1,no_public_source_found,未在当前已整理数据或本次低频公开检索中找到该期目录,
北京行政学院学报,2025,2,no_public_source_found,未在当前已整理数据或本次低频公开检索中找到该期目录,
北京行政学院学报,2025,3,no_public_source_found,未在当前已整理数据或本次低频公开检索中找到该期目录,
北京行政学院学报,2025,4,no_public_source_found,未在当前已整理数据或本次低频公开检索中找到该期目录,
北京行政学院学报,2025,5,no_public_source_found,未在当前已整理数据或本次低频公开检索中找到该期目录,
北京行政学院学报,2025,6,no_public_source_found,未在当前已整理数据或本次低频公开检索中找到该期目录,
北京行政学院学报,2026,2,issue_found_missing_abstract,已找到题名或目录记录，但暂无公开摘要,https://www.cqvip.com/doc/journal/7203442300
北京行政学院学报,2026,2,issue_found_missing_abstract,已找到题名或目录记录，但暂无公开摘要,https://www.cqvip.com/doc/journal/7203442301
北京行政学院学报,2026,2,issue_found_missing_abstract,已找到题名或目录记录，但暂无公开摘要,https://www.cqvip.com/doc/journal/7203442291
北京行政学院学报,2026,2,issue_found_missing_abstract,已找到题名或目录记录，但暂无公开摘要,https://www.cqvip.com/doc/journal/7203442292
北京行政学院学报,2026,2,issue_found_missing_abstract,已找到题名或目录记录，但暂无公开摘要,https://www.cqvip.com/doc/journal/7203442293
北京行政学院学报,2026,2,issue_found_missing_abstract,已找到题名或目录记录，但暂无公开摘要,https://www.cqvip.com/doc/journal/7203442294
北京行政学院学报,2026,2,issue_found_missing_abstract,已找到题名或目录记录，但暂无公开摘要,https://www.cqvip.com/doc/journal/7203442290
北京行政学院学报,2026,2,issue_found_missing_abstract,已找到题名或目录记录，但暂无公开摘要,https://www.cqvip.com/doc/journal/7203442295
北京行政学院学报,2026,2,issue_found_missing_abstract,已找到题名或目录记录，但暂无公开摘要,https://www.cqvip.com/doc/journal/7203442296
北京行政学院学报,2026,2,issue_found_missing_abstract,已找到题名或目录记录，但暂无公开摘要,https://www.cqvip.com/doc/journal/7203442297
北京行政学院学报,2026,2,issue_found_missing_abstract,已找到题名或目录记录，但暂无公开摘要,https://www.cqvip.com/doc/journal/7203442298
北京行政学院学报,2026,2,issue_found_missing_abstract,已找到题名或目录记录，但暂无公开摘要,https://www.cqvip.com/doc/journal/7203442299
上海行政学院学报,2000,3,no_public_source_found,未在当前已整理数据或本次低频公开检索中找到该期目录,
上海行政学院学报,2000,5,no_public_source_found,未在当前已整理数据或本次低频公开检索中找到该期目录,
上海行政学院学报,2000,6,no_public_source_found,未在当前已整理数据或本次低频公开检索中找到该期目录,
上海行政学院学报,2001,1,no_public_source_found,未在当前已整理数据或本次低频公开检索中找到该期目录,
上海行政学院学报,2001,2,no_public_source_found,未在当前已整理数据或本次低频公开检索中找到该期目录,
上海行政学院学报,2001,5,no_public_source_found,未在当前已整理数据或本次低频公开检索中找到该期目录,
上海行政学院学报,2001,6,no_public_source_found,未在当前已整理数据或本次低频公开检索中找到该期目录,
上海行政学院学报,2002,3,no_public_source_found,未在当前已整理数据或本次低频公开检索中找到该期目录,
上海行政学院学报,2002,5,no_public_source_found,未在当前已整理数据或本次低频公开检索中找到该期目录,
上海行政学院学报,2002,6,no_public_source_found,未在当前已整理数据或本次低频公开检索中找到该期目录,
上海行政学院学报,2003,3,no_public_source_found,未在当前已整理数据或本次低频公开检索中找到该期目录,
上海行政学院学报,2003,5,no_public_source_found,未在当前已整理数据或本次低频公开检索中找到该期目录,
上海行政学院学报,2003,6,no_public_source_found,未在当前已整理数据或本次低频公开检索中找到该期目录,
上海行政学院学报,2004,5,no_public_source_found,未在当前已整理数据或本次低频公开检索中找到该期目录,
上海行政学院学报,2004,6,no_public_source_found,未在当前已整理数据或本次低频公开检索中找到该期目录,
上海行政学院学报,2006,5,no_public_source_found,未在当前已整理数据或本次低频公开检索中找到该期目录,
上海行政学院学报,2007,3,no_public_source_found,未在当前已整理数据或本次低频公开检索中找到该期目录,
上海行政学院学报,2009,3,no_public_source_found,未在当前已整理数据或本次低频公开检索中找到该期目录,
上海行政学院学报,2013,6,no_public_source_found,未在当前已整理数据或本次低频公开检索中找到该期目录,
上海行政学院学报,2015,4,no_public_source_found,未在当前已整理数据或本次低频公开检索中找到该期目录,
上海行政学院学报,2016,6,no_public_source_found,未在当前已整理数据或本次低频公开检索中找到该期目录,
上海行政学院学报,2017,1,no_public_source_found,未在当前已整理数据或本次低频公开检索中找到该期目录,
上海行政学院学报,2017,3,no_public_source_found,未在当前已整理数据或本次低频公开检索中找到该期目录,
上海行政学院学报,2017,4,no_public_source_found,未在当前已整理数据或本次低频公开检索中找到该期目录,
上海行政学院学报,2017,5,no_public_source_found,未在当前已整理数据或本次低频公开检索中找到该期目录,
上海行政学院学报,2018,1,no_public_source_found,未在当前已整理数据或本次低频公开检索中找到该期目录,
上海行政学院学报,2018,2,no_public_source_found,未在当前已整理数据或本次低频公开检索中找到该期目录,
上海行政学院学报,2018,3,no_public_source_found,未在当前已整理数据或本次低频公开检索中找到该期目录,
上海行政学院学报,2018,5,no_public_source_found,未在当前已整理数据或本次低频公开检索中找到该期目录,
上海行政学院学报,2018,6,no_public_source_found,未在当前已整理数据或本次低频公开检索中找到该期目录,
上海行政学院学报,2019,1,no_public_source_found,未在当前已整理数据或本次低频公开检索中找到该期目录,
上海行政学院学报,2019,2,no_public_source_found,未在当前已整理数据或本次低频公开检索中找到该期目录,
上海行政学院学报,2019,3,no_public_source_found,未在当前已整理数据或本次低频公开检索中找到该期目录,
上海行政学院学报,2019,4,no_public_source_found,未在当前已整理数据或本次低频公开检索中找到该期目录,
上海行政学院学报,2019,6,no_public_source_found,未在当前已整理数据或本次低频公开检索中找到该期目录,
上海行政学院学报,2020,1,no_public_source_found,未在当前已整理数据或本次低频公开检索中找到该期目录,
上海行政学院学报,2020,2,no_public_source_found,未在当前已整理数据或本次低频公开检索中找到该期目录,
上海行政学院学报,2020,3,no_public_source_found,未在当前已整理数据或本次低频公开检索中找到该期目录,
上海行政学院学报,2020,4,no_public_source_found,未在当前已整理数据或本次低频公开检索中找到该期目录,
上海行政学院学报,2020,6,no_public_source_found,未在当前已整理数据或本次低频公开检索中找到该期目录,
上海行政学院学报,2021,1,no_public_source_found,未在当前已整理数据或本次低频公开检索中找到该期目录,
上海行政学院学报,2021,2,no_public_source_found,未在当前已整理数据或本次低频公开检索中找到该期目录,
上海行政学院学报,2021,3,no_public_source_found,未在当前已整理数据或本次低频公开检索中找到该期目录,
上海行政学院学报,2021,4,no_public_source_found,未在当前已整理数据或本次低频公开检索中找到该期目录,
上海行政学院学报,2021,5,no_public_source_found,未在当前已整理数据或本次低频公开检索中找到该期目录,
上海行政学院学报,2021,6,no_public_source_found,未在当前已整理数据或本次低频公开检索中找到该期目录,
上海行政学院学报,2022,1,no_public_source_found,未在当前已整理数据或本次低频公开检索中找到该期目录,
上海行政学院学报,2022,2,no_public_source_found,未在当前已整理数据或本次低频公开检索中找到该期目录,
上海行政学院学报,2022,3,no_public_source_found,未在当前已整理数据或本次低频公开检索中找到该期目录,
上海行政学院学报,2022,4,no_public_source_found,未在当前已整理数据或本次低频公开检索中找到该期目录,
上海行政学院学报,2022,5,no_public_source_found,未在当前已整理数据或本次低频公开检索中找到该期目录,
上海行政学院学报,2022,6,no_public_source_found,未在当前已整理数据或本次低频公开检索中找到该期目录,
上海行政学院学报,2023,1,no_public_source_found,未在当前已整理数据或本次低频公开检索中找到该期目录,
上海行政学院学报,2023,2,no_public_source_found,未在当前已整理数据或本次低频公开检索中找到该期目录,
上海行政学院学报,2023,3,no_public_source_found,未在当前已整理数据或本次低频公开检索中找到该期目录,
上海行政学院学报,2023,4,no_public_source_found,未在当前已整理数据或本次低频公开检索中找到该期目录,
上海行政学院学报,2023,5,no_public_source_found,未在当前已整理数据或本次低频公开检索中找到该期目录,
上海行政学院学报,2023,6,no_public_source_found,未在当前已整理数据或本次低频公开检索中找到该期目录,
上海行政学院学报,2024,1,no_public_source_found,未在当前已整理数据或本次低频公开检索中找到该期目录,
上海行政学院学报,2024,2,no_public_source_found,未在当前已整理数据或本次低频公开检索中找到该期目录,
上海行政学院学报,2024,3,no_public_source_found,未在当前已整理数据或本次低频公开检索中找到该期目录,
上海行政学院学报,2024,4,no_public_source_found,未在当前已整理数据或本次低频公开检索中找到该期目录,
上海行政学院学报,2024,5,no_public_source_found,未在当前已整理数据或本次低频公开检索中找到该期目录,
上海行政学院学报,2024,6,no_public_source_found,未在当前已整理数据或本次低频公开检索中找到该期目录,
上海行政学院学报,2025,1,no_public_source_found,未在当前已整理数据或本次低频公开检索中找到该期目录,
上海行政学院学报,2025,2,no_public_source_found,未在当前已整理数据或本次低频公开检索中找到该期目录,
上海行政学院学报,2025,3,no_public_source_found,未在当前已整理数据或本次低频公开检索中找到该期目录,
上海行政学院学报,2025,4,no_public_source_found,未在当前已整理数据或本次低频公开检索中找到该期目录,
上海行政学院学报,2025,5,no_public_source_found,未在当前已整理数据或本次低频公开检索中找到该期目录,
上海行政学院学报,2025,6,no_public_source_found,未在当前已整理数据或本次低频公开检索中找到该期目录,
上海行政学院学报,2026,3,issue_found_missing_abstract,已找到题名或目录记录，但暂无公开摘要,https://www.cqvip.com/doc/journal/7203187844
上海行政学院学报,2026,3,issue_found_missing_abstract,已找到题名或目录记录，但暂无公开摘要,https://www.cqvip.com/doc/journal/7203187845
上海行政学院学报,2026,3,issue_found_missing_abstract,已找到题名或目录记录，但暂无公开摘要,https://www.cqvip.com/doc/journal/7203187846
上海行政学院学报,2026,3,issue_found_missing_abstract,已找到题名或目录记录，但暂无公开摘要,https://www.cqvip.com/doc/journal/7203187847
上海行政学院学报,2026,3,issue_found_missing_abstract,已找到题名或目录记录，但暂无公开摘要,https://www.cqvip.com/doc/journal/7203187838
上海行政学院学报,2026,3,issue_found_missing_abstract,已找到题名或目录记录，但暂无公开摘要,https://www.cqvip.com/doc/journal/7203187839
上海行政学院学报,2026,3,issue_found_missing_abstract,已找到题名或目录记录，但暂无公开摘要,https://www.cqvip.com/doc/journal/7203187837
上海行政学院学报,2026,3,issue_found_missing_abstract,已找到题名或目录记录，但暂无公开摘要,https://www.cqvip.com/doc/journal/7203187840
上海行政学院学报,2026,3,issue_found_missing_abstract,已找到题名或目录记录，但暂无公开摘要,https://www.cqvip.com/doc/journal/7203187841
上海行政学院学报,2026,3,issue_found_missing_abstract,已找到题名或目录记录，但暂无公开摘要,https://www.cqvip.com/doc/journal/7203187842
上海行政学院学报,2026,3,issue_found_missing_abstract,已找到题名或目录记录，但暂无公开摘要,https://www.cqvip.com/doc/journal/7203187843
江苏行政学院学报,2001,5,no_public_source_found,未在当前已整理数据或本次低频公开检索中找到该期目录,
江苏行政学院学报,2001,6,no_public_source_found,未在当前已整理数据或本次低频公开检索中找到该期目录,
江苏行政学院学报,2002,5,no_public_source_found,未在当前已整理数据或本次低频公开检索中找到该期目录,
江苏行政学院学报,2002,6,no_public_source_found,未在当前已整理数据或本次低频公开检索中找到该期目录,
江苏行政学院学报,2003,2,no_public_source_found,未在当前已整理数据或本次低频公开检索中找到该期目录,
江苏行政学院学报,2003,5,no_public_source_found,未在当前已整理数据或本次低频公开检索中找到该期目录,
江苏行政学院学报,2003,6,no_public_source_found,未在当前已整理数据或本次低频公开检索中找到该期目录,
江苏行政学院学报,2011,4,no_public_source_found,未在当前已整理数据或本次低频公开检索中找到该期目录,
江苏行政学院学报,2016,4,no_public_source_found,未在当前已整理数据或本次低频公开检索中找到该期目录,
江苏行政学院学报,2016,6,no_public_source_found,未在当前已整理数据或本次低频公开检索中找到该期目录,
江苏行政学院学报,2017,1,no_public_source_found,未在当前已整理数据或本次低频公开检索中找到该期目录,
江苏行政学院学报,2017,3,no_public_source_found,未在当前已整理数据或本次低频公开检索中找到该期目录,
江苏行政学院学报,2018,1,no_public_source_found,未在当前已整理数据或本次低频公开检索中找到该期目录,
江苏行政学院学报,2018,3,no_public_source_found,未在当前已整理数据或本次低频公开检索中找到该期目录,
江苏行政学院学报,2018,4,no_public_source_found,未在当前已整理数据或本次低频公开检索中找到该期目录,
江苏行政学院学报,2018,6,no_public_source_found,未在当前已整理数据或本次低频公开检索中找到该期目录,
江苏行政学院学报,2019,1,no_public_source_found,未在当前已整理数据或本次低频公开检索中找到该期目录,
江苏行政学院学报,2019,2,no_public_source_found,未在当前已整理数据或本次低频公开检索中找到该期目录,
江苏行政学院学报,2019,3,no_public_source_found,未在当前已整理数据或本次低频公开检索中找到该期目录,
江苏行政学院学报,2019,4,no_public_source_found,未在当前已整理数据或本次低频公开检索中找到该期目录,
江苏行政学院学报,2019,5,no_public_source_found,未在当前已整理数据或本次低频公开检索中找到该期目录,
江苏行政学院学报,2019,6,no_public_source_found,未在当前已整理数据或本次低频公开检索中找到该期目录,
江苏行政学院学报,2020,1,no_public_source_found,未在当前已整理数据或本次低频公开检索中找到该期目录,
江苏行政学院学报,2020,2,no_public_source_found,未在当前已整理数据或本次低频公开检索中找到该期目录,
江苏行政学院学报,2020,3,no_public_source_found,未在当前已整理数据或本次低频公开检索中找到该期目录,
江苏行政学院学报,2020,5,no_public_source_found,未在当前已整理数据或本次低频公开检索中找到该期目录,
江苏行政学院学报,2020,6,no_public_source_found,未在当前已整理数据或本次低频公开检索中找到该期目录,
江苏行政学院学报,2021,1,no_public_source_found,未在当前已整理数据或本次低频公开检索中找到该期目录,
江苏行政学院学报,2021,2,no_public_source_found,未在当前已整理数据或本次低频公开检索中找到该期目录,
江苏行政学院学报,2021,3,no_public_source_found,未在当前已整理数据或本次低频公开检索中找到该期目录,
江苏行政学院学报,2021,4,no_public_source_found,未在当前已整理数据或本次低频公开检索中找到该期目录,
江苏行政学院学报,2021,5,no_public_source_found,未在当前已整理数据或本次低频公开检索中找到该期目录,
江苏行政学院学报,2021,6,no_public_source_found,未在当前已整理数据或本次低频公开检索中找到该期目录,
江苏行政学院学报,2022,1,no_public_source_found,未在当前已整理数据或本次低频公开检索中找到该期目录,
江苏行政学院学报,2022,2,no_public_source_found,未在当前已整理数据或本次低频公开检索中找到该期目录,
江苏行政学院学报,2022,3,no_public_source_found,未在当前已整理数据或本次低频公开检索中找到该期目录,
江苏行政学院学报,2022,4,no_public_source_found,未在当前已整理数据或本次低频公开检索中找到该期目录,
江苏行政学院学报,2022,5,no_public_source_found,未在当前已整理数据或本次低频公开检索中找到该期目录,
江苏行政学院学报,2022,6,no_public_source_found,未在当前已整理数据或本次低频公开检索中找到该期目录,
江苏行政学院学报,2023,1,no_public_source_found,未在当前已整理数据或本次低频公开检索中找到该期目录,
江苏行政学院学报,2023,2,no_public_source_found,未在当前已整理数据或本次低频公开检索中找到该期目录,
江苏行政学院学报,2023,3,no_public_source_found,未在当前已整理数据或本次低频公开检索中找到该期目录,
江苏行政学院学报,2023,4,no_public_source_found,未在当前已整理数据或本次低频公开检索中找到该期目录,
江苏行政学院学报,2023,5,no_public_source_found,未在当前已整理数据或本次低频公开检索中找到该期目录,
江苏行政学院学报,2023,6,no_public_source_found,未在当前已整理数据或本次低频公开检索中找到该期目录,
江苏行政学院学报,2024,1,no_public_source_found,未在当前已整理数据或本次低频公开检索中找到该期目录,
江苏行政学院学报,2024,2,no_public_source_found,未在当前已整理数据或本次低频公开检索中找到该期目录,
江苏行政学院学报,2024,3,no_public_source_found,未在当前已整理数据或本次低频公开检索中找到该期目录,
江苏行政学院学报,2024,4,no_public_source_found,未在当前已整理数据或本次低频公开检索中找到该期目录,
江苏行政学院学报,2024,5,no_public_source_found,未在当前已整理数据或本次低频公开检索中找到该期目录,
江苏行政学院学报,2024,6,no_public_source_found,未在当前已整理数据或本次低频公开检索中找到该期目录,
江苏行政学院学报,2025,1,no_public_source_found,未在当前已整理数据或本次低频公开检索中找到该期目录,
江苏行政学院学报,2025,2,no_public_source_found,未在当前已整理数据或本次低频公开检索中找到该期目录,
江苏行政学院学报,2025,3,no_public_source_found,未在当前已整理数据或本次低频公开检索中找到该期目录,
江苏行政学院学报,2025,4,no_public_source_found,未在当前已整理数据或本次低频公开检索中找到该期目录,
江苏行政学院学报,2025,5,no_public_source_found,未在当前已整理数据或本次低频公开检索中找到该期目录,
江苏行政学院学报,2025,6,no_public_source_found,未在当前已整理数据或本次低频公开检索中找到该期目录,
江苏行政学院学报,2026,,no_public_source_found,2026 年尚未在当前公开来源中检索到期次,
甘肃行政学院学报,1999,5,no_public_source_found,未在当前已整理数据或本次低频公开检索中找到该期目录,
甘肃行政学院学报,1999,6,no_public_source_found,未在当前已整理数据或本次低频公开检索中找到该期目录,
甘肃行政学院学报,2000,5,no_public_source_found,未在当前已整理数据或本次低频公开检索中找到该期目录,
甘肃行政学院学报,2000,6,no_public_source_found,未在当前已整理数据或本次低频公开检索中找到该期目录,
甘肃行政学院学报,2001,1,no_public_source_found,未在当前已整理数据或本次低频公开检索中找到该期目录,
甘肃行政学院学报,2001,5,no_public_source_found,未在当前已整理数据或本次低频公开检索中找到该期目录,
甘肃行政学院学报,2001,6,no_public_source_found,未在当前已整理数据或本次低频公开检索中找到该期目录,
甘肃行政学院学报,2002,3,no_public_source_found,未在当前已整理数据或本次低频公开检索中找到该期目录,
甘肃行政学院学报,2002,4,no_public_source_found,未在当前已整理数据或本次低频公开检索中找到该期目录,
甘肃行政学院学报,2002,5,no_public_source_found,未在当前已整理数据或本次低频公开检索中找到该期目录,
甘肃行政学院学报,2002,6,no_public_source_found,未在当前已整理数据或本次低频公开检索中找到该期目录,
甘肃行政学院学报,2003,5,no_public_source_found,未在当前已整理数据或本次低频公开检索中找到该期目录,
甘肃行政学院学报,2003,6,no_public_source_found,未在当前已整理数据或本次低频公开检索中找到该期目录,
甘肃行政学院学报,2004,5,no_public_source_found,未在当前已整理数据或本次低频公开检索中找到该期目录,
甘肃行政学院学报,2004,6,no_public_source_found,未在当前已整理数据或本次低频公开检索中找到该期目录,
甘肃行政学院学报,2005,1,no_public_source_found,未在当前已整理数据或本次低频公开检索中找到该期目录,
甘肃行政学院学报,2005,2,no_public_source_found,未在当前已整理数据或本次低频公开检索中找到该期目录,
甘肃行政学院学报,2005,5,no_public_source_found,未在当前已整理数据或本次低频公开检索中找到该期目录,
甘肃行政学院学报,2005,6,no_public_source_found,未在当前已整理数据或本次低频公开检索中找到该期目录,
甘肃行政学院学报,2006,5,no_public_source_found,未在当前已整理数据或本次低频公开检索中找到该期目录,
甘肃行政学院学报,2006,6,no_public_source_found,未在当前已整理数据或本次低频公开检索中找到该期目录,
甘肃行政学院学报,2007,5,no_public_source_found,未在当前已整理数据或本次低频公开检索中找到该期目录,
甘肃行政学院学报,2007,6,no_public_source_found,未在当前已整理数据或本次低频公开检索中找到该期目录,
甘肃行政学院学报,2014,2,no_public_source_found,未在当前已整理数据或本次低频公开检索中找到该期目录,
甘肃行政学院学报,2016,1,no_public_source_found,未在当前已整理数据或本次低频公开检索中找到该期目录,
甘肃行政学院学报,2016,4,no_public_source_found,未在当前已整理数据或本次低频公开检索中找到该期目录,
甘肃行政学院学报,2016,5,no_public_source_found,未在当前已整理数据或本次低频公开检索中找到该期目录,
甘肃行政学院学报,2017,1,no_public_source_found,未在当前已整理数据或本次低频公开检索中找到该期目录,
甘肃行政学院学报,2017,3,no_public_source_found,未在当前已整理数据或本次低频公开检索中找到该期目录,
甘肃行政学院学报,2017,4,no_public_source_found,未在当前已整理数据或本次低频公开检索中找到该期目录,
甘肃行政学院学报,2017,5,no_public_source_found,未在当前已整理数据或本次低频公开检索中找到该期目录,
甘肃行政学院学报,2018,1,no_public_source_found,未在当前已整理数据或本次低频公开检索中找到该期目录,
甘肃行政学院学报,2018,2,no_public_source_found,未在当前已整理数据或本次低频公开检索中找到该期目录,
甘肃行政学院学报,2018,3,no_public_source_found,未在当前已整理数据或本次低频公开检索中找到该期目录,
甘肃行政学院学报,2018,4,no_public_source_found,未在当前已整理数据或本次低频公开检索中找到该期目录,
甘肃行政学院学报,2018,5,no_public_source_found,未在当前已整理数据或本次低频公开检索中找到该期目录,
甘肃行政学院学报,2018,6,no_public_source_found,未在当前已整理数据或本次低频公开检索中找到该期目录,
甘肃行政学院学报,2019,2,no_public_source_found,未在当前已整理数据或本次低频公开检索中找到该期目录,
甘肃行政学院学报,2019,3,no_public_source_found,未在当前已整理数据或本次低频公开检索中找到该期目录,
甘肃行政学院学报,2019,5,no_public_source_found,未在当前已整理数据或本次低频公开检索中找到该期目录,
甘肃行政学院学报,2019,6,no_public_source_found,未在当前已整理数据或本次低频公开检索中找到该期目录,
甘肃行政学院学报,2020,1,no_public_source_found,未在当前已整理数据或本次低频公开检索中找到该期目录,
甘肃行政学院学报,2020,5,no_public_source_found,未在当前已整理数据或本次低频公开检索中找到该期目录,
甘肃行政学院学报,2020,6,no_public_source_found,未在当前已整理数据或本次低频公开检索中找到该期目录,
甘肃行政学院学报,2021,1,no_public_source_found,未在当前已整理数据或本次低频公开检索中找到该期目录,
甘肃行政学院学报,2021,2,no_public_source_found,未在当前已整理数据或本次低频公开检索中找到该期目录,
甘肃行政学院学报,2021,3,no_public_source_found,未在当前已整理数据或本次低频公开检索中找到该期目录,
甘肃行政学院学报,2021,4,no_public_source_found,未在当前已整理数据或本次低频公开检索中找到该期目录,
甘肃行政学院学报,2021,5,no_public_source_found,未在当前已整理数据或本次低频公开检索中找到该期目录,
甘肃行政学院学报,2021,6,no_public_source_found,未在当前已整理数据或本次低频公开检索中找到该期目录,
甘肃行政学院学报,2022,1,no_public_source_found,未在当前已整理数据或本次低频公开检索中找到该期目录,
甘肃行政学院学报,2022,2,no_public_source_found,未在当前已整理数据或本次低频公开检索中找到该期目录,
甘肃行政学院学报,2022,3,no_public_source_found,未在当前已整理数据或本次低频公开检索中找到该期目录,
甘肃行政学院学报,2022,4,no_public_source_found,未在当前已整理数据或本次低频公开检索中找到该期目录,
甘肃行政学院学报,2022,5,no_public_source_found,未在当前已整理数据或本次低频公开检索中找到该期目录,
甘肃行政学院学报,2022,6,no_public_source_found,未在当前已整理数据或本次低频公开检索中找到该期目录,
甘肃行政学院学报,2023,1,no_public_source_found,未在当前已整理数据或本次低频公开检索中找到该期目录,
甘肃行政学院学报,2023,2,no_public_source_found,未在当前已整理数据或本次低频公开检索中找到该期目录,
甘肃行政学院学报,2023,3,no_public_source_found,未在当前已整理数据或本次低频公开检索中找到该期目录,
甘肃行政学院学报,2023,4,no_public_source_found,未在当前已整理数据或本次低频公开检索中找到该期目录,
甘肃行政学院学报,2023,5,no_public_source_found,未在当前已整理数据或本次低频公开检索中找到该期目录,
甘肃行政学院学报,2023,6,no_public_source_found,未在当前已整理数据或本次低频公开检索中找到该期目录,
甘肃行政学院学报,2024,1,no_public_source_found,未在当前已整理数据或本次低频公开检索中找到该期目录,
甘肃行政学院学报,2024,2,no_public_source_found,未在当前已整理数据或本次低频公开检索中找到该期目录,
甘肃行政学院学报,2024,3,no_public_source_found,未在当前已整理数据或本次低频公开检索中找到该期目录,
甘肃行政学院学报,2024,4,no_public_source_found,未在当前已整理数据或本次低频公开检索中找到该期目录,
甘肃行政学院学报,2024,5,no_public_source_found,未在当前已整理数据或本次低频公开检索中找到该期目录,
甘肃行政学院学报,2024,6,no_public_source_found,未在当前已整理数据或本次低频公开检索中找到该期目录,
甘肃行政学院学报,2025,1,no_public_source_found,未在当前已整理数据或本次低频公开检索中找到该期目录,
甘肃行政学院学报,2025,2,no_public_source_found,未在当前已整理数据或本次低频公开检索中找到该期目录,
甘肃行政学院学报,2025,3,no_public_source_found,未在当前已整理数据或本次低频公开检索中找到该期目录,
甘肃行政学院学报,2025,4,no_public_source_found,未在当前已整理数据或本次低频公开检索中找到该期目录,
甘肃行政学院学报,2025,5,no_public_source_found,未在当前已整理数据或本次低频公开检索中找到该期目录,
甘肃行政学院学报,2025,6,no_public_source_found,未在当前已整理数据或本次低频公开检索中找到该期目录,
甘肃行政学院学报,2026,1,issue_found_missing_abstract,已找到题名或目录记录，但暂无公开摘要,https://www.cqvip.com/doc/journal/7203289214
甘肃行政学院学报,2026,1,issue_found_missing_abstract,已找到题名或目录记录，但暂无公开摘要,https://www.cqvip.com/doc/journal/7203289223
甘肃行政学院学报,2026,1,issue_found_missing_abstract,已找到题名或目录记录，但暂无公开摘要,https://www.cqvip.com/doc/journal/7203289224
甘肃行政学院学报,2026,1,issue_found_missing_abstract,已找到题名或目录记录，但暂无公开摘要,https://www.cqvip.com/doc/journal/7203289215
甘肃行政学院学报,2026,1,issue_found_missing_abstract,已找到题名或目录记录，但暂无公开摘要,https://www.cqvip.com/doc/journal/7203289216
甘肃行政学院学报,2026,1,issue_found_missing_abstract,已找到题名或目录记录，但暂无公开摘要,https://www.cqvip.com/doc/journal/7203289217
甘肃行政学院学报,2026,1,issue_found_missing_abstract,已找到题名或目录记录，但暂无公开摘要,https://www.cqvip.com/doc/journal/7203289218
甘肃行政学院学报,2026,1,issue_found_missing_abstract,已找到题名或目录记录，但暂无公开摘要,https://www.cqvip.com/doc/journal/7203289219
甘肃行政学院学报,2026,1,issue_found_missing_abstract,已找到题名或目录记录，但暂无公开摘要,https://www.cqvip.com/doc/journal/7203289220
甘肃行政学院学报,2026,1,issue_found_missing_abstract,已找到题名或目录记录，但暂无公开摘要,https://www.cqvip.com/doc/journal/7203289221
甘肃行政学院学报,2026,1,issue_found_missing_abstract,已找到题名或目录记录，但暂无公开摘要,https://www.cqvip.com/doc/journal/7203289222
行政论坛,2001,5,no_public_source_found,未在当前已整理数据或本次低频公开检索中找到该期目录,
行政论坛,2010,6,no_public_source_found,未在当前已整理数据或本次低频公开检索中找到该期目录,
行政论坛,2016,5,no_public_source_found,未在当前已整理数据或本次低频公开检索中找到该期目录,
行政论坛,2016,6,no_public_source_found,未在当前已整理数据或本次低频公开检索中找到该期目录,
行政论坛,2017,2,no_public_source_found,未在当前已整理数据或本次低频公开检索中找到该期目录,
行政论坛,2017,3,no_public_source_found,未在当前已整理数据或本次低频公开检索中找到该期目录,
行政论坛,2017,4,no_public_source_found,未在当前已整理数据或本次低频公开检索中找到该期目录,
行政论坛,2017,5,no_public_source_found,未在当前已整理数据或本次低频公开检索中找到该期目录,
行政论坛,2018,1,no_public_source_found,未在当前已整理数据或本次低频公开检索中找到该期目录,
行政论坛,2018,2,no_public_source_found,未在当前已整理数据或本次低频公开检索中找到该期目录,
行政论坛,2018,3,no_public_source_found,未在当前已整理数据或本次低频公开检索中找到该期目录,
行政论坛,2018,4,no_public_source_found,未在当前已整理数据或本次低频公开检索中找到该期目录,
行政论坛,2018,5,no_public_source_found,未在当前已整理数据或本次低频公开检索中找到该期目录,
行政论坛,2018,6,no_public_source_found,未在当前已整理数据或本次低频公开检索中找到该期目录,
行政论坛,2019,1,no_public_source_found,未在当前已整理数据或本次低频公开检索中找到该期目录,
行政论坛,2019,2,no_public_source_found,未在当前已整理数据或本次低频公开检索中找到该期目录,
行政论坛,2019,3,no_public_source_found,未在当前已整理数据或本次低频公开检索中找到该期目录,
行政论坛,2019,4,no_public_source_found,未在当前已整理数据或本次低频公开检索中找到该期目录,
行政论坛,2019,5,no_public_source_found,未在当前已整理数据或本次低频公开检索中找到该期目录,
行政论坛,2019,6,no_public_source_found,未在当前已整理数据或本次低频公开检索中找到该期目录,
行政论坛,2020,1,no_public_source_found,未在当前已整理数据或本次低频公开检索中找到该期目录,
行政论坛,2020,2,no_public_source_found,未在当前已整理数据或本次低频公开检索中找到该期目录,
行政论坛,2020,3,no_public_source_found,未在当前已整理数据或本次低频公开检索中找到该期目录,
行政论坛,2020,4,no_public_source_found,未在当前已整理数据或本次低频公开检索中找到该期目录,
行政论坛,2020,5,no_public_source_found,未在当前已整理数据或本次低频公开检索中找到该期目录,
行政论坛,2020,6,no_public_source_found,未在当前已整理数据或本次低频公开检索中找到该期目录,
行政论坛,2021,1,no_public_source_found,未在当前已整理数据或本次低频公开检索中找到该期目录,
行政论坛,2021,2,no_public_source_found,未在当前已整理数据或本次低频公开检索中找到该期目录,
行政论坛,2021,3,no_public_source_found,未在当前已整理数据或本次低频公开检索中找到该期目录,
行政论坛,2021,4,no_public_source_found,未在当前已整理数据或本次低频公开检索中找到该期目录,
行政论坛,2021,5,no_public_source_found,未在当前已整理数据或本次低频公开检索中找到该期目录,
行政论坛,2021,6,no_public_source_found,未在当前已整理数据或本次低频公开检索中找到该期目录,
行政论坛,2022,1,no_public_source_found,未在当前已整理数据或本次低频公开检索中找到该期目录,
行政论坛,2022,2,no_public_source_found,未在当前已整理数据或本次低频公开检索中找到该期目录,
行政论坛,2022,3,no_public_source_found,未在当前已整理数据或本次低频公开检索中找到该期目录,
行政论坛,2022,4,no_public_source_found,未在当前已整理数据或本次低频公开检索中找到该期目录,
行政论坛,2022,5,no_public_source_found,未在当前已整理数据或本次低频公开检索中找到该期目录,
行政论坛,2022,6,no_public_source_found,未在当前已整理数据或本次低频公开检索中找到该期目录,
行政论坛,2023,1,no_public_source_found,未在当前已整理数据或本次低频公开检索中找到该期目录,
行政论坛,2023,2,no_public_source_found,未在当前已整理数据或本次低频公开检索中找到该期目录,
行政论坛,2023,3,no_public_source_found,未在当前已整理数据或本次低频公开检索中找到该期目录,
行政论坛,2023,4,no_public_source_found,未在当前已整理数据或本次低频公开检索中找到该期目录,
行政论坛,2023,5,no_public_source_found,未在当前已整理数据或本次低频公开检索中找到该期目录,
行政论坛,2023,6,no_public_source_found,未在当前已整理数据或本次低频公开检索中找到该期目录,
行政论坛,2024,1,no_public_source_found,未在当前已整理数据或本次低频公开检索中找到该期目录,
行政论坛,2024,2,no_public_source_found,未在当前已整理数据或本次低频公开检索中找到该期目录,
行政论坛,2024,3,no_public_source_found,未在当前已整理数据或本次低频公开检索中找到该期目录,
行政论坛,2024,4,no_public_source_found,未在当前已整理数据或本次低频公开检索中找到该期目录,
行政论坛,2024,5,no_public_source_found,未在当前已整理数据或本次低频公开检索中找到该期目录,
行政论坛,2024,6,no_public_source_found,未在当前已整理数据或本次低频公开检索中找到该期目录,
行政论坛,2025,1,no_public_source_found,未在当前已整理数据或本次低频公开检索中找到该期目录,
行政论坛,2025,2,no_public_source_found,未在当前已整理数据或本次低频公开检索中找到该期目录,
行政论坛,2025,3,no_public_source_found,未在当前已整理数据或本次低频公开检索中找到该期目录,
行政论坛,2025,4,no_public_source_found,未在当前已整理数据或本次低频公开检索中找到该期目录,
行政论坛,2025,5,no_public_source_found,未在当前已整理数据或本次低频公开检索中找到该期目录,
行政论坛,2025,6,no_public_source_found,未在当前已整理数据或本次低频公开检索中找到该期目录,
行政论坛,2026,,no_public_source_found,2026 年尚未在当前公开来源中检索到期次,
公共行政评论,2013,2,no_public_source_found,未在当前已整理数据或本次低频公开检索中找到该期目录,
公共行政评论,2016,5,no_public_source_found,未在当前已整理数据或本次低频公开检索中找到该期目录,
公共行政评论,2016,6,no_public_source_found,未在当前已整理数据或本次低频公开检索中找到该期目录,
公共行政评论,2017,1,no_public_source_found,未在当前已整理数据或本次低频公开检索中找到该期目录,
公共行政评论,2017,2,no_public_source_found,未在当前已整理数据或本次低频公开检索中找到该期目录,
公共行政评论,2017,5,no_public_source_found,未在当前已整理数据或本次低频公开检索中找到该期目录,
公共行政评论,2017,6,no_public_source_found,未在当前已整理数据或本次低频公开检索中找到该期目录,
公共行政评论,2018,2,no_public_source_found,未在当前已整理数据或本次低频公开检索中找到该期目录,
公共行政评论,2018,3,no_public_source_found,未在当前已整理数据或本次低频公开检索中找到该期目录,
公共行政评论,2018,4,no_public_source_found,未在当前已整理数据或本次低频公开检索中找到该期目录,
公共行政评论,2018,5,no_public_source_found,未在当前已整理数据或本次低频公开检索中找到该期目录,
公共行政评论,2018,6,no_public_source_found,未在当前已整理数据或本次低频公开检索中找到该期目录,
公共行政评论,2019,1,no_public_source_found,未在当前已整理数据或本次低频公开检索中找到该期目录,
公共行政评论,2019,2,no_public_source_found,未在当前已整理数据或本次低频公开检索中找到该期目录,
公共行政评论,2019,4,no_public_source_found,未在当前已整理数据或本次低频公开检索中找到该期目录,
公共行政评论,2020,4,no_public_source_found,未在当前已整理数据或本次低频公开检索中找到该期目录,
公共行政评论,2020,5,no_public_source_found,未在当前已整理数据或本次低频公开检索中找到该期目录,
公共行政评论,2020,6,no_public_source_found,未在当前已整理数据或本次低频公开检索中找到该期目录,
公共行政评论,2021,1,no_public_source_found,未在当前已整理数据或本次低频公开检索中找到该期目录,
公共行政评论,2021,2,no_public_source_found,未在当前已整理数据或本次低频公开检索中找到该期目录,
公共行政评论,2021,3,no_public_source_found,未在当前已整理数据或本次低频公开检索中找到该期目录,
公共行政评论,2021,4,no_public_source_found,未在当前已整理数据或本次低频公开检索中找到该期目录,
公共行政评论,2021,5,no_public_source_found,未在当前已整理数据或本次低频公开检索中找到该期目录,
公共行政评论,2021,6,no_public_source_found,未在当前已整理数据或本次低频公开检索中找到该期目录,
公共行政评论,2022,1,no_public_source_found,未在当前已整理数据或本次低频公开检索中找到该期目录,
公共行政评论,2022,2,no_public_source_found,未在当前已整理数据或本次低频公开检索中找到该期目录,
公共行政评论,2022,3,no_public_source_found,未在当前已整理数据或本次低频公开检索中找到该期目录,
公共行政评论,2022,4,no_public_source_found,未在当前已整理数据或本次低频公开检索中找到该期目录,
公共行政评论,2022,5,no_public_source_found,未在当前已整理数据或本次低频公开检索中找到该期目录,
公共行政评论,2022,6,no_public_source_found,未在当前已整理数据或本次低频公开检索中找到该期目录,
公共行政评论,2023,1,no_public_source_found,未在当前已整理数据或本次低频公开检索中找到该期目录,
公共行政评论,2023,2,no_public_source_found,未在当前已整理数据或本次低频公开检索中找到该期目录,
公共行政评论,2023,3,no_public_source_found,未在当前已整理数据或本次低频公开检索中找到该期目录,
公共行政评论,2023,4,no_public_source_found,未在当前已整理数据或本次低频公开检索中找到该期目录,
公共行政评论,2023,5,no_public_source_found,未在当前已整理数据或本次低频公开检索中找到该期目录,
公共行政评论,2023,6,no_public_source_found,未在当前已整理数据或本次低频公开检索中找到该期目录,
公共行政评论,2024,1,no_public_source_found,未在当前已整理数据或本次低频公开检索中找到该期目录,
公共行政评论,2024,2,no_public_source_found,未在当前已整理数据或本次低频公开检索中找到该期目录,
公共行政评论,2024,3,no_public_source_found,未在当前已整理数据或本次低频公开检索中找到该期目录,
公共行政评论,2024,4,no_public_source_found,未在当前已整理数据或本次低频公开检索中找到该期目录,
公共行政评论,2024,5,no_public_source_found,未在当前已整理数据或本次低频公开检索中找到该期目录,
公共行政评论,2024,6,no_public_source_found,未在当前已整理数据或本次低频公开检索中找到该期目录,
公共行政评论,2025,1,no_public_source_found,未在当前已整理数据或本次低频公开检索中找到该期目录,
公共行政评论,2025,2,no_public_source_found,未在当前已整理数据或本次低频公开检索中找到该期目录,
公共行政评论,2025,3,no_public_source_found,未在当前已整理数据或本次低频公开检索中找到该期目录,
公共行政评论,2025,4,no_public_source_found,未在当前已整理数据或本次低频公开检索中找到该期目录,
公共行政评论,2025,5,no_public_source_found,未在当前已整理数据或本次低频公开检索中找到该期目录,
公共行政评论,2025,6,no_public_source_found,未在当前已整理数据或本次低频公开检索中找到该期目录,
公共行政评论,2026,2,issue_found_missing_abstract,已找到题名或目录记录，但暂无公开摘要,https://www.cqvip.com/doc/journal/7203300764
公共行政评论,2026,2,issue_found_missing_abstract,已找到题名或目录记录，但暂无公开摘要,https://www.cqvip.com/doc/journal/7203300770
公共行政评论,2026,2,issue_found_missing_abstract,已找到题名或目录记录，但暂无公开摘要,https://www.cqvip.com/doc/journal/7203300771
公共行政评论,2026,2,issue_found_missing_abstract,已找到题名或目录记录，但暂无公开摘要,https://www.cqvip.com/doc/journal/7203300772
公共行政评论,2026,2,issue_found_missing_abstract,已找到题名或目录记录，但暂无公开摘要,https://www.cqvip.com/doc/journal/7203300773
公共行政评论,2026,2,issue_found_missing_abstract,已找到题名或目录记录，但暂无公开摘要,https://www.cqvip.com/doc/journal/7203300765
公共行政评论,2026,2,issue_found_missing_abstract,已找到题名或目录记录，但暂无公开摘要,https://www.cqvip.com/doc/journal/7203300766
公共行政评论,2026,2,issue_found_missing_abstract,已找到题名或目录记录，但暂无公开摘要,https://www.cqvip.com/doc/journal/7203300767
公共行政评论,2026,2,issue_found_missing_abstract,已找到题名或目录记录，但暂无公开摘要,https://www.cqvip.com/doc/journal/7203300768
公共行政评论,2026,2,issue_found_missing_abstract,已找到题名或目录记录，但暂无公开摘要,https://www.cqvip.com/doc/journal/7203300769
公共行政评论,2026,2,issue_found_missing_abstract,已找到题名或目录记录，但暂无公开摘要,https://www.cqvip.com/doc/journal/7203300762
公共行政评论,2026,2,found_title_missing_metadata,已找到题名，但作者、页码或链接字段仍不完整,https://www.cqvip.com/doc/journal/7203300762
公共行政评论,2026,2,issue_found_missing_abstract,已找到题名或目录记录，但暂无公开摘要,https://www.cqvip.com/doc/journal/7203300763
公共行政评论,2026,2,found_title_missing_metadata,已找到题名，但作者、页码或链接字段仍不完整,https://www.cqvip.com/doc/journal/7203300763
公共行政评论,2026,2,issue_found_missing_abstract,已找到题名或目录记录，但暂无公开摘要,https://www.cqvip.com/doc/journal/7203300774
公共行政评论,2026,2,found_title_missing_metadata,已找到题名，但作者、页码或链接字段仍不完整,https://www.cqvip.com/doc/journal/7203300774
理论探索,1989,2,no_public_source_found,未在当前已整理数据或本次低频公开检索中找到该期目录,
理论探索,1989,4,no_public_source_found,未在当前已整理数据或本次低频公开检索中找到该期目录,
理论探索,1989,5,no_public_source_found,未在当前已整理数据或本次低频公开检索中找到该期目录,
理论探索,1989,6,no_public_source_found,未在当前已整理数据或本次低频公开检索中找到该期目录,
理论探索,1990,3,no_public_source_found,未在当前已整理数据或本次低频公开检索中找到该期目录,
理论探索,1990,5,no_public_source_found,未在当前已整理数据或本次低频公开检索中找到该期目录,
理论探索,1990,6,no_public_source_found,未在当前已整理数据或本次低频公开检索中找到该期目录,
理论探索,1991,3,no_public_source_found,未在当前已整理数据或本次低频公开检索中找到该期目录,
理论探索,1991,5,no_public_source_found,未在当前已整理数据或本次低频公开检索中找到该期目录,
理论探索,1991,6,no_public_source_found,未在当前已整理数据或本次低频公开检索中找到该期目录,
理论探索,1992,4,no_public_source_found,未在当前已整理数据或本次低频公开检索中找到该期目录,
理论探索,1992,5,no_public_source_found,未在当前已整理数据或本次低频公开检索中找到该期目录,
理论探索,1992,6,no_public_source_found,未在当前已整理数据或本次低频公开检索中找到该期目录,
理论探索,1993,4,no_public_source_found,未在当前已整理数据或本次低频公开检索中找到该期目录,
理论探索,1993,6,no_public_source_found,未在当前已整理数据或本次低频公开检索中找到该期目录,
理论探索,1994,1,no_public_source_found,未在当前已整理数据或本次低频公开检索中找到该期目录,
理论探索,1994,2,no_public_source_found,未在当前已整理数据或本次低频公开检索中找到该期目录,
理论探索,1994,5,no_public_source_found,未在当前已整理数据或本次低频公开检索中找到该期目录,
理论探索,1995,1,no_public_source_found,未在当前已整理数据或本次低频公开检索中找到该期目录,
理论探索,1995,6,no_public_source_found,未在当前已整理数据或本次低频公开检索中找到该期目录,
理论探索,1996,2,no_public_source_found,未在当前已整理数据或本次低频公开检索中找到该期目录,
理论探索,1997,6,no_public_source_found,未在当前已整理数据或本次低频公开检索中找到该期目录,
理论探索,1998,1,no_public_source_found,未在当前已整理数据或本次低频公开检索中找到该期目录,
理论探索,2002,6,no_public_source_found,未在当前已整理数据或本次低频公开检索中找到该期目录,
理论探索,2005,3,no_public_source_found,未在当前已整理数据或本次低频公开检索中找到该期目录,
理论探索,2016,5,no_public_source_found,未在当前已整理数据或本次低频公开检索中找到该期目录,
理论探索,2017,1,no_public_source_found,未在当前已整理数据或本次低频公开检索中找到该期目录,
理论探索,2017,3,no_public_source_found,未在当前已整理数据或本次低频公开检索中找到该期目录,
理论探索,2017,4,no_public_source_found,未在当前已整理数据或本次低频公开检索中找到该期目录,
理论探索,2017,5,no_public_source_found,未在当前已整理数据或本次低频公开检索中找到该期目录,
理论探索,2017,6,no_public_source_found,未在当前已整理数据或本次低频公开检索中找到该期目录,
理论探索,2018,1,no_public_source_found,未在当前已整理数据或本次低频公开检索中找到该期目录,
理论探索,2018,2,no_public_source_found,未在当前已整理数据或本次低频公开检索中找到该期目录,
理论探索,2018,3,no_public_source_found,未在当前已整理数据或本次低频公开检索中找到该期目录,
理论探索,2018,4,no_public_source_found,未在当前已整理数据或本次低频公开检索中找到该期目录,
理论探索,2018,5,no_public_source_found,未在当前已整理数据或本次低频公开检索中找到该期目录,
理论探索,2018,6,no_public_source_found,未在当前已整理数据或本次低频公开检索中找到该期目录,
理论探索,2019,1,no_public_source_found,未在当前已整理数据或本次低频公开检索中找到该期目录,
理论探索,2019,2,no_public_source_found,未在当前已整理数据或本次低频公开检索中找到该期目录,
理论探索,2019,3,no_public_source_found,未在当前已整理数据或本次低频公开检索中找到该期目录,
理论探索,2019,4,no_public_source_found,未在当前已整理数据或本次低频公开检索中找到该期目录,
理论探索,2019,5,no_public_source_found,未在当前已整理数据或本次低频公开检索中找到该期目录,
理论探索,2019,6,no_public_source_found,未在当前已整理数据或本次低频公开检索中找到该期目录,
理论探索,2020,2,no_public_source_found,未在当前已整理数据或本次低频公开检索中找到该期目录,
理论探索,2020,5,no_public_source_found,未在当前已整理数据或本次低频公开检索中找到该期目录,
理论探索,2020,6,no_public_source_found,未在当前已整理数据或本次低频公开检索中找到该期目录,
理论探索,2021,1,no_public_source_found,未在当前已整理数据或本次低频公开检索中找到该期目录,
理论探索,2021,2,no_public_source_found,未在当前已整理数据或本次低频公开检索中找到该期目录,
理论探索,2021,3,no_public_source_found,未在当前已整理数据或本次低频公开检索中找到该期目录,
理论探索,2021,4,no_public_source_found,未在当前已整理数据或本次低频公开检索中找到该期目录,
理论探索,2021,5,no_public_source_found,未在当前已整理数据或本次低频公开检索中找到该期目录,
理论探索,2021,6,no_public_source_found,未在当前已整理数据或本次低频公开检索中找到该期目录,
理论探索,2022,1,no_public_source_found,未在当前已整理数据或本次低频公开检索中找到该期目录,
理论探索,2022,2,no_public_source_found,未在当前已整理数据或本次低频公开检索中找到该期目录,
理论探索,2022,3,no_public_source_found,未在当前已整理数据或本次低频公开检索中找到该期目录,
理论探索,2022,4,no_public_source_found,未在当前已整理数据或本次低频公开检索中找到该期目录,
理论探索,2022,5,no_public_source_found,未在当前已整理数据或本次低频公开检索中找到该期目录,
理论探索,2022,6,no_public_source_found,未在当前已整理数据或本次低频公开检索中找到该期目录,
理论探索,2023,1,no_public_source_found,未在当前已整理数据或本次低频公开检索中找到该期目录,
理论探索,2023,2,no_public_source_found,未在当前已整理数据或本次低频公开检索中找到该期目录,
理论探索,2023,3,no_public_source_found,未在当前已整理数据或本次低频公开检索中找到该期目录,
理论探索,2023,4,no_public_source_found,未在当前已整理数据或本次低频公开检索中找到该期目录,
理论探索,2023,5,no_public_source_found,未在当前已整理数据或本次低频公开检索中找到该期目录,
理论探索,2023,6,no_public_source_found,未在当前已整理数据或本次低频公开检索中找到该期目录,
理论探索,2024,1,no_public_source_found,未在当前已整理数据或本次低频公开检索中找到该期目录,
理论探索,2024,2,no_public_source_found,未在当前已整理数据或本次低频公开检索中找到该期目录,
理论探索,2024,3,no_public_source_found,未在当前已整理数据或本次低频公开检索中找到该期目录,
理论探索,2024,4,no_public_source_found,未在当前已整理数据或本次低频公开检索中找到该期目录,
理论探索,2024,5,no_public_source_found,未在当前已整理数据或本次低频公开检索中找到该期目录,
理论探索,2024,6,no_public_source_found,未在当前已整理数据或本次低频公开检索中找到该期目录,
理论探索,2025,1,no_public_source_found,未在当前已整理数据或本次低频公开检索中找到该期目录,
理论探索,2025,2,no_public_source_found,未在当前已整理数据或本次低频公开检索中找到该期目录,
理论探索,2025,3,no_public_source_found,未在当前已整理数据或本次低频公开检索中找到该期目录,
理论探索,2025,4,no_public_source_found,未在当前已整理数据或本次低频公开检索中找到该期目录,
理论探索,2025,5,no_public_source_found,未在当前已整理数据或本次低频公开检索中找到该期目录,
理论探索,2025,6,no_public_source_found,未在当前已整理数据或本次低频公开检索中找到该期目录,
理论探索,2026,2,issue_found_missing_abstract,已找到题名或目录记录，但暂无公开摘要,https://www.cqvip.com/doc/journal/7203001659
理论探索,2026,2,issue_found_missing_abstract,已找到题名或目录记录，但暂无公开摘要,https://www.cqvip.com/doc/journal/7203001660
理论探索,2026,2,issue_found_missing_abstract,已找到题名或目录记录，但暂无公开摘要,https://www.cqvip.com/doc/journal/7203001661
理论探索,2026,2,issue_found_missing_abstract,已找到题名或目录记录，但暂无公开摘要,https://www.cqvip.com/doc/journal/7203001648
理论探索,2026,2,issue_found_missing_abstract,已找到题名或目录记录，但暂无公开摘要,https://www.cqvip.com/doc/journal/7203001649
理论探索,2026,2,issue_found_missing_abstract,已找到题名或目录记录，但暂无公开摘要,https://www.cqvip.com/doc/journal/7203001650
理论探索,2026,2,issue_found_missing_abstract,已找到题名或目录记录，但暂无公开摘要,https://www.cqvip.com/doc/journal/7203001651
理论探索,2026,2,issue_found_missing_abstract,已找到题名或目录记录，但暂无公开摘要,https://www.cqvip.com/doc/journal/7203001652
理论探索,2026,2,issue_found_missing_abstract,已找到题名或目录记录，但暂无公开摘要,https://www.cqvip.com/doc/journal/7203001647
理论探索,2026,2,issue_found_missing_abstract,已找到题名或目录记录，但暂无公开摘要,https://www.cqvip.com/doc/journal/7203001653
理论探索,2026,2,issue_found_missing_abstract,已找到题名或目录记录，但暂无公开摘要,https://www.cqvip.com/doc/journal/7203001654
理论探索,2026,2,issue_found_missing_abstract,已找到题名或目录记录，但暂无公开摘要,https://www.cqvip.com/doc/journal/7203001655
理论探索,2026,2,issue_found_missing_abstract,已找到题名或目录记录，但暂无公开摘要,https://www.cqvip.com/doc/journal/7203001656
理论探索,2026,2,issue_found_missing_abstract,已找到题名或目录记录，但暂无公开摘要,https://www.cqvip.com/doc/journal/7203001657
理论探索,2026,2,issue_found_missing_abstract,已找到题名或目录记录，但暂无公开摘要,https://www.cqvip.com/doc/journal/7203001658
理论探讨,1984,2,no_public_source_found,未在当前已整理数据或本次低频公开检索中找到该期目录,
理论探讨,1984,3,no_public_source_found,未在当前已整理数据或本次低频公开检索中找到该期目录,
理论探讨,1984,4,no_public_source_found,未在当前已整理数据或本次低频公开检索中找到该期目录,
理论探讨,1984,5,no_public_source_found,未在当前已整理数据或本次低频公开检索中找到该期目录,
理论探讨,1984,6,no_public_source_found,未在当前已整理数据或本次低频公开检索中找到该期目录,
理论探讨,1985,2,no_public_source_found,未在当前已整理数据或本次低频公开检索中找到该期目录,
理论探讨,1985,5,no_public_source_found,未在当前已整理数据或本次低频公开检索中找到该期目录,
理论探讨,1986,5,no_public_source_found,未在当前已整理数据或本次低频公开检索中找到该期目录,
理论探讨,1987,3,no_public_source_found,未在当前已整理数据或本次低频公开检索中找到该期目录,
理论探讨,1988,4,no_public_source_found,未在当前已整理数据或本次低频公开检索中找到该期目录,
理论探讨,1992,5,no_public_source_found,未在当前已整理数据或本次低频公开检索中找到该期目录,
理论探讨,1993,1,no_public_source_found,未在当前已整理数据或本次低频公开检索中找到该期目录,
理论探讨,1993,2,no_public_source_found,未在当前已整理数据或本次低频公开检索中找到该期目录,
理论探讨,1993,3,no_public_source_found,未在当前已整理数据或本次低频公开检索中找到该期目录,
理论探讨,1993,4,no_public_source_found,未在当前已整理数据或本次低频公开检索中找到该期目录,
理论探讨,1993,6,no_public_source_found,未在当前已整理数据或本次低频公开检索中找到该期目录,
理论探讨,2000,2,no_public_source_found,未在当前已整理数据或本次低频公开检索中找到该期目录,
理论探讨,2000,6,no_public_source_found,未在当前已整理数据或本次低频公开检索中找到该期目录,
理论探讨,2001,4,no_public_source_found,未在当前已整理数据或本次低频公开检索中找到该期目录,
理论探讨,2001,5,no_public_source_found,未在当前已整理数据或本次低频公开检索中找到该期目录,
理论探讨,2017,1,no_public_source_found,未在当前已整理数据或本次低频公开检索中找到该期目录,
理论探讨,2017,2,no_public_source_found,未在当前已整理数据或本次低频公开检索中找到该期目录,
理论探讨,2017,3,no_public_source_found,未在当前已整理数据或本次低频公开检索中找到该期目录,
理论探讨,2017,4,no_public_source_found,未在当前已整理数据或本次低频公开检索中找到该期目录,
理论探讨,2018,2,no_public_source_found,未在当前已整理数据或本次低频公开检索中找到该期目录,
理论探讨,2018,3,no_public_source_found,未在当前已整理数据或本次低频公开检索中找到该期目录,
理论探讨,2018,4,no_public_source_found,未在当前已整理数据或本次低频公开检索中找到该期目录,
理论探讨,2018,5,no_public_source_found,未在当前已整理数据或本次低频公开检索中找到该期目录,
理论探讨,2018,6,no_public_source_found,未在当前已整理数据或本次低频公开检索中找到该期目录,
理论探讨,2019,1,no_public_source_found,未在当前已整理数据或本次低频公开检索中找到该期目录,
理论探讨,2019,2,no_public_source_found,未在当前已整理数据或本次低频公开检索中找到该期目录,
理论探讨,2019,3,no_public_source_found,未在当前已整理数据或本次低频公开检索中找到该期目录,
理论探讨,2019,4,no_public_source_found,未在当前已整理数据或本次低频公开检索中找到该期目录,
理论探讨,2019,5,no_public_source_found,未在当前已整理数据或本次低频公开检索中找到该期目录,
理论探讨,2019,6,no_public_source_found,未在当前已整理数据或本次低频公开检索中找到该期目录,
理论探讨,2020,1,no_public_source_found,未在当前已整理数据或本次低频公开检索中找到该期目录,
理论探讨,2020,2,no_public_source_found,未在当前已整理数据或本次低频公开检索中找到该期目录,
理论探讨,2020,3,no_public_source_found,未在当前已整理数据或本次低频公开检索中找到该期目录,
理论探讨,2020,4,no_public_source_found,未在当前已整理数据或本次低频公开检索中找到该期目录,
理论探讨,2020,5,no_public_source_found,未在当前已整理数据或本次低频公开检索中找到该期目录,
理论探讨,2020,6,no_public_source_found,未在当前已整理数据或本次低频公开检索中找到该期目录,
理论探讨,2021,1,no_public_source_found,未在当前已整理数据或本次低频公开检索中找到该期目录,
理论探讨,2021,2,no_public_source_found,未在当前已整理数据或本次低频公开检索中找到该期目录,
理论探讨,2021,3,no_public_source_found,未在当前已整理数据或本次低频公开检索中找到该期目录,
理论探讨,2021,4,no_public_source_found,未在当前已整理数据或本次低频公开检索中找到该期目录,
理论探讨,2021,5,no_public_source_found,未在当前已整理数据或本次低频公开检索中找到该期目录,
理论探讨,2021,6,no_public_source_found,未在当前已整理数据或本次低频公开检索中找到该期目录,
理论探讨,2022,1,no_public_source_found,未在当前已整理数据或本次低频公开检索中找到该期目录,
理论探讨,2022,2,no_public_source_found,未在当前已整理数据或本次低频公开检索中找到该期目录,
理论探讨,2022,3,no_public_source_found,未在当前已整理数据或本次低频公开检索中找到该期目录,
理论探讨,2022,4,no_public_source_found,未在当前已整理数据或本次低频公开检索中找到该期目录,
理论探讨,2022,5,no_public_source_found,未在当前已整理数据或本次低频公开检索中找到该期目录,
理论探讨,2022,6,no_public_source_found,未在当前已整理数据或本次低频公开检索中找到该期目录,
理论探讨,2023,1,no_public_source_found,未在当前已整理数据或本次低频公开检索中找到该期目录,
理论探讨,2023,2,no_public_source_found,未在当前已整理数据或本次低频公开检索中找到该期目录,
理论探讨,2023,3,no_public_source_found,未在当前已整理数据或本次低频公开检索中找到该期目录,
理论探讨,2023,4,no_public_source_found,未在当前已整理数据或本次低频公开检索中找到该期目录,
理论探讨,2023,5,no_public_source_found,未在当前已整理数据或本次低频公开检索中找到该期目录,
理论探讨,2023,6,no_public_source_found,未在当前已整理数据或本次低频公开检索中找到该期目录,
理论探讨,2024,1,no_public_source_found,未在当前已整理数据或本次低频公开检索中找到该期目录,
理论探讨,2024,2,no_public_source_found,未在当前已整理数据或本次低频公开检索中找到该期目录,
理论探讨,2024,3,no_public_source_found,未在当前已整理数据或本次低频公开检索中找到该期目录,
理论探讨,2024,4,no_public_source_found,未在当前已整理数据或本次低频公开检索中找到该期目录,
理论探讨,2024,5,no_public_source_found,未在当前已整理数据或本次低频公开检索中找到该期目录,
理论探讨,2024,6,no_public_source_found,未在当前已整理数据或本次低频公开检索中找到该期目录,
理论探讨,2025,1,no_public_source_found,未在当前已整理数据或本次低频公开检索中找到该期目录,
理论探讨,2025,2,no_public_source_found,未在当前已整理数据或本次低频公开检索中找到该期目录,
理论探讨,2025,3,no_public_source_found,未在当前已整理数据或本次低频公开检索中找到该期目录,
理论探讨,2025,4,no_public_source_found,未在当前已整理数据或本次低频公开检索中找到该期目录,
理论探讨,2025,5,no_public_source_found,未在当前已整理数据或本次低频公开检索中找到该期目录,
理论探讨,2025,6,no_public_source_found,未在当前已整理数据或本次低频公开检索中找到该期目录,
理论探讨,2026,3,issue_found_missing_abstract,已找到题名或目录记录，但暂无公开摘要,https://www.cqvip.com/doc/journal/7203279292
理论探讨,2026,3,issue_found_missing_abstract,已找到题名或目录记录，但暂无公开摘要,https://www.cqvip.com/doc/journal/7203279293
理论探讨,2026,3,issue_found_missing_abstract,已找到题名或目录记录，但暂无公开摘要,https://www.cqvip.com/doc/journal/7203279294
理论探讨,2026,3,issue_found_missing_abstract,已找到题名或目录记录，但暂无公开摘要,https://www.cqvip.com/doc/journal/7203279295
理论探讨,2026,3,issue_found_missing_abstract,已找到题名或目录记录，但暂无公开摘要,https://www.cqvip.com/doc/journal/7203279296
理论探讨,2026,3,issue_found_missing_abstract,已找到题名或目录记录，但暂无公开摘要,https://www.cqvip.com/doc/journal/7203279297
理论探讨,2026,3,issue_found_missing_abstract,已找到题名或目录记录，但暂无公开摘要,https://www.cqvip.com/doc/journal/7203279284
理论探讨,2026,3,issue_found_missing_abstract,已找到题名或目录记录，但暂无公开摘要,https://www.cqvip.com/doc/journal/7203279298
理论探讨,2026,3,issue_found_missing_abstract,已找到题名或目录记录，但暂无公开摘要,https://www.cqvip.com/doc/journal/7203279299
理论探讨,2026,3,issue_found_missing_abstract,已找到题名或目录记录，但暂无公开摘要,https://www.cqvip.com/doc/journal/7203279285
理论探讨,2026,3,issue_found_missing_abstract,已找到题名或目录记录，但暂无公开摘要,https://www.cqvip.com/doc/journal/7203279286
理论探讨,2026,3,issue_found_missing_abstract,已找到题名或目录记录，但暂无公开摘要,https://www.cqvip.com/doc/journal/7203279287
理论探讨,2026,3,issue_found_missing_abstract,已找到题名或目录记录，但暂无公开摘要,https://www.cqvip.com/doc/journal/7203279283
理论探讨,2026,3,issue_found_missing_abstract,已找到题名或目录记录，但暂无公开摘要,https://www.cqvip.com/doc/journal/7203279288
理论探讨,2026,3,issue_found_missing_abstract,已找到题名或目录记录，但暂无公开摘要,https://www.cqvip.com/doc/journal/7203279289
理论探讨,2026,3,issue_found_missing_abstract,已找到题名或目录记录，但暂无公开摘要,https://www.cqvip.com/doc/journal/7203279290
理论探讨,2026,3,issue_found_missing_abstract,已找到题名或目录记录，但暂无公开摘要,https://www.cqvip.com/doc/journal/7203279291
理论学刊,2025,1,no_public_source_found,未在当前已整理数据或本次低频公开检索中找到该期目录,
理论学刊,2025,2,no_public_source_found,未在当前已整理数据或本次低频公开检索中找到该期目录,
理论学刊,2025,3,no_public_source_found,未在当前已整理数据或本次低频公开检索中找到该期目录,
理论学刊,2025,5,no_public_source_found,未在当前已整理数据或本次低频公开检索中找到该期目录,
理论与改革,1988,7,no_public_source_found,未在当前已整理数据或本次低频公开检索中找到该期目录,
理论与改革,1988,8,no_public_source_found,未在当前已整理数据或本次低频公开检索中找到该期目录,
理论与改革,1988,9,no_public_source_found,未在当前已整理数据或本次低频公开检索中找到该期目录,
理论与改革,1988,10,no_public_source_found,未在当前已整理数据或本次低频公开检索中找到该期目录,
理论与改革,1988,11,no_public_source_found,未在当前已整理数据或本次低频公开检索中找到该期目录,
理论与改革,1988,12,no_public_source_found,未在当前已整理数据或本次低频公开检索中找到该期目录,
理论与改革,1989,5,no_public_source_found,未在当前已整理数据或本次低频公开检索中找到该期目录,
理论与改革,1989,7,no_public_source_found,未在当前已整理数据或本次低频公开检索中找到该期目录,
理论与改革,1989,8,no_public_source_found,未在当前已整理数据或本次低频公开检索中找到该期目录,
理论与改革,1989,9,no_public_source_found,未在当前已整理数据或本次低频公开检索中找到该期目录,
理论与改革,1989,10,no_public_source_found,未在当前已整理数据或本次低频公开检索中找到该期目录,
理论与改革,1989,11,no_public_source_found,未在当前已整理数据或本次低频公开检索中找到该期目录,
理论与改革,1989,12,no_public_source_found,未在当前已整理数据或本次低频公开检索中找到该期目录,
理论与改革,1990,7,no_public_source_found,未在当前已整理数据或本次低频公开检索中找到该期目录,
理论与改革,1990,8,no_public_source_found,未在当前已整理数据或本次低频公开检索中找到该期目录,
理论与改革,1990,9,no_public_source_found,未在当前已整理数据或本次低频公开检索中找到该期目录,
理论与改革,1990,10,no_public_source_found,未在当前已整理数据或本次低频公开检索中找到该期目录,
理论与改革,1990,11,no_public_source_found,未在当前已整理数据或本次低频公开检索中找到该期目录,
理论与改革,1990,12,no_public_source_found,未在当前已整理数据或本次低频公开检索中找到该期目录,
理论与改革,1991,7,no_public_source_found,未在当前已整理数据或本次低频公开检索中找到该期目录,
理论与改革,1991,8,no_public_source_found,未在当前已整理数据或本次低频公开检索中找到该期目录,
理论与改革,1991,9,no_public_source_found,未在当前已整理数据或本次低频公开检索中找到该期目录,
理论与改革,1991,10,no_public_source_found,未在当前已整理数据或本次低频公开检索中找到该期目录,
理论与改革,1991,11,no_public_source_found,未在当前已整理数据或本次低频公开检索中找到该期目录,
理论与改革,1991,12,no_public_source_found,未在当前已整理数据或本次低频公开检索中找到该期目录,
理论与改革,1992,1,no_public_source_found,未在当前已整理数据或本次低频公开检索中找到该期目录,
理论与改革,1992,2,no_public_source_found,未在当前已整理数据或本次低频公开检索中找到该期目录,
理论与改革,1992,3,no_public_source_found,未在当前已整理数据或本次低频公开检索中找到该期目录,
理论与改革,1992,5,no_public_source_found,未在当前已整理数据或本次低频公开检索中找到该期目录,
理论与改革,1992,6,no_public_source_found,未在当前已整理数据或本次低频公开检索中找到该期目录,
理论与改革,1992,7,no_public_source_found,未在当前已整理数据或本次低频公开检索中找到该期目录,
理论与改革,1992,8,no_public_source_found,未在当前已整理数据或本次低频公开检索中找到该期目录,
理论与改革,1992,9,no_public_source_found,未在当前已整理数据或本次低频公开检索中找到该期目录,
理论与改革,1992,10,no_public_source_found,未在当前已整理数据或本次低频公开检索中找到该期目录,
理论与改革,1992,11,no_public_source_found,未在当前已整理数据或本次低频公开检索中找到该期目录,
理论与改革,1992,12,no_public_source_found,未在当前已整理数据或本次低频公开检索中找到该期目录,
理论与改革,1993,3,no_public_source_found,未在当前已整理数据或本次低频公开检索中找到该期目录,
理论与改革,1993,5,no_public_source_found,未在当前已整理数据或本次低频公开检索中找到该期目录,
理论与改革,1993,7,no_public_source_found,未在当前已整理数据或本次低频公开检索中找到该期目录,
理论与改革,1993,8,no_public_source_found,未在当前已整理数据或本次低频公开检索中找到该期目录,
理论与改革,1993,9,no_public_source_found,未在当前已整理数据或本次低频公开检索中找到该期目录,
理论与改革,1993,10,no_public_source_found,未在当前已整理数据或本次低频公开检索中找到该期目录,
理论与改革,1993,11,no_public_source_found,未在当前已整理数据或本次低频公开检索中找到该期目录,
理论与改革,1993,12,no_public_source_found,未在当前已整理数据或本次低频公开检索中找到该期目录,
理论与改革,1994,4,no_public_source_found,未在当前已整理数据或本次低频公开检索中找到该期目录,
理论与改革,1994,8,no_public_source_found,未在当前已整理数据或本次低频公开检索中找到该期目录,
理论与改革,1994,12,no_public_source_found,未在当前已整理数据或本次低频公开检索中找到该期目录,
理论与改革,1995,2,no_public_source_found,未在当前已整理数据或本次低频公开检索中找到该期目录,
理论与改革,1995,6,no_public_source_found,未在当前已整理数据或本次低频公开检索中找到该期目录,
理论与改革,1995,11,no_public_source_found,未在当前已整理数据或本次低频公开检索中找到该期目录,
理论与改革,1996,4,no_public_source_found,未在当前已整理数据或本次低频公开检索中找到该期目录,
理论与改革,1996,8,no_public_source_found,未在当前已整理数据或本次低频公开检索中找到该期目录,
理论与改革,1997,2,no_public_source_found,未在当前已整理数据或本次低频公开检索中找到该期目录,
理论与改革,1997,8,no_public_source_found,未在当前已整理数据或本次低频公开检索中找到该期目录,
理论与改革,1998,7,no_public_source_found,未在当前已整理数据或本次低频公开检索中找到该期目录,
理论与改革,1998,8,no_public_source_found,未在当前已整理数据或本次低频公开检索中找到该期目录,
理论与改革,1998,9,no_public_source_found,未在当前已整理数据或本次低频公开检索中找到该期目录,
理论与改革,1998,10,no_public_source_found,未在当前已整理数据或本次低频公开检索中找到该期目录,
理论与改革,1998,11,no_public_source_found,未在当前已整理数据或本次低频公开检索中找到该期目录,
理论与改革,1998,12,no_public_source_found,未在当前已整理数据或本次低频公开检索中找到该期目录,
理论与改革,1999,7,no_public_source_found,未在当前已整理数据或本次低频公开检索中找到该期目录,
理论与改革,1999,8,no_public_source_found,未在当前已整理数据或本次低频公开检索中找到该期目录,
理论与改革,1999,9,no_public_source_found,未在当前已整理数据或本次低频公开检索中找到该期目录,
理论与改革,1999,10,no_public_source_found,未在当前已整理数据或本次低频公开检索中找到该期目录,
理论与改革,1999,11,no_public_source_found,未在当前已整理数据或本次低频公开检索中找到该期目录,
理论与改革,1999,12,no_public_source_found,未在当前已整理数据或本次低频公开检索中找到该期目录,
理论与改革,2000,2,no_public_source_found,未在当前已整理数据或本次低频公开检索中找到该期目录,
理论与改革,2000,4,no_public_source_found,未在当前已整理数据或本次低频公开检索中找到该期目录,
理论与改革,2000,6,no_public_source_found,未在当前已整理数据或本次低频公开检索中找到该期目录,
理论与改革,2000,7,no_public_source_found,未在当前已整理数据或本次低频公开检索中找到该期目录,
理论与改革,2000,8,no_public_source_found,未在当前已整理数据或本次低频公开检索中找到该期目录,
理论与改革,2000,9,no_public_source_found,未在当前已整理数据或本次低频公开检索中找到该期目录,
理论与改革,2000,10,no_public_source_found,未在当前已整理数据或本次低频公开检索中找到该期目录,
理论与改革,2000,11,no_public_source_found,未在当前已整理数据或本次低频公开检索中找到该期目录,
理论与改革,2000,12,no_public_source_found,未在当前已整理数据或本次低频公开检索中找到该期目录,
理论与改革,2001,7,no_public_source_found,未在当前已整理数据或本次低频公开检索中找到该期目录,
理论与改革,2001,8,no_public_source_found,未在当前已整理数据或本次低频公开检索中找到该期目录,
理论与改革,2001,9,no_public_source_found,未在当前已整理数据或本次低频公开检索中找到该期目录,
理论与改革,2001,10,no_public_source_found,未在当前已整理数据或本次低频公开检索中找到该期目录,
理论与改革,2001,11,no_public_source_found,未在当前已整理数据或本次低频公开检索中找到该期目录,
理论与改革,2001,12,no_public_source_found,未在当前已整理数据或本次低频公开检索中找到该期目录,
理论与改革,2002,7,no_public_source_found,未在当前已整理数据或本次低频公开检索中找到该期目录,
理论与改革,2002,8,no_public_source_found,未在当前已整理数据或本次低频公开检索中找到该期目录,
理论与改革,2002,9,no_public_source_found,未在当前已整理数据或本次低频公开检索中找到该期目录,
理论与改革,2002,10,no_public_source_found,未在当前已整理数据或本次低频公开检索中找到该期目录,
理论与改革,2002,11,no_public_source_found,未在当前已整理数据或本次低频公开检索中找到该期目录,
理论与改革,2002,12,no_public_source_found,未在当前已整理数据或本次低频公开检索中找到该期目录,
理论与改革,2003,7,no_public_source_found,未在当前已整理数据或本次低频公开检索中找到该期目录,
理论与改革,2003,8,no_public_source_found,未在当前已整理数据或本次低频公开检索中找到该期目录,
理论与改革,2003,9,no_public_source_found,未在当前已整理数据或本次低频公开检索中找到该期目录,
理论与改革,2003,10,no_public_source_found,未在当前已整理数据或本次低频公开检索中找到该期目录,
理论与改革,2003,11,no_public_source_found,未在当前已整理数据或本次低频公开检索中找到该期目录,
理论与改革,2003,12,no_public_source_found,未在当前已整理数据或本次低频公开检索中找到该期目录,
理论与改革,2004,7,no_public_source_found,未在当前已整理数据或本次低频公开检索中找到该期目录,
理论与改革,2004,8,no_public_source_found,未在当前已整理数据或本次低频公开检索中找到该期目录,
理论与改革,2004,9,no_public_source_found,未在当前已整理数据或本次低频公开检索中找到该期目录,
理论与改革,2004,10,no_public_source_found,未在当前已整理数据或本次低频公开检索中找到该期目录,
理论与改革,2004,11,no_public_source_found,未在当前已整理数据或本次低频公开检索中找到该期目录,
理论与改革,2004,12,no_public_source_found,未在当前已整理数据或本次低频公开检索中找到该期目录,
理论与改革,2005,7,no_public_source_found,未在当前已整理数据或本次低频公开检索中找到该期目录,
理论与改革,2005,8,no_public_source_found,未在当前已整理数据或本次低频公开检索中找到该期目录,
理论与改革,2005,9,no_public_source_found,未在当前已整理数据或本次低频公开检索中找到该期目录,
理论与改革,2005,10,no_public_source_found,未在当前已整理数据或本次低频公开检索中找到该期目录,
理论与改革,2005,11,no_public_source_found,未在当前已整理数据或本次低频公开检索中找到该期目录,
理论与改革,2005,12,no_public_source_found,未在当前已整理数据或本次低频公开检索中找到该期目录,
理论与改革,2006,7,no_public_source_found,未在当前已整理数据或本次低频公开检索中找到该期目录,
理论与改革,2006,8,no_public_source_found,未在当前已整理数据或本次低频公开检索中找到该期目录,
理论与改革,2006,9,no_public_source_found,未在当前已整理数据或本次低频公开检索中找到该期目录,
理论与改革,2006,10,no_public_source_found,未在当前已整理数据或本次低频公开检索中找到该期目录,
理论与改革,2006,11,no_public_source_found,未在当前已整理数据或本次低频公开检索中找到该期目录,
理论与改革,2006,12,no_public_source_found,未在当前已整理数据或本次低频公开检索中找到该期目录,
理论与改革,2007,7,no_public_source_found,未在当前已整理数据或本次低频公开检索中找到该期目录,
理论与改革,2007,8,no_public_source_found,未在当前已整理数据或本次低频公开检索中找到该期目录,
理论与改革,2007,9,no_public_source_found,未在当前已整理数据或本次低频公开检索中找到该期目录,
理论与改革,2007,10,no_public_source_found,未在当前已整理数据或本次低频公开检索中找到该期目录,
理论与改革,2007,11,no_public_source_found,未在当前已整理数据或本次低频公开检索中找到该期目录,
理论与改革,2007,12,no_public_source_found,未在当前已整理数据或本次低频公开检索中找到该期目录,
理论与改革,2008,7,no_public_source_found,未在当前已整理数据或本次低频公开检索中找到该期目录,
理论与改革,2008,8,no_public_source_found,未在当前已整理数据或本次低频公开检索中找到该期目录,
理论与改革,2008,9,no_public_source_found,未在当前已整理数据或本次低频公开检索中找到该期目录,
理论与改革,2008,10,no_public_source_found,未在当前已整理数据或本次低频公开检索中找到该期目录,
理论与改革,2008,11,no_public_source_found,未在当前已整理数据或本次低频公开检索中找到该期目录,
理论与改革,2008,12,no_public_source_found,未在当前已整理数据或本次低频公开检索中找到该期目录,
理论与改革,2009,7,no_public_source_found,未在当前已整理数据或本次低频公开检索中找到该期目录,
理论与改革,2009,8,no_public_source_found,未在当前已整理数据或本次低频公开检索中找到该期目录,
理论与改革,2009,9,no_public_source_found,未在当前已整理数据或本次低频公开检索中找到该期目录,
理论与改革,2009,10,no_public_source_found,未在当前已整理数据或本次低频公开检索中找到该期目录,
理论与改革,2009,11,no_public_source_found,未在当前已整理数据或本次低频公开检索中找到该期目录,
理论与改革,2009,12,no_public_source_found,未在当前已整理数据或本次低频公开检索中找到该期目录,
理论与改革,2010,7,no_public_source_found,未在当前已整理数据或本次低频公开检索中找到该期目录,
理论与改革,2010,8,no_public_source_found,未在当前已整理数据或本次低频公开检索中找到该期目录,
理论与改革,2010,9,no_public_source_found,未在当前已整理数据或本次低频公开检索中找到该期目录,
理论与改革,2010,10,no_public_source_found,未在当前已整理数据或本次低频公开检索中找到该期目录,
理论与改革,2010,11,no_public_source_found,未在当前已整理数据或本次低频公开检索中找到该期目录,
理论与改革,2010,12,no_public_source_found,未在当前已整理数据或本次低频公开检索中找到该期目录,
理论与改革,2011,7,no_public_source_found,未在当前已整理数据或本次低频公开检索中找到该期目录,
理论与改革,2011,8,no_public_source_found,未在当前已整理数据或本次低频公开检索中找到该期目录,
理论与改革,2011,9,no_public_source_found,未在当前已整理数据或本次低频公开检索中找到该期目录,
理论与改革,2011,10,no_public_source_found,未在当前已整理数据或本次低频公开检索中找到该期目录,
理论与改革,2011,11,no_public_source_found,未在当前已整理数据或本次低频公开检索中找到该期目录,
理论与改革,2011,12,no_public_source_found,未在当前已整理数据或本次低频公开检索中找到该期目录,
理论与改革,2012,7,no_public_source_found,未在当前已整理数据或本次低频公开检索中找到该期目录,
理论与改革,2012,8,no_public_source_found,未在当前已整理数据或本次低频公开检索中找到该期目录,
理论与改革,2012,9,no_public_source_found,未在当前已整理数据或本次低频公开检索中找到该期目录,
理论与改革,2012,10,no_public_source_found,未在当前已整理数据或本次低频公开检索中找到该期目录,
理论与改革,2012,11,no_public_source_found,未在当前已整理数据或本次低频公开检索中找到该期目录,
理论与改革,2012,12,no_public_source_found,未在当前已整理数据或本次低频公开检索中找到该期目录,
理论与改革,2013,7,no_public_source_found,未在当前已整理数据或本次低频公开检索中找到该期目录,
理论与改革,2013,8,no_public_source_found,未在当前已整理数据或本次低频公开检索中找到该期目录,
理论与改革,2013,9,no_public_source_found,未在当前已整理数据或本次低频公开检索中找到该期目录,
理论与改革,2013,10,no_public_source_found,未在当前已整理数据或本次低频公开检索中找到该期目录,
理论与改革,2013,11,no_public_source_found,未在当前已整理数据或本次低频公开检索中找到该期目录,
理论与改革,2013,12,no_public_source_found,未在当前已整理数据或本次低频公开检索中找到该期目录,
理论与改革,2014,7,no_public_source_found,未在当前已整理数据或本次低频公开检索中找到该期目录,
理论与改革,2014,8,no_public_source_found,未在当前已整理数据或本次低频公开检索中找到该期目录,
理论与改革,2014,9,no_public_source_found,未在当前已整理数据或本次低频公开检索中找到该期目录,
理论与改革,2014,10,no_public_source_found,未在当前已整理数据或本次低频公开检索中找到该期目录,
理论与改革,2014,11,no_public_source_found,未在当前已整理数据或本次低频公开检索中找到该期目录,
理论与改革,2014,12,no_public_source_found,未在当前已整理数据或本次低频公开检索中找到该期目录,
理论与改革,2015,7,no_public_source_found,未在当前已整理数据或本次低频公开检索中找到该期目录,
理论与改革,2015,8,no_public_source_found,未在当前已整理数据或本次低频公开检索中找到该期目录,
理论与改革,2015,9,no_public_source_found,未在当前已整理数据或本次低频公开检索中找到该期目录,
理论与改革,2015,10,no_public_source_found,未在当前已整理数据或本次低频公开检索中找到该期目录,
理论与改革,2015,11,no_public_source_found,未在当前已整理数据或本次低频公开检索中找到该期目录,
理论与改革,2015,12,no_public_source_found,未在当前已整理数据或本次低频公开检索中找到该期目录,
理论与改革,2016,6,no_public_source_found,未在当前已整理数据或本次低频公开检索中找到该期目录,
理论与改革,2016,7,no_public_source_found,未在当前已整理数据或本次低频公开检索中找到该期目录,
理论与改革,2016,8,no_public_source_found,未在当前已整理数据或本次低频公开检索中找到该期目录,
理论与改革,2016,9,no_public_source_found,未在当前已整理数据或本次低频公开检索中找到该期目录,
理论与改革,2016,10,no_public_source_found,未在当前已整理数据或本次低频公开检索中找到该期目录,
理论与改革,2016,11,no_public_source_found,未在当前已整理数据或本次低频公开检索中找到该期目录,
理论与改革,2016,12,no_public_source_found,未在当前已整理数据或本次低频公开检索中找到该期目录,
理论与改革,2017,3,no_public_source_found,未在当前已整理数据或本次低频公开检索中找到该期目录,
理论与改革,2017,4,no_public_source_found,未在当前已整理数据或本次低频公开检索中找到该期目录,
理论与改革,2017,7,no_public_source_found,未在当前已整理数据或本次低频公开检索中找到该期目录,
理论与改革,2017,8,no_public_source_found,未在当前已整理数据或本次低频公开检索中找到该期目录,
理论与改革,2017,9,no_public_source_found,未在当前已整理数据或本次低频公开检索中找到该期目录,
理论与改革,2017,10,no_public_source_found,未在当前已整理数据或本次低频公开检索中找到该期目录,
理论与改革,2017,11,no_public_source_found,未在当前已整理数据或本次低频公开检索中找到该期目录,
理论与改革,2017,12,no_public_source_found,未在当前已整理数据或本次低频公开检索中找到该期目录,
理论与改革,2018,1,no_public_source_found,未在当前已整理数据或本次低频公开检索中找到该期目录,
理论与改革,2018,3,no_public_source_found,未在当前已整理数据或本次低频公开检索中找到该期目录,
理论与改革,2018,4,no_public_source_found,未在当前已整理数据或本次低频公开检索中找到该期目录,
理论与改革,2018,5,no_public_source_found,未在当前已整理数据或本次低频公开检索中找到该期目录,
理论与改革,2018,6,no_public_source_found,未在当前已整理数据或本次低频公开检索中找到该期目录,
理论与改革,2018,7,no_public_source_found,未在当前已整理数据或本次低频公开检索中找到该期目录,
理论与改革,2018,8,no_public_source_found,未在当前已整理数据或本次低频公开检索中找到该期目录,
理论与改革,2018,9,no_public_source_found,未在当前已整理数据或本次低频公开检索中找到该期目录,
理论与改革,2018,10,no_public_source_found,未在当前已整理数据或本次低频公开检索中找到该期目录,
理论与改革,2018,11,no_public_source_found,未在当前已整理数据或本次低频公开检索中找到该期目录,
理论与改革,2018,12,no_public_source_found,未在当前已整理数据或本次低频公开检索中找到该期目录,
理论与改革,2019,1,no_public_source_found,未在当前已整理数据或本次低频公开检索中找到该期目录,
理论与改革,2019,2,no_public_source_found,未在当前已整理数据或本次低频公开检索中找到该期目录,
理论与改革,2019,3,no_public_source_found,未在当前已整理数据或本次低频公开检索中找到该期目录,
理论与改革,2019,4,no_public_source_found,未在当前已整理数据或本次低频公开检索中找到该期目录,
理论与改革,2019,5,no_public_source_found,未在当前已整理数据或本次低频公开检索中找到该期目录,
理论与改革,2019,6,no_public_source_found,未在当前已整理数据或本次低频公开检索中找到该期目录,
理论与改革,2019,7,no_public_source_found,未在当前已整理数据或本次低频公开检索中找到该期目录,
理论与改革,2019,8,no_public_source_found,未在当前已整理数据或本次低频公开检索中找到该期目录,
理论与改革,2019,9,no_public_source_found,未在当前已整理数据或本次低频公开检索中找到该期目录,
理论与改革,2019,10,no_public_source_found,未在当前已整理数据或本次低频公开检索中找到该期目录,
理论与改革,2019,11,no_public_source_found,未在当前已整理数据或本次低频公开检索中找到该期目录,
理论与改革,2019,12,no_public_source_found,未在当前已整理数据或本次低频公开检索中找到该期目录,
理论与改革,2020,1,no_public_source_found,未在当前已整理数据或本次低频公开检索中找到该期目录,
理论与改革,2020,2,no_public_source_found,未在当前已整理数据或本次低频公开检索中找到该期目录,
理论与改革,2020,3,no_public_source_found,未在当前已整理数据或本次低频公开检索中找到该期目录,
理论与改革,2020,4,no_public_source_found,未在当前已整理数据或本次低频公开检索中找到该期目录,
理论与改革,2020,5,no_public_source_found,未在当前已整理数据或本次低频公开检索中找到该期目录,
理论与改革,2020,6,no_public_source_found,未在当前已整理数据或本次低频公开检索中找到该期目录,
理论与改革,2020,7,no_public_source_found,未在当前已整理数据或本次低频公开检索中找到该期目录,
理论与改革,2020,8,no_public_source_found,未在当前已整理数据或本次低频公开检索中找到该期目录,
理论与改革,2020,9,no_public_source_found,未在当前已整理数据或本次低频公开检索中找到该期目录,
理论与改革,2020,10,no_public_source_found,未在当前已整理数据或本次低频公开检索中找到该期目录,
理论与改革,2020,11,no_public_source_found,未在当前已整理数据或本次低频公开检索中找到该期目录,
理论与改革,2020,12,no_public_source_found,未在当前已整理数据或本次低频公开检索中找到该期目录,
理论与改革,2021,1,no_public_source_found,未在当前已整理数据或本次低频公开检索中找到该期目录,
理论与改革,2021,2,no_public_source_found,未在当前已整理数据或本次低频公开检索中找到该期目录,
理论与改革,2021,3,no_public_source_found,未在当前已整理数据或本次低频公开检索中找到该期目录,
理论与改革,2021,4,no_public_source_found,未在当前已整理数据或本次低频公开检索中找到该期目录,
理论与改革,2021,5,no_public_source_found,未在当前已整理数据或本次低频公开检索中找到该期目录,
理论与改革,2021,6,no_public_source_found,未在当前已整理数据或本次低频公开检索中找到该期目录,
理论与改革,2021,7,no_public_source_found,未在当前已整理数据或本次低频公开检索中找到该期目录,
理论与改革,2021,8,no_public_source_found,未在当前已整理数据或本次低频公开检索中找到该期目录,
理论与改革,2021,9,no_public_source_found,未在当前已整理数据或本次低频公开检索中找到该期目录,
理论与改革,2021,10,no_public_source_found,未在当前已整理数据或本次低频公开检索中找到该期目录,
理论与改革,2021,11,no_public_source_found,未在当前已整理数据或本次低频公开检索中找到该期目录,
理论与改革,2021,12,no_public_source_found,未在当前已整理数据或本次低频公开检索中找到该期目录,
理论与改革,2022,1,no_public_source_found,未在当前已整理数据或本次低频公开检索中找到该期目录,
理论与改革,2022,2,no_public_source_found,未在当前已整理数据或本次低频公开检索中找到该期目录,
理论与改革,2022,3,no_public_source_found,未在当前已整理数据或本次低频公开检索中找到该期目录,
理论与改革,2022,4,no_public_source_found,未在当前已整理数据或本次低频公开检索中找到该期目录,
理论与改革,2022,5,no_public_source_found,未在当前已整理数据或本次低频公开检索中找到该期目录,
理论与改革,2022,6,no_public_source_found,未在当前已整理数据或本次低频公开检索中找到该期目录,
理论与改革,2022,7,no_public_source_found,未在当前已整理数据或本次低频公开检索中找到该期目录,
理论与改革,2022,8,no_public_source_found,未在当前已整理数据或本次低频公开检索中找到该期目录,
理论与改革,2022,9,no_public_source_found,未在当前已整理数据或本次低频公开检索中找到该期目录,
理论与改革,2022,10,no_public_source_found,未在当前已整理数据或本次低频公开检索中找到该期目录,
理论与改革,2022,11,no_public_source_found,未在当前已整理数据或本次低频公开检索中找到该期目录,
理论与改革,2022,12,no_public_source_found,未在当前已整理数据或本次低频公开检索中找到该期目录,
理论与改革,2023,1,no_public_source_found,未在当前已整理数据或本次低频公开检索中找到该期目录,
理论与改革,2023,2,no_public_source_found,未在当前已整理数据或本次低频公开检索中找到该期目录,
理论与改革,2023,3,no_public_source_found,未在当前已整理数据或本次低频公开检索中找到该期目录,
理论与改革,2023,4,no_public_source_found,未在当前已整理数据或本次低频公开检索中找到该期目录,
理论与改革,2023,5,no_public_source_found,未在当前已整理数据或本次低频公开检索中找到该期目录,
理论与改革,2023,6,no_public_source_found,未在当前已整理数据或本次低频公开检索中找到该期目录,
理论与改革,2023,7,no_public_source_found,未在当前已整理数据或本次低频公开检索中找到该期目录,
理论与改革,2023,8,no_public_source_found,未在当前已整理数据或本次低频公开检索中找到该期目录,
理论与改革,2023,9,no_public_source_found,未在当前已整理数据或本次低频公开检索中找到该期目录,
理论与改革,2023,10,no_public_source_found,未在当前已整理数据或本次低频公开检索中找到该期目录,
理论与改革,2023,11,no_public_source_found,未在当前已整理数据或本次低频公开检索中找到该期目录,
理论与改革,2023,12,no_public_source_found,未在当前已整理数据或本次低频公开检索中找到该期目录,
理论与改革,2024,1,no_public_source_found,未在当前已整理数据或本次低频公开检索中找到该期目录,
理论与改革,2024,2,no_public_source_found,未在当前已整理数据或本次低频公开检索中找到该期目录,
理论与改革,2024,3,no_public_source_found,未在当前已整理数据或本次低频公开检索中找到该期目录,
理论与改革,2024,4,no_public_source_found,未在当前已整理数据或本次低频公开检索中找到该期目录,
理论与改革,2024,5,no_public_source_found,未在当前已整理数据或本次低频公开检索中找到该期目录,
理论与改革,2024,6,no_public_source_found,未在当前已整理数据或本次低频公开检索中找到该期目录,
理论与改革,2024,7,no_public_source_found,未在当前已整理数据或本次低频公开检索中找到该期目录,
理论与改革,2024,8,no_public_source_found,未在当前已整理数据或本次低频公开检索中找到该期目录,
理论与改革,2024,9,no_public_source_found,未在当前已整理数据或本次低频公开检索中找到该期目录,
理论与改革,2024,10,no_public_source_found,未在当前已整理数据或本次低频公开检索中找到该期目录,
理论与改革,2024,11,no_public_source_found,未在当前已整理数据或本次低频公开检索中找到该期目录,
理论与改革,2024,12,no_public_source_found,未在当前已整理数据或本次低频公开检索中找到该期目录,
理论与改革,2025,1,no_public_source_found,未在当前已整理数据或本次低频公开检索中找到该期目录,
理论与改革,2025,2,no_public_source_found,未在当前已整理数据或本次低频公开检索中找到该期目录,
理论与改革,2025,3,no_public_source_found,未在当前已整理数据或本次低频公开检索中找到该期目录,
理论与改革,2025,4,no_public_source_found,未在当前已整理数据或本次低频公开检索中找到该期目录,
理论与改革,2025,5,no_public_source_found,未在当前已整理数据或本次低频公开检索中找到该期目录,
理论与改革,2025,6,no_public_source_found,未在当前已整理数据或本次低频公开检索中找到该期目录,
理论与改革,2025,7,no_public_source_found,未在当前已整理数据或本次低频公开检索中找到该期目录,
理论与改革,2025,8,no_public_source_found,未在当前已整理数据或本次低频公开检索中找到该期目录,
理论与改革,2025,9,no_public_source_found,未在当前已整理数据或本次低频公开检索中找到该期目录,
理论与改革,2025,10,no_public_source_found,未在当前已整理数据或本次低频公开检索中找到该期目录,
理论与改革,2025,11,no_public_source_found,未在当前已整理数据或本次低频公开检索中找到该期目录,
理论与改革,2025,12,no_public_source_found,未在当前已整理数据或本次低频公开检索中找到该期目录,
理论与改革,2026,2,issue_found_missing_abstract,已找到题名或目录记录，但暂无公开摘要,https://www.cqvip.com/doc/journal/7202701617
理论与改革,2026,2,issue_found_missing_abstract,已找到题名或目录记录，但暂无公开摘要,https://www.cqvip.com/doc/journal/7202701625
理论与改革,2026,2,issue_found_missing_abstract,已找到题名或目录记录，但暂无公开摘要,https://www.cqvip.com/doc/journal/7202701626
理论与改革,2026,2,issue_found_missing_abstract,已找到题名或目录记录，但暂无公开摘要,https://www.cqvip.com/doc/journal/7202701618
理论与改革,2026,2,issue_found_missing_abstract,已找到题名或目录记录，但暂无公开摘要,https://www.cqvip.com/doc/journal/7202701627
理论与改革,2026,2,issue_found_missing_abstract,已找到题名或目录记录，但暂无公开摘要,https://www.cqvip.com/doc/journal/7202701628
理论与改革,2026,2,issue_found_missing_abstract,已找到题名或目录记录，但暂无公开摘要,https://www.cqvip.com/doc/journal/7202701619
理论与改革,2026,2,issue_found_missing_abstract,已找到题名或目录记录，但暂无公开摘要,https://www.cqvip.com/doc/journal/7202701620
理论与改革,2026,2,issue_found_missing_abstract,已找到题名或目录记录，但暂无公开摘要,https://www.cqvip.com/doc/journal/7202701621
理论与改革,2026,2,issue_found_missing_abstract,已找到题名或目录记录，但暂无公开摘要,https://www.cqvip.com/doc/journal/7202701622
理论与改革,2026,2,issue_found_missing_abstract,已找到题名或目录记录，但暂无公开摘要,https://www.cqvip.com/doc/journal/7202701623
理论与改革,2026,2,issue_found_missing_abstract,已找到题名或目录记录，但暂无公开摘要,https://www.cqvip.com/doc/journal/7202701624
理论与改革,2026,2,issue_found_missing_abstract,已找到题名或目录记录，但暂无公开摘要,https://www.cqvip.com/doc/journal/7202701615
理论与改革,2026,2,found_title_missing_metadata,已找到题名，但作者、页码或链接字段仍不完整,https://www.cqvip.com/doc/journal/7202701615
理论与改革,2026,2,issue_found_missing_abstract,已找到题名或目录记录，但暂无公开摘要,https://www.cqvip.com/doc/journal/7202701629
理论与改革,2026,2,found_title_missing_metadata,已找到题名，但作者、页码或链接字段仍不完整,https://www.cqvip.com/doc/journal/7202701629
理论与改革,2026,2,issue_found_missing_abstract,已找到题名或目录记录，但暂无公开摘要,https://www.cqvip.com/doc/journal/7202701616
理论与改革,2026,2,found_title_missing_metadata,已找到题名，但作者、页码或链接字段仍不完整,https://www.cqvip.com/doc/journal/7202701616
求实,1980,6,no_public_source_found,未在当前已整理数据或本次低频公开检索中找到该期目录,
求实,1980,7,no_public_source_found,未在当前已整理数据或本次低频公开检索中找到该期目录,
求实,1980,8,no_public_source_found,未在当前已整理数据或本次低频公开检索中找到该期目录,
求实,1980,9,no_public_source_found,未在当前已整理数据或本次低频公开检索中找到该期目录,
求实,1980,11,no_public_source_found,未在当前已整理数据或本次低频公开检索中找到该期目录,
求实,1981,2,no_public_source_found,未在当前已整理数据或本次低频公开检索中找到该期目录,
求实,1981,5,no_public_source_found,未在当前已整理数据或本次低频公开检索中找到该期目录,
求实,1981,6,no_public_source_found,未在当前已整理数据或本次低频公开检索中找到该期目录,
求实,1981,8,no_public_source_found,未在当前已整理数据或本次低频公开检索中找到该期目录,
求实,1981,9,no_public_source_found,未在当前已整理数据或本次低频公开检索中找到该期目录,
求实,1982,3,no_public_source_found,未在当前已整理数据或本次低频公开检索中找到该期目录,
求实,1982,4,no_public_source_found,未在当前已整理数据或本次低频公开检索中找到该期目录,
求实,1982,6,no_public_source_found,未在当前已整理数据或本次低频公开检索中找到该期目录,
求实,1982,9,no_public_source_found,未在当前已整理数据或本次低频公开检索中找到该期目录,
求实,1982,10,no_public_source_found,未在当前已整理数据或本次低频公开检索中找到该期目录,
求实,1983,5,no_public_source_found,未在当前已整理数据或本次低频公开检索中找到该期目录,
求实,1983,11,no_public_source_found,未在当前已整理数据或本次低频公开检索中找到该期目录,
求实,1984,3,no_public_source_found,未在当前已整理数据或本次低频公开检索中找到该期目录,
求实,1984,8,no_public_source_found,未在当前已整理数据或本次低频公开检索中找到该期目录,
求实,1984,9,no_public_source_found,未在当前已整理数据或本次低频公开检索中找到该期目录,
求实,1985,7,no_public_source_found,未在当前已整理数据或本次低频公开检索中找到该期目录,
求实,1985,8,no_public_source_found,未在当前已整理数据或本次低频公开检索中找到该期目录,
求实,1985,9,no_public_source_found,未在当前已整理数据或本次低频公开检索中找到该期目录,
求实,1985,10,no_public_source_found,未在当前已整理数据或本次低频公开检索中找到该期目录,
求实,1985,11,no_public_source_found,未在当前已整理数据或本次低频公开检索中找到该期目录,
求实,1985,12,no_public_source_found,未在当前已整理数据或本次低频公开检索中找到该期目录,
求实,1986,3,no_public_source_found,未在当前已整理数据或本次低频公开检索中找到该期目录,
求实,1986,7,no_public_source_found,未在当前已整理数据或本次低频公开检索中找到该期目录,
求实,1986,8,no_public_source_found,未在当前已整理数据或本次低频公开检索中找到该期目录,
求实,1986,9,no_public_source_found,未在当前已整理数据或本次低频公开检索中找到该期目录,
求实,1986,10,no_public_source_found,未在当前已整理数据或本次低频公开检索中找到该期目录,
求实,1986,11,no_public_source_found,未在当前已整理数据或本次低频公开检索中找到该期目录,
求实,1986,12,no_public_source_found,未在当前已整理数据或本次低频公开检索中找到该期目录,
求实,1987,4,no_public_source_found,未在当前已整理数据或本次低频公开检索中找到该期目录,
求实,1987,7,no_public_source_found,未在当前已整理数据或本次低频公开检索中找到该期目录,
求实,1987,8,no_public_source_found,未在当前已整理数据或本次低频公开检索中找到该期目录,
求实,1987,9,no_public_source_found,未在当前已整理数据或本次低频公开检索中找到该期目录,
求实,1987,10,no_public_source_found,未在当前已整理数据或本次低频公开检索中找到该期目录,
求实,1987,11,no_public_source_found,未在当前已整理数据或本次低频公开检索中找到该期目录,
求实,1987,12,no_public_source_found,未在当前已整理数据或本次低频公开检索中找到该期目录,
求实,1988,6,no_public_source_found,未在当前已整理数据或本次低频公开检索中找到该期目录,
求实,1988,7,no_public_source_found,未在当前已整理数据或本次低频公开检索中找到该期目录,
求实,1988,8,no_public_source_found,未在当前已整理数据或本次低频公开检索中找到该期目录,
求实,1988,9,no_public_source_found,未在当前已整理数据或本次低频公开检索中找到该期目录,
求实,1988,10,no_public_source_found,未在当前已整理数据或本次低频公开检索中找到该期目录,
求实,1989,6,no_public_source_found,未在当前已整理数据或本次低频公开检索中找到该期目录,
求实,1990,7,no_public_source_found,未在当前已整理数据或本次低频公开检索中找到该期目录,
求实,1991,8,no_public_source_found,未在当前已整理数据或本次低频公开检索中找到该期目录,
求实,1991,9,no_public_source_found,未在当前已整理数据或本次低频公开检索中找到该期目录,
求实,1991,12,no_public_source_found,未在当前已整理数据或本次低频公开检索中找到该期目录,
求实,1992,2,no_public_source_found,未在当前已整理数据或本次低频公开检索中找到该期目录,
求实,1992,5,no_public_source_found,未在当前已整理数据或本次低频公开检索中找到该期目录,
求实,1992,11,no_public_source_found,未在当前已整理数据或本次低频公开检索中找到该期目录,
求实,1992,12,no_public_source_found,未在当前已整理数据或本次低频公开检索中找到该期目录,
求实,1993,1,no_public_source_found,未在当前已整理数据或本次低频公开检索中找到该期目录,
求实,1993,3,no_public_source_found,未在当前已整理数据或本次低频公开检索中找到该期目录,
求实,1993,4,no_public_source_found,未在当前已整理数据或本次低频公开检索中找到该期目录,
求实,1993,10,no_public_source_found,未在当前已整理数据或本次低频公开检索中找到该期目录,
求实,1994,11,no_public_source_found,未在当前已整理数据或本次低频公开检索中找到该期目录,
求实,1995,2,no_public_source_found,未在当前已整理数据或本次低频公开检索中找到该期目录,
求实,1995,11,no_public_source_found,未在当前已整理数据或本次低频公开检索中找到该期目录,
求实,1997,2,no_public_source_found,未在当前已整理数据或本次低频公开检索中找到该期目录,
求实,1997,3,no_public_source_found,未在当前已整理数据或本次低频公开检索中找到该期目录,
求实,1998,8,no_public_source_found,未在当前已整理数据或本次低频公开检索中找到该期目录,
求实,2000,1,no_public_source_found,未在当前已整理数据或本次低频公开检索中找到该期目录,
求实,2000,3,no_public_source_found,未在当前已整理数据或本次低频公开检索中找到该期目录,
求实,2000,4,no_public_source_found,未在当前已整理数据或本次低频公开检索中找到该期目录,
求实,2000,7,no_public_source_found,未在当前已整理数据或本次低频公开检索中找到该期目录,
求实,2001,3,no_public_source_found,未在当前已整理数据或本次低频公开检索中找到该期目录,
求实,2001,4,no_public_source_found,未在当前已整理数据或本次低频公开检索中找到该期目录,
求实,2001,11,no_public_source_found,未在当前已整理数据或本次低频公开检索中找到该期目录,
求实,2003,2,no_public_source_found,未在当前已整理数据或本次低频公开检索中找到该期目录,
求实,2003,6,no_public_source_found,未在当前已整理数据或本次低频公开检索中找到该期目录,
求实,2005,4,no_public_source_found,未在当前已整理数据或本次低频公开检索中找到该期目录,
求实,2005,6,no_public_source_found,未在当前已整理数据或本次低频公开检索中找到该期目录,
求实,2006,2,no_public_source_found,未在当前已整理数据或本次低频公开检索中找到该期目录,
求实,2006,10,no_public_source_found,未在当前已整理数据或本次低频公开检索中找到该期目录,
求实,2007,2,no_public_source_found,未在当前已整理数据或本次低频公开检索中找到该期目录,
求实,2008,3,no_public_source_found,未在当前已整理数据或本次低频公开检索中找到该期目录,
求实,2009,3,no_public_source_found,未在当前已整理数据或本次低频公开检索中找到该期目录,
求实,2009,6,no_public_source_found,未在当前已整理数据或本次低频公开检索中找到该期目录,
求实,2009,12,no_public_source_found,未在当前已整理数据或本次低频公开检索中找到该期目录,
求实,2010,7,no_public_source_found,未在当前已整理数据或本次低频公开检索中找到该期目录,
求实,2010,11,no_public_source_found,未在当前已整理数据或本次低频公开检索中找到该期目录,
求实,2012,10,no_public_source_found,未在当前已整理数据或本次低频公开检索中找到该期目录,
求实,2013,3,no_public_source_found,未在当前已整理数据或本次低频公开检索中找到该期目录,
求实,2013,9,no_public_source_found,未在当前已整理数据或本次低频公开检索中找到该期目录,
求实,2014,11,no_public_source_found,未在当前已整理数据或本次低频公开检索中找到该期目录,
求实,2014,12,no_public_source_found,未在当前已整理数据或本次低频公开检索中找到该期目录,
求实,2015,6,no_public_source_found,未在当前已整理数据或本次低频公开检索中找到该期目录,
求实,2015,12,no_public_source_found,未在当前已整理数据或本次低频公开检索中找到该期目录,
求实,2016,9,no_public_source_found,未在当前已整理数据或本次低频公开检索中找到该期目录,
求实,2016,10,no_public_source_found,未在当前已整理数据或本次低频公开检索中找到该期目录,
求实,2016,11,no_public_source_found,未在当前已整理数据或本次低频公开检索中找到该期目录,
求实,2016,12,no_public_source_found,未在当前已整理数据或本次低频公开检索中找到该期目录,
求实,2017,1,no_public_source_found,未在当前已整理数据或本次低频公开检索中找到该期目录,
求实,2017,4,no_public_source_found,未在当前已整理数据或本次低频公开检索中找到该期目录,
求实,2017,5,no_public_source_found,未在当前已整理数据或本次低频公开检索中找到该期目录,
求实,2017,7,no_public_source_found,未在当前已整理数据或本次低频公开检索中找到该期目录,
求实,2017,8,no_public_source_found,未在当前已整理数据或本次低频公开检索中找到该期目录,
求实,2017,10,no_public_source_found,未在当前已整理数据或本次低频公开检索中找到该期目录,
求实,2017,11,no_public_source_found,未在当前已整理数据或本次低频公开检索中找到该期目录,
求实,2018,2,no_public_source_found,未在当前已整理数据或本次低频公开检索中找到该期目录,
求实,2018,3,no_public_source_found,未在当前已整理数据或本次低频公开检索中找到该期目录,
求实,2018,4,no_public_source_found,未在当前已整理数据或本次低频公开检索中找到该期目录,
求实,2018,5,no_public_source_found,未在当前已整理数据或本次低频公开检索中找到该期目录,
求实,2018,6,no_public_source_found,未在当前已整理数据或本次低频公开检索中找到该期目录,
求实,2018,7,no_public_source_found,未在当前已整理数据或本次低频公开检索中找到该期目录,
求实,2018,8,no_public_source_found,未在当前已整理数据或本次低频公开检索中找到该期目录,
求实,2018,9,no_public_source_found,未在当前已整理数据或本次低频公开检索中找到该期目录,
求实,2018,10,no_public_source_found,未在当前已整理数据或本次低频公开检索中找到该期目录,
求实,2018,11,no_public_source_found,未在当前已整理数据或本次低频公开检索中找到该期目录,
求实,2018,12,no_public_source_found,未在当前已整理数据或本次低频公开检索中找到该期目录,
求实,2019,2,no_public_source_found,未在当前已整理数据或本次低频公开检索中找到该期目录,
求实,2019,4,no_public_source_found,未在当前已整理数据或本次低频公开检索中找到该期目录,
求实,2019,6,no_public_source_found,未在当前已整理数据或本次低频公开检索中找到该期目录,
求实,2019,7,no_public_source_found,未在当前已整理数据或本次低频公开检索中找到该期目录,
求实,2019,8,no_public_source_found,未在当前已整理数据或本次低频公开检索中找到该期目录,
求实,2019,9,no_public_source_found,未在当前已整理数据或本次低频公开检索中找到该期目录,
求实,2019,10,no_public_source_found,未在当前已整理数据或本次低频公开检索中找到该期目录,
求实,2019,11,no_public_source_found,未在当前已整理数据或本次低频公开检索中找到该期目录,
求实,2019,12,no_public_source_found,未在当前已整理数据或本次低频公开检索中找到该期目录,
求实,2020,1,no_public_source_found,未在当前已整理数据或本次低频公开检索中找到该期目录,
求实,2020,3,no_public_source_found,未在当前已整理数据或本次低频公开检索中找到该期目录,
求实,2020,4,no_public_source_found,未在当前已整理数据或本次低频公开检索中找到该期目录,
求实,2020,5,no_public_source_found,未在当前已整理数据或本次低频公开检索中找到该期目录,
求实,2020,6,no_public_source_found,未在当前已整理数据或本次低频公开检索中找到该期目录,
求实,2020,7,no_public_source_found,未在当前已整理数据或本次低频公开检索中找到该期目录,
求实,2020,8,no_public_source_found,未在当前已整理数据或本次低频公开检索中找到该期目录,
求实,2020,9,no_public_source_found,未在当前已整理数据或本次低频公开检索中找到该期目录,
求实,2020,10,no_public_source_found,未在当前已整理数据或本次低频公开检索中找到该期目录,
求实,2020,11,no_public_source_found,未在当前已整理数据或本次低频公开检索中找到该期目录,
求实,2020,12,no_public_source_found,未在当前已整理数据或本次低频公开检索中找到该期目录,
求实,2021,1,no_public_source_found,未在当前已整理数据或本次低频公开检索中找到该期目录,
求实,2021,2,no_public_source_found,未在当前已整理数据或本次低频公开检索中找到该期目录,
求实,2021,3,no_public_source_found,未在当前已整理数据或本次低频公开检索中找到该期目录,
求实,2021,4,no_public_source_found,未在当前已整理数据或本次低频公开检索中找到该期目录,
求实,2021,5,no_public_source_found,未在当前已整理数据或本次低频公开检索中找到该期目录,
求实,2021,6,no_public_source_found,未在当前已整理数据或本次低频公开检索中找到该期目录,
求实,2021,7,no_public_source_found,未在当前已整理数据或本次低频公开检索中找到该期目录,
求实,2021,8,no_public_source_found,未在当前已整理数据或本次低频公开检索中找到该期目录,
求实,2021,9,no_public_source_found,未在当前已整理数据或本次低频公开检索中找到该期目录,
求实,2021,10,no_public_source_found,未在当前已整理数据或本次低频公开检索中找到该期目录,
求实,2021,11,no_public_source_found,未在当前已整理数据或本次低频公开检索中找到该期目录,
求实,2021,12,no_public_source_found,未在当前已整理数据或本次低频公开检索中找到该期目录,
求实,2022,1,no_public_source_found,未在当前已整理数据或本次低频公开检索中找到该期目录,
求实,2022,2,no_public_source_found,未在当前已整理数据或本次低频公开检索中找到该期目录,
求实,2022,3,no_public_source_found,未在当前已整理数据或本次低频公开检索中找到该期目录,
求实,2022,4,no_public_source_found,未在当前已整理数据或本次低频公开检索中找到该期目录,
求实,2022,5,no_public_source_found,未在当前已整理数据或本次低频公开检索中找到该期目录,
求实,2022,6,no_public_source_found,未在当前已整理数据或本次低频公开检索中找到该期目录,
求实,2022,7,no_public_source_found,未在当前已整理数据或本次低频公开检索中找到该期目录,
求实,2022,8,no_public_source_found,未在当前已整理数据或本次低频公开检索中找到该期目录,
求实,2022,9,no_public_source_found,未在当前已整理数据或本次低频公开检索中找到该期目录,
求实,2022,10,no_public_source_found,未在当前已整理数据或本次低频公开检索中找到该期目录,
求实,2022,11,no_public_source_found,未在当前已整理数据或本次低频公开检索中找到该期目录,
求实,2022,12,no_public_source_found,未在当前已整理数据或本次低频公开检索中找到该期目录,
求实,2023,1,no_public_source_found,未在当前已整理数据或本次低频公开检索中找到该期目录,
求实,2023,2,no_public_source_found,未在当前已整理数据或本次低频公开检索中找到该期目录,
求实,2023,3,no_public_source_found,未在当前已整理数据或本次低频公开检索中找到该期目录,
求实,2023,4,no_public_source_found,未在当前已整理数据或本次低频公开检索中找到该期目录,
求实,2023,5,no_public_source_found,未在当前已整理数据或本次低频公开检索中找到该期目录,
求实,2023,6,no_public_source_found,未在当前已整理数据或本次低频公开检索中找到该期目录,
求实,2023,7,no_public_source_found,未在当前已整理数据或本次低频公开检索中找到该期目录,
求实,2023,8,no_public_source_found,未在当前已整理数据或本次低频公开检索中找到该期目录,
求实,2023,9,no_public_source_found,未在当前已整理数据或本次低频公开检索中找到该期目录,
求实,2023,10,no_public_source_found,未在当前已整理数据或本次低频公开检索中找到该期目录,
求实,2023,11,no_public_source_found,未在当前已整理数据或本次低频公开检索中找到该期目录,
求实,2023,12,no_public_source_found,未在当前已整理数据或本次低频公开检索中找到该期目录,
求实,2024,1,no_public_source_found,未在当前已整理数据或本次低频公开检索中找到该期目录,
求实,2024,2,no_public_source_found,未在当前已整理数据或本次低频公开检索中找到该期目录,
求实,2024,3,no_public_source_found,未在当前已整理数据或本次低频公开检索中找到该期目录,
求实,2024,4,no_public_source_found,未在当前已整理数据或本次低频公开检索中找到该期目录,
求实,2024,5,no_public_source_found,未在当前已整理数据或本次低频公开检索中找到该期目录,
求实,2024,6,no_public_source_found,未在当前已整理数据或本次低频公开检索中找到该期目录,
求实,2024,7,no_public_source_found,未在当前已整理数据或本次低频公开检索中找到该期目录,
求实,2024,8,no_public_source_found,未在当前已整理数据或本次低频公开检索中找到该期目录,
求实,2024,9,no_public_source_found,未在当前已整理数据或本次低频公开检索中找到该期目录,
求实,2024,10,no_public_source_found,未在当前已整理数据或本次低频公开检索中找到该期目录,
求实,2024,11,no_public_source_found,未在当前已整理数据或本次低频公开检索中找到该期目录,
求实,2024,12,no_public_source_found,未在当前已整理数据或本次低频公开检索中找到该期目录,
求实,2025,1,no_public_source_found,未在当前已整理数据或本次低频公开检索中找到该期目录,
求实,2025,2,no_public_source_found,未在当前已整理数据或本次低频公开检索中找到该期目录,
求实,2025,3,no_public_source_found,未在当前已整理数据或本次低频公开检索中找到该期目录,
求实,2025,4,no_public_source_found,未在当前已整理数据或本次低频公开检索中找到该期目录,
求实,2025,5,no_public_source_found,未在当前已整理数据或本次低频公开检索中找到该期目录,
求实,2025,6,no_public_source_found,未在当前已整理数据或本次低频公开检索中找到该期目录,
求实,2025,7,no_public_source_found,未在当前已整理数据或本次低频公开检索中找到该期目录,
求实,2025,8,no_public_source_found,未在当前已整理数据或本次低频公开检索中找到该期目录,
求实,2025,9,no_public_source_found,未在当前已整理数据或本次低频公开检索中找到该期目录,
求实,2025,10,no_public_source_found,未在当前已整理数据或本次低频公开检索中找到该期目录,
求实,2025,11,no_public_source_found,未在当前已整理数据或本次低频公开检索中找到该期目录,
求实,2025,12,no_public_source_found,未在当前已整理数据或本次低频公开检索中找到该期目录,
求实,2026,2,issue_found_missing_abstract,已找到题名或目录记录，但暂无公开摘要,https://www.cqvip.com/doc/journal/7203244212
求实,2026,2,issue_found_missing_abstract,已找到题名或目录记录，但暂无公开摘要,https://www.cqvip.com/doc/journal/7203244220
求实,2026,2,issue_found_missing_abstract,已找到题名或目录记录，但暂无公开摘要,https://www.cqvip.com/doc/journal/7203244213
求实,2026,2,issue_found_missing_abstract,已找到题名或目录记录，但暂无公开摘要,https://www.cqvip.com/doc/journal/7203244214
求实,2026,2,issue_found_missing_abstract,已找到题名或目录记录，但暂无公开摘要,https://www.cqvip.com/doc/journal/7203244215
求实,2026,2,issue_found_missing_abstract,已找到题名或目录记录，但暂无公开摘要,https://www.cqvip.com/doc/journal/7203244216
求实,2026,2,issue_found_missing_abstract,已找到题名或目录记录，但暂无公开摘要,https://www.cqvip.com/doc/journal/7203244217
求实,2026,2,issue_found_missing_abstract,已找到题名或目录记录，但暂无公开摘要,https://www.cqvip.com/doc/journal/7203244218
求实,2026,2,issue_found_missing_abstract,已找到题名或目录记录，但暂无公开摘要,https://www.cqvip.com/doc/journal/7203244219
求实,2026,2,issue_found_missing_abstract,已找到题名或目录记录，但暂无公开摘要,https://www.cqvip.com/doc/journal/7203244221
求实,2026,2,found_title_missing_metadata,已找到题名，但作者、页码或链接字段仍不完整,https://www.cqvip.com/doc/journal/7203244221
探索,2022,1,no_public_source_found,未在当前已整理数据或本次低频公开检索中找到该期目录,
中国人民公安大学学报，社会科学版,1985,5,no_public_source_found,未在当前已整理数据或本次低频公开检索中找到该期目录,
中国人民公安大学学报，社会科学版,1985,6,no_public_source_found,未在当前已整理数据或本次低频公开检索中找到该期目录,
中国人民公安大学学报，社会科学版,1986,5,no_public_source_found,未在当前已整理数据或本次低频公开检索中找到该期目录,
中国人民公安大学学报，社会科学版,1986,6,no_public_source_found,未在当前已整理数据或本次低频公开检索中找到该期目录,
中国人民公安大学学报，社会科学版,1988,5,no_public_source_found,未在当前已整理数据或本次低频公开检索中找到该期目录,
中国人民公安大学学报，社会科学版,1992,4,no_public_source_found,未在当前已整理数据或本次低频公开检索中找到该期目录,
中国人民公安大学学报，社会科学版,1992,5,no_public_source_found,未在当前已整理数据或本次低频公开检索中找到该期目录,
中国人民公安大学学报，社会科学版,1992,6,no_public_source_found,未在当前已整理数据或本次低频公开检索中找到该期目录,
中国人民公安大学学报，社会科学版,1993,5,no_public_source_found,未在当前已整理数据或本次低频公开检索中找到该期目录,
中国人民公安大学学报，社会科学版,1993,6,no_public_source_found,未在当前已整理数据或本次低频公开检索中找到该期目录,
中国人民公安大学学报，社会科学版,1995,4,no_public_source_found,未在当前已整理数据或本次低频公开检索中找到该期目录,
中国人民公安大学学报，社会科学版,1996,4,no_public_source_found,未在当前已整理数据或本次低频公开检索中找到该期目录,
中国人民公安大学学报，社会科学版,1996,5,no_public_source_found,未在当前已整理数据或本次低频公开检索中找到该期目录,
中国人民公安大学学报，社会科学版,1998,2,no_public_source_found,未在当前已整理数据或本次低频公开检索中找到该期目录,
中国人民公安大学学报，社会科学版,2000,1,no_public_source_found,未在当前已整理数据或本次低频公开检索中找到该期目录,
中国人民公安大学学报，社会科学版,2000,2,no_public_source_found,未在当前已整理数据或本次低频公开检索中找到该期目录,
中国人民公安大学学报，社会科学版,2000,4,no_public_source_found,未在当前已整理数据或本次低频公开检索中找到该期目录,
中国人民公安大学学报，社会科学版,2000,5,no_public_source_found,未在当前已整理数据或本次低频公开检索中找到该期目录,
中国人民公安大学学报，社会科学版,2000,6,no_public_source_found,未在当前已整理数据或本次低频公开检索中找到该期目录,
中国人民公安大学学报，社会科学版,2001,1,no_public_source_found,未在当前已整理数据或本次低频公开检索中找到该期目录,
中国人民公安大学学报，社会科学版,2001,2,no_public_source_found,未在当前已整理数据或本次低频公开检索中找到该期目录,
中国人民公安大学学报，社会科学版,2001,3,no_public_source_found,未在当前已整理数据或本次低频公开检索中找到该期目录,
中国人民公安大学学报，社会科学版,2001,5,no_public_source_found,未在当前已整理数据或本次低频公开检索中找到该期目录,
中国人民公安大学学报，社会科学版,2001,6,no_public_source_found,未在当前已整理数据或本次低频公开检索中找到该期目录,
中国人民公安大学学报，社会科学版,2002,1,no_public_source_found,未在当前已整理数据或本次低频公开检索中找到该期目录,
中国人民公安大学学报，社会科学版,2002,2,no_public_source_found,未在当前已整理数据或本次低频公开检索中找到该期目录,
中国人民公安大学学报，社会科学版,2002,4,no_public_source_found,未在当前已整理数据或本次低频公开检索中找到该期目录,
中国人民公安大学学报，社会科学版,2002,5,no_public_source_found,未在当前已整理数据或本次低频公开检索中找到该期目录,
中国人民公安大学学报，社会科学版,2002,6,no_public_source_found,未在当前已整理数据或本次低频公开检索中找到该期目录,
中国人民公安大学学报，社会科学版,2006,2,no_public_source_found,未在当前已整理数据或本次低频公开检索中找到该期目录,
中国人民公安大学学报，社会科学版,2008,2,no_public_source_found,未在当前已整理数据或本次低频公开检索中找到该期目录,
中国人民公安大学学报，社会科学版,2008,3,no_public_source_found,未在当前已整理数据或本次低频公开检索中找到该期目录,
中国人民公安大学学报，社会科学版,2008,4,no_public_source_found,未在当前已整理数据或本次低频公开检索中找到该期目录,
中国人民公安大学学报，社会科学版,2010,1,no_public_source_found,未在当前已整理数据或本次低频公开检索中找到该期目录,
中国人民公安大学学报，社会科学版,2012,2,no_public_source_found,未在当前已整理数据或本次低频公开检索中找到该期目录,
中国人民公安大学学报，社会科学版,2012,6,no_public_source_found,未在当前已整理数据或本次低频公开检索中找到该期目录,
中国人民公安大学学报，社会科学版,2015,3,no_public_source_found,未在当前已整理数据或本次低频公开检索中找到该期目录,
中国人民公安大学学报，社会科学版,2015,6,no_public_source_found,未在当前已整理数据或本次低频公开检索中找到该期目录,
中国人民公安大学学报，社会科学版,2016,5,no_public_source_found,未在当前已整理数据或本次低频公开检索中找到该期目录,
中国人民公安大学学报，社会科学版,2017,3,no_public_source_found,未在当前已整理数据或本次低频公开检索中找到该期目录,
中国人民公安大学学报，社会科学版,2017,4,no_public_source_found,未在当前已整理数据或本次低频公开检索中找到该期目录,
中国人民公安大学学报，社会科学版,2017,5,no_public_source_found,未在当前已整理数据或本次低频公开检索中找到该期目录,
中国人民公安大学学报，社会科学版,2017,6,no_public_source_found,未在当前已整理数据或本次低频公开检索中找到该期目录,
中国人民公安大学学报，社会科学版,2018,3,no_public_source_found,未在当前已整理数据或本次低频公开检索中找到该期目录,
中国人民公安大学学报，社会科学版,2018,4,no_public_source_found,未在当前已整理数据或本次低频公开检索中找到该期目录,
中国人民公安大学学报，社会科学版,2018,5,no_public_source_found,未在当前已整理数据或本次低频公开检索中找到该期目录,
中国人民公安大学学报，社会科学版,2018,6,no_public_source_found,未在当前已整理数据或本次低频公开检索中找到该期目录,
中国人民公安大学学报，社会科学版,2019,1,no_public_source_found,未在当前已整理数据或本次低频公开检索中找到该期目录,
中国人民公安大学学报，社会科学版,2019,2,no_public_source_found,未在当前已整理数据或本次低频公开检索中找到该期目录,
中国人民公安大学学报，社会科学版,2019,3,no_public_source_found,未在当前已整理数据或本次低频公开检索中找到该期目录,
中国人民公安大学学报，社会科学版,2019,4,no_public_source_found,未在当前已整理数据或本次低频公开检索中找到该期目录,
中国人民公安大学学报，社会科学版,2019,5,no_public_source_found,未在当前已整理数据或本次低频公开检索中找到该期目录,
中国人民公安大学学报，社会科学版,2019,6,no_public_source_found,未在当前已整理数据或本次低频公开检索中找到该期目录,
中国人民公安大学学报，社会科学版,2020,1,no_public_source_found,未在当前已整理数据或本次低频公开检索中找到该期目录,
中国人民公安大学学报，社会科学版,2020,2,no_public_source_found,未在当前已整理数据或本次低频公开检索中找到该期目录,
中国人民公安大学学报，社会科学版,2020,4,no_public_source_found,未在当前已整理数据或本次低频公开检索中找到该期目录,
中国人民公安大学学报，社会科学版,2020,5,no_public_source_found,未在当前已整理数据或本次低频公开检索中找到该期目录,
中国人民公安大学学报，社会科学版,2020,6,no_public_source_found,未在当前已整理数据或本次低频公开检索中找到该期目录,
中国人民公安大学学报，社会科学版,2021,1,no_public_source_found,未在当前已整理数据或本次低频公开检索中找到该期目录,
中国人民公安大学学报，社会科学版,2021,2,no_public_source_found,未在当前已整理数据或本次低频公开检索中找到该期目录,
中国人民公安大学学报，社会科学版,2021,3,no_public_source_found,未在当前已整理数据或本次低频公开检索中找到该期目录,
中国人民公安大学学报，社会科学版,2021,4,no_public_source_found,未在当前已整理数据或本次低频公开检索中找到该期目录,
中国人民公安大学学报，社会科学版,2021,5,no_public_source_found,未在当前已整理数据或本次低频公开检索中找到该期目录,
中国人民公安大学学报，社会科学版,2021,6,no_public_source_found,未在当前已整理数据或本次低频公开检索中找到该期目录,
中国人民公安大学学报，社会科学版,2022,1,no_public_source_found,未在当前已整理数据或本次低频公开检索中找到该期目录,
中国人民公安大学学报，社会科学版,2022,2,no_public_source_found,未在当前已整理数据或本次低频公开检索中找到该期目录,
中国人民公安大学学报，社会科学版,2022,3,no_public_source_found,未在当前已整理数据或本次低频公开检索中找到该期目录,
中国人民公安大学学报，社会科学版,2022,4,no_public_source_found,未在当前已整理数据或本次低频公开检索中找到该期目录,
中国人民公安大学学报，社会科学版,2022,5,no_public_source_found,未在当前已整理数据或本次低频公开检索中找到该期目录,
中国人民公安大学学报，社会科学版,2022,6,no_public_source_found,未在当前已整理数据或本次低频公开检索中找到该期目录,
中国人民公安大学学报，社会科学版,2023,1,no_public_source_found,未在当前已整理数据或本次低频公开检索中找到该期目录,
中国人民公安大学学报，社会科学版,2023,2,no_public_source_found,未在当前已整理数据或本次低频公开检索中找到该期目录,
中国人民公安大学学报，社会科学版,2023,3,no_public_source_found,未在当前已整理数据或本次低频公开检索中找到该期目录,
中国人民公安大学学报，社会科学版,2023,4,no_public_source_found,未在当前已整理数据或本次低频公开检索中找到该期目录,
中国人民公安大学学报，社会科学版,2023,5,no_public_source_found,未在当前已整理数据或本次低频公开检索中找到该期目录,
中国人民公安大学学报，社会科学版,2023,6,no_public_source_found,未在当前已整理数据或本次低频公开检索中找到该期目录,
中国人民公安大学学报，社会科学版,2024,1,no_public_source_found,未在当前已整理数据或本次低频公开检索中找到该期目录,
中国人民公安大学学报，社会科学版,2024,2,no_public_source_found,未在当前已整理数据或本次低频公开检索中找到该期目录,
中国人民公安大学学报，社会科学版,2024,3,no_public_source_found,未在当前已整理数据或本次低频公开检索中找到该期目录,
中国人民公安大学学报，社会科学版,2024,4,no_public_source_found,未在当前已整理数据或本次低频公开检索中找到该期目录,
中国人民公安大学学报，社会科学版,2024,5,no_public_source_found,未在当前已整理数据或本次低频公开检索中找到该期目录,
中国人民公安大学学报，社会科学版,2024,6,no_public_source_found,未在当前已整理数据或本次低频公开检索中找到该期目录,
中国人民公安大学学报，社会科学版,2025,1,no_public_source_found,未在当前已整理数据或本次低频公开检索中找到该期目录,
中国人民公安大学学报，社会科学版,2025,2,no_public_source_found,未在当前已整理数据或本次低频公开检索中找到该期目录,
中国人民公安大学学报，社会科学版,2025,3,no_public_source_found,未在当前已整理数据或本次低频公开检索中找到该期目录,
中国人民公安大学学报，社会科学版,2025,4,no_public_source_found,未在当前已整理数据或本次低频公开检索中找到该期目录,
中国人民公安大学学报，社会科学版,2025,5,no_public_source_found,未在当前已整理数据或本次低频公开检索中找到该期目录,
中国人民公安大学学报，社会科学版,2025,6,no_public_source_found,未在当前已整理数据或本次低频公开检索中找到该期目录,
中国人民公安大学学报，社会科学版,2026,1,issue_found_missing_abstract,已找到题名或目录记录，但暂无公开摘要,https://www.cqvip.com/doc/journal/7202910887
中国人民公安大学学报，社会科学版,2026,1,issue_found_missing_abstract,已找到题名或目录记录，但暂无公开摘要,https://www.cqvip.com/doc/journal/7202910895
中国人民公安大学学报，社会科学版,2026,1,issue_found_missing_abstract,已找到题名或目录记录，但暂无公开摘要,https://www.cqvip.com/doc/journal/7202910896
中国人民公安大学学报，社会科学版,2026,1,issue_found_missing_abstract,已找到题名或目录记录，但暂无公开摘要,https://www.cqvip.com/doc/journal/7202910888
中国人民公安大学学报，社会科学版,2026,1,issue_found_missing_abstract,已找到题名或目录记录，但暂无公开摘要,https://www.cqvip.com/doc/journal/7202910897
中国人民公安大学学报，社会科学版,2026,1,issue_found_missing_abstract,已找到题名或目录记录，但暂无公开摘要,https://www.cqvip.com/doc/journal/7202910898
中国人民公安大学学报，社会科学版,2026,1,issue_found_missing_abstract,已找到题名或目录记录，但暂无公开摘要,https://www.cqvip.com/doc/journal/7202910899
中国人民公安大学学报，社会科学版,2026,1,issue_found_missing_abstract,已找到题名或目录记录，但暂无公开摘要,https://www.cqvip.com/doc/journal/7202910889
中国人民公安大学学报，社会科学版,2026,1,issue_found_missing_abstract,已找到题名或目录记录，但暂无公开摘要,https://www.cqvip.com/doc/journal/7202910890
中国人民公安大学学报，社会科学版,2026,1,issue_found_missing_abstract,已找到题名或目录记录，但暂无公开摘要,https://www.cqvip.com/doc/journal/7202910891
中国人民公安大学学报，社会科学版,2026,1,issue_found_missing_abstract,已找到题名或目录记录，但暂无公开摘要,https://www.cqvip.com/doc/journal/7202910892
中国人民公安大学学报，社会科学版,2026,1,issue_found_missing_abstract,已找到题名或目录记录，但暂无公开摘要,https://www.cqvip.com/doc/journal/7202910893
中国人民公安大学学报，社会科学版,2026,1,issue_found_missing_abstract,已找到题名或目录记录，但暂无公开摘要,https://www.cqvip.com/doc/journal/7202910894
中国人民公安大学学报，社会科学版,2026,1,issue_found_missing_abstract,已找到题名或目录记录，但暂无公开摘要,https://www.cqvip.com/doc/journal/7202910886
中国人民公安大学学报，社会科学版,2026,1,found_title_missing_metadata,已找到题名，但作者、页码或链接字段仍不完整,https://www.cqvip.com/doc/journal/7202910886
